ISO-10303-21;
HEADER;
FILE_DESCRIPTION (( 'STEP AP203' ),
    '1' );
FILE_NAME ('Bottom_Plate.STEP',
    '2026-05-02T13:07:02',
    ( '' ),
    ( '' ),
    'SwSTEP 2.0',
    'SolidWorks 2025',
    '' );
FILE_SCHEMA (( 'CONFIG_CONTROL_DESIGN' ));
ENDSEC;

DATA;
#1 = ORIENTED_EDGE ( 'NONE', *, *, #888, .T. ) ;
#2 = VECTOR ( 'NONE', #423, 1000.000000000000000 ) ;
#3 = VECTOR ( 'NONE', #86, 1000.000000000000000 ) ;
#4 = DIRECTION ( 'NONE',  ( 0.000000000000000000, 1.000000000000000000, 0.000000000000000000 ) ) ;
#6 = ORIENTED_EDGE ( 'NONE', *, *, #2235, .T. ) ;
#5 = DIRECTION ( 'NONE',  ( -1.000000000000000000, 0.000000000000000000, 0.000000000000000000 ) ) ;
#7 = AXIS2_PLACEMENT_3D ( 'NONE', #26, #1160, #2376 ) ;
#8 = EDGE_CURVE ( 'NONE', #3298, #242, #1737, .T. ) ;
#9 = CARTESIAN_POINT ( 'NONE',  ( -15.24999999999999645, -15.25000000000000000, 0.000000000000000000 ) ) ;
#10 = CARTESIAN_POINT ( 'NONE',  ( -37.47665940288732855, 26.16295090390314471, 3.000000000000000000 ) ) ;
#11 = APPROVAL_PERSON_ORGANIZATION ( #1332, #149, #744 ) ;
#13 = VERTEX_POINT ( 'NONE', #202 ) ;
#12 = DIRECTION ( 'NONE',  ( -0.000000000000000000, -0.000000000000000000, -1.000000000000000000 ) ) ;
#14 = CARTESIAN_POINT ( 'NONE',  ( 38.55508652763381860, -51.61879502661854247, 3.000000000000000000 ) ) ;
#15 = VERTEX_POINT ( 'NONE', #2932 ) ;
#16 = ORIENTED_EDGE ( 'NONE', *, *, #1988, .T. ) ;
#17 = DIRECTION ( 'NONE',  ( 0.000000000000000000, 0.000000000000000000, 1.000000000000000000 ) ) ;
#18 = VECTOR ( 'NONE', #2272, 1000.000000000000000 ) ;
#19 = ADVANCED_FACE ( 'NONE', ( #1406 ), #2601, .T. ) ;
#20 = ORIENTED_EDGE ( 'NONE', *, *, #595, .T. ) ;
#21 = AXIS2_PLACEMENT_3D ( 'NONE', #2378, #2642, #1758 ) ;
#22 = AXIS2_PLACEMENT_3D ( 'NONE', #826, #184, #249 ) ;
#23 = CARTESIAN_POINT ( 'NONE',  ( 19.19238815544207810, 34.74873734153007376, 9.000000000000001776 ) ) ;
#25 = ORIENTED_EDGE ( 'NONE', *, *, #3496, .T. ) ;
#24 = CARTESIAN_POINT ( 'NONE',  ( 51.61879502661850694, 40.30508652763388966, 3.000000000000000000 ) ) ;
#26 = CARTESIAN_POINT ( 'NONE',  ( 40.00178566874065922, -40.00178566873292851, -8.000000000000000000 ) ) ;
#27 = CIRCLE ( 'NONE', #145, 4.749999999999997335 ) ;
#28 = DIRECTION ( 'NONE',  ( 1.000000000000000000, 0.000000000000000000, 0.000000000000000000 ) ) ;
#30 = VERTEX_POINT ( 'NONE', #266 ) ;
#29 = CARTESIAN_POINT ( 'NONE',  ( -37.47665940288732855, 26.16295090390314471, 9.000000000000003553 ) ) ;
#31 = ADVANCED_FACE ( 'NONE', ( #1385 ), #2578, .F. ) ;
#32 = VECTOR ( 'NONE', #2957, 1000.000000000000000 ) ;
#33 = VECTOR ( 'NONE', #321, 1000.000000000000000 ) ;
#34 = CARTESIAN_POINT ( 'NONE',  ( 35.72665940288764119, -26.16295090390296352, 9.000000000000003553 ) ) ;
#35 = ORIENTED_EDGE ( 'NONE', *, *, #2224, .F. ) ;
#36 = ORIENTED_EDGE ( 'NONE', *, *, #2811, .F. ) ;
#37 = CYLINDRICAL_SURFACE ( 'NONE', #2057, 1.749999999999999778 ) ;
#38 = VECTOR ( 'NONE', #1035, 1000.000000000000000 ) ;
#39 = ORIENTED_EDGE ( 'NONE', *, *, #1720, .T. ) ;
#40 = EDGE_CURVE ( 'NONE', #1172, #610, #1313, .T. ) ;
#41 = VECTOR ( 'NONE', #1631, 1000.000000000000000 ) ;
#42 = LINE ( 'NONE', #3332, #2765 ) ;
#44 = VERTEX_POINT ( 'NONE', #2836 ) ;
#43 = CARTESIAN_POINT ( 'NONE',  ( -51.61879502661800956, 40.30508652763449362, 0.000000000000000000 ) ) ;
#45 = VECTOR ( 'NONE', #1482, 1000.000000000000000 ) ;
#46 = EDGE_CURVE ( 'NONE', #3160, #1445, #1608, .T. ) ;
#47 = DIRECTION ( 'NONE',  ( -0.000000000000000000, 0.000000000000000000, 1.000000000000000000 ) ) ;
#48 = CARTESIAN_POINT ( 'NONE',  ( 34.74873734152950533, 19.19238815542602694, 9.000000000000001776 ) ) ;
#50 = EDGE_LOOP ( 'NONE', ( #1479, #3483, #2596, #2053, #3703 ) ) ;
#49 = CARTESIAN_POINT ( 'NONE',  ( 15.25000000000000355, -15.25000000000000000, 0.000000000000000000 ) ) ;
#51 = CARTESIAN_POINT ( 'NONE',  ( -42.05508652763334254, -51.61879502661891905, 3.000000000000000000 ) ) ;
#53 = EDGE_LOOP ( 'NONE', ( #1086, #2562, #2177, #2133 ) ) ;
#52 = FACE_OUTER_BOUND ( 'NONE', #3270, .T. ) ;
#54 = VERTEX_POINT ( 'NONE', #421 ) ;
#55 = ADVANCED_FACE ( 'NONE', ( #3686 ), #3721, .T. ) ;
#56 = DIRECTION ( 'NONE',  ( -4.550094363217855288E-16, -1.000000000000000000, 0.000000000000000000 ) ) ;
#57 = ORIENTED_EDGE ( 'NONE', *, *, #99, .T. ) ;
#58 = CARTESIAN_POINT ( 'NONE',  ( -30.82737490361524024, 23.11375059334445226, 9.000000000000001776 ) ) ;
#59 = CIRCLE ( 'NONE', #2227, 1.750000000000001554 ) ;
#61 = EDGE_LOOP ( 'NONE', ( #1357, #3460, #325, #1891 ) ) ;
#60 = FACE_OUTER_BOUND ( 'NONE', #50, .T. ) ;
#62 = DIRECTION ( 'NONE',  ( 1.000000000000000000, 0.000000000000000000, 0.000000000000000000 ) ) ;
#63 = DIRECTION ( 'NONE',  ( 1.000000000000000000, 0.000000000000000000, 0.000000000000000000 ) ) ;
#65 = ORIENTED_EDGE ( 'NONE', *, *, #3550, .T. ) ;
#64 = FACE_OUTER_BOUND ( 'NONE', #2348, .T. ) ;
#66 = ADVANCED_FACE ( 'NONE', ( #3166 ), #1931, .F. ) ;
#68 = CARTESIAN_POINT ( 'NONE',  ( 28.66295090390276812, 9.999999999999996447, 3.000000000000000000 ) ) ;
#67 = CIRCLE ( 'NONE', #1125, 1.750000000000001554 ) ;
#70 = ORIENTED_EDGE ( 'NONE', *, *, #2478, .F. ) ;
#69 = LINE ( 'NONE', #2440, #95 ) ;
#71 = ORIENTED_EDGE ( 'NONE', *, *, #3418, .F. ) ;
#72 = CC_DESIGN_SECURITY_CLASSIFICATION ( #3428, ( #3494 ) ) ;
#73 = CARTESIAN_POINT ( 'NONE',  ( -31.81980515339495597, 0.000000000000000000, 0.000000000000000000 ) ) ;
#74 = DIRECTION ( 'NONE',  ( 1.000000000000000000, 0.000000000000000000, 0.000000000000000000 ) ) ;
#75 = ORIENTED_EDGE ( 'NONE', *, *, #2699, .T. ) ;
#76 = ADVANCED_FACE ( 'NONE', ( #1355 ), #3102, .F. ) ;
#78 = ORIENTED_EDGE ( 'NONE', *, *, #776, .F. ) ;
#77 = CARTESIAN_POINT ( 'NONE',  ( -53.03300858899167736, -53.03300858899164894, 0.000000000000000000 ) ) ;
#80 = EDGE_LOOP ( 'NONE', ( #1474, #1333, #2374, #2745 ) ) ;
#79 = DIRECTION ( 'NONE',  ( 0.000000000000000000, -0.000000000000000000, -1.000000000000000000 ) ) ;
#81 = CARTESIAN_POINT ( 'NONE',  ( -28.66295090390276101, -10.00000000000000000, 3.000000000000000000 ) ) ;
#82 = CARTESIAN_POINT ( 'NONE',  ( 40.00178566874065922, -40.00178566873292851, 0.000000000000000000 ) ) ;
#84 = ORIENTED_EDGE ( 'NONE', *, *, #1039, .T. ) ;
#83 = CARTESIAN_POINT ( 'NONE',  ( 0.000000000000000000, 0.000000000000000000, 9.000000000000001776 ) ) ;
#85 = AXIS2_PLACEMENT_3D ( 'NONE', #1793, #289, #2660 ) ;
#86 = DIRECTION ( 'NONE',  ( 0.7071067811861698749, -0.7071067811869252706, -0.000000000000000000 ) ) ;
#87 = EDGE_CURVE ( 'NONE', #708, #510, #1822, .T. ) ;
#89 = ORIENTED_EDGE ( 'NONE', *, *, #121, .T. ) ;
#88 = DIRECTION ( 'NONE',  ( -0.7071067811865469066, 0.7071067811865482389, 0.000000000000000000 ) ) ;
#90 = ORIENTED_EDGE ( 'NONE', *, *, #2654, .T. ) ;
#91 = AXIS2_PLACEMENT_3D ( 'NONE', #3735, #3224, #521 ) ;
#92 = LINE ( 'NONE', #3419, #3336 ) ;
#93 = AXIS2_PLACEMENT_3D ( 'NONE', #3033, #2469, #407 ) ;
#94 = ORIENTED_EDGE ( 'NONE', *, *, #913, .F. ) ;
#95 = VECTOR ( 'NONE', #1714, 1000.000000000000000 ) ;
#96 = DIRECTION ( 'NONE',  ( -0.000000000000000000, -0.000000000000000000, -1.000000000000000000 ) ) ;
#98 = VERTEX_POINT ( 'NONE', #748 ) ;
#97 = CARTESIAN_POINT ( 'NONE',  ( 53.36879502661851404, 40.30508652763388966, 0.000000000000000000 ) ) ;
#99 = EDGE_CURVE ( 'NONE', #2482, #887, #3446, .T. ) ;
#100 = CARTESIAN_POINT ( 'NONE',  ( -7.778174593051843999, -7.778174593051699226, 0.000000000000000000 ) ) ;
#101 = FACE_OUTER_BOUND ( 'NONE', #3378, .T. ) ;
#102 = CIRCLE ( 'NONE', #3339, 1.750000000000001554 ) ;
#104 = VERTEX_POINT ( 'NONE', #2858 ) ;
#103 = DIRECTION ( 'NONE',  ( 1.000000000000000000, 0.000000000000000000, -0.000000000000000000 ) ) ;
#105 = CARTESIAN_POINT ( 'NONE',  ( -28.66295090390276101, 10.00000000000000000, 0.000000000000000000 ) ) ;
#107 = ORIENTED_EDGE ( 'NONE', *, *, #1766, .T. ) ;
#106 = CARTESIAN_POINT ( 'NONE',  ( 61.17619643385628336, -68.88982074412702161, 9.000000000000001776 ) ) ;
#108 = CARTESIAN_POINT ( 'NONE',  ( -39.22665940288732855, -26.16295090390314471, 0.000000000000000000 ) ) ;
#109 = CARTESIAN_POINT ( 'NONE',  ( 47.50178566874065922, 40.00178566873292851, -8.000000000000000000 ) ) ;
#110 = CC_DESIGN_PERSON_AND_ORGANIZATION_ASSIGNMENT ( #985, #144, ( #2241 ) ) ;
#111 = ORIENTED_EDGE ( 'NONE', *, *, #2445, .T. ) ;
#112 = EDGE_CURVE ( 'NONE', #471, #2021, #129, .T. ) ;
#113 = ADVANCED_FACE ( 'NONE', ( #2798, #716, #2568 ), #1626, .F. ) ;
#114 = LINE ( 'NONE', #77, #1462 ) ;
#116 = ORIENTED_EDGE ( 'NONE', *, *, #3295, .F. ) ;
#115 = FACE_OUTER_BOUND ( 'NONE', #2501, .T. ) ;
#117 = ADVANCED_FACE ( 'NONE', ( #190 ), #2229, .F. ) ;
#118 = FACE_OUTER_BOUND ( 'NONE', #930, .T. ) ;
#120 = ORIENTED_EDGE ( 'NONE', *, *, #3700, .F. ) ;
#119 = CARTESIAN_POINT ( 'NONE',  ( -53.03300858899167736, -53.03300858899164894, 3.000000000000000000 ) ) ;
#121 = EDGE_CURVE ( 'NONE', #766, #1790, #3376, .T. ) ;
#122 = LINE ( 'NONE', #429, #1610 ) ;
#124 = ORIENTED_EDGE ( 'NONE', *, *, #2260, .T. ) ;
#123 = CARTESIAN_POINT ( 'NONE',  ( 0.000000000000000000, -10.00000000000000355, 0.000000000000000000 ) ) ;
#125 = AXIS2_PLACEMENT_3D ( 'NONE', #3833, #3300, #1177 ) ;
#126 = CARTESIAN_POINT ( 'NONE',  ( 42.05508652763382571, -51.61879502661854247, 3.000000000000000000 ) ) ;
#127 = AXIS2_PLACEMENT_3D ( 'NONE', #1820, #295, #56 ) ;
#128 = ORIENTED_EDGE ( 'NONE', *, *, #166, .T. ) ;
#129 = LINE ( 'NONE', #1956, #2502 ) ;
#130 = EDGE_CURVE ( 'NONE', #887, #3434, #2508, .T. ) ;
#131 = LINE ( 'NONE', #509, #903 ) ;
#133 = ORIENTED_EDGE ( 'NONE', *, *, #1481, .T. ) ;
#132 = DIRECTION ( 'NONE',  ( -0.000000000000000000, -0.000000000000000000, -1.000000000000000000 ) ) ;
#134 = LINE ( 'NONE', #1322, #2402 ) ;
#136 = ORIENTED_EDGE ( 'NONE', *, *, #3335, .F. ) ;
#135 = DIRECTION ( 'NONE',  ( -1.000000000000000000, 0.000000000000000000, 0.000000000000000000 ) ) ;
#137 = CARTESIAN_POINT ( 'NONE',  ( -35.25178566874065922, -40.00178566873292851, -8.000000000000000000 ) ) ;
#138 = AXIS2_PLACEMENT_3D ( 'NONE', #49, #1506, #2985 ) ;
#139 = EDGE_CURVE ( 'NONE', #3199, #2927, #1391, .T. ) ;
#141 = ORIENTED_EDGE ( 'NONE', *, *, #251, .F. ) ;
#140 = CARTESIAN_POINT ( 'NONE',  ( 56.88982074412709977, -49.17619643385633310, 9.000000000000001776 ) ) ;
#142 = CARTESIAN_POINT ( 'NONE',  ( -12.12132034357652977, 31.81980515339552440, 0.000000000000000000 ) ) ;
#143 = EDGE_CURVE ( 'NONE', #1821, #739, #2181, .T. ) ;
#144 = PERSON_AND_ORGANIZATION_ROLE ( 'design_owner' ) ;
#145 = AXIS2_PLACEMENT_3D ( 'NONE', #3256, #861, #3276 ) ;
#146 = VERTEX_POINT ( 'NONE', #216 ) ;
#147 = CIRCLE ( 'NONE', #3451, 9.999999999999994671 ) ;
#148 = DIRECTION ( 'NONE',  ( -0.000000000000000000, -0.000000000000000000, -1.000000000000000000 ) ) ;
#149 = APPROVAL ( #2526, 'UNSPECIFIED' ) ;
#150 = CYLINDRICAL_SURFACE ( 'NONE', #3388, 7.500000000000000000 ) ;
#152 = ORIENTED_EDGE ( 'NONE', *, *, #308, .T. ) ;
#151 = CARTESIAN_POINT ( 'NONE',  ( -49.17619643385630468, 56.88982074412702872, 9.000000000000001776 ) ) ;
#153 = CIRCLE ( 'NONE', #655, 1.750000000000008438 ) ;
#154 = CARTESIAN_POINT ( 'NONE',  ( 0.000000000000000000, 0.000000000000000000, 9.000000000000001776 ) ) ;
#156 = EDGE_LOOP ( 'NONE', ( #404, #487, #387, #2013 ) ) ;
#155 = CARTESIAN_POINT ( 'NONE',  ( -15.24999999999999645, -15.25000000000000000, 3.000000000000000000 ) ) ;
#157 = ORIENTED_EDGE ( 'NONE', *, *, #3662, .T. ) ;
#158 = EDGE_CURVE ( 'NONE', #2017, #188, #2487, .T. ) ;
#159 = ADVANCED_FACE ( 'NONE', ( #2211 ), #731, .F. ) ;
#160 = LINE ( 'NONE', #1365, #623 ) ;
#161 = AXIS2_PLACEMENT_3D ( 'NONE', #82, #426, #393 ) ;
#162 = FACE_OUTER_BOUND ( 'NONE', #3420, .T. ) ;
#164 = ORIENTED_EDGE ( 'NONE', *, *, #166, .F. ) ;
#163 = CARTESIAN_POINT ( 'NONE',  ( 53.36879502661851404, -40.30508652763388966, 3.000000000000000000 ) ) ;
#165 = AXIS2_PLACEMENT_3D ( 'NONE', #2392, #899, #590 ) ;
#166 = EDGE_CURVE ( 'NONE', #98, #409, #1508, .T. ) ;
#167 = CARTESIAN_POINT ( 'NONE',  ( 26.16295090390276101, -37.47665940288759856, 3.000000000000000000 ) ) ;
#168 = CARTESIAN_POINT ( 'NONE',  ( -53.03300858899168446, 53.03300858899164183, 11.50000000000000000 ) ) ;
#169 = EDGE_LOOP ( 'NONE', ( #84, #752 ) ) ;
#170 = EDGE_CURVE ( 'NONE', #2840, #1612, #257, .T. ) ;
#172 = CARTESIAN_POINT ( 'NONE',  ( 26.16295090390276101, 37.47665940288759856, 3.000000000000000000 ) ) ;
#171 = DIRECTION ( 'NONE',  ( 0.000000000000000000, 0.000000000000000000, -1.000000000000000000 ) ) ;
#174 = ORIENTED_EDGE ( 'NONE', *, *, #1446, .T. ) ;
#173 = CARTESIAN_POINT ( 'NONE',  ( -40.00178566874065922, -40.00178566873292851, -8.000000000000000000 ) ) ;
#176 = ORIENTED_EDGE ( 'NONE', *, *, #2519, .T. ) ;
#175 = CARTESIAN_POINT ( 'NONE',  ( 26.16295090390276101, -37.47665940288759856, 0.000000000000000000 ) ) ;
#177 = CARTESIAN_POINT ( 'NONE',  ( -44.75178566874065211, -40.00178566873292851, -8.000000000000000000 ) ) ;
#179 = EDGE_LOOP ( 'NONE', ( #2867, #3682, #602, #3433 ) ) ;
#178 = DIRECTION ( 'NONE',  ( -0.000000000000000000, -0.000000000000000000, -1.000000000000000000 ) ) ;
#180 = ORIENTED_EDGE ( 'NONE', *, *, #931, .F. ) ;
#181 = FACE_BOUND ( 'NONE', #1305, .T. ) ;
#182 = CYLINDRICAL_SURFACE ( 'NONE', #2877, 4.749999999999997335 ) ;
#183 = EDGE_CURVE ( 'NONE', #2087, #2573, #1875, .T. ) ;
#185 = EDGE_LOOP ( 'NONE', ( #1206, #2956, #1048, #389 ) ) ;
#184 = DIRECTION ( 'NONE',  ( -1.000000000000000000, 0.000000000000000000, 0.000000000000000000 ) ) ;
#186 = DIRECTION ( 'NONE',  ( 0.000000000000000000, 0.000000000000000000, 1.000000000000000000 ) ) ;
#187 = SECURITY_CLASSIFICATION_LEVEL ( 'unclassified' ) ;
#188 = VERTEX_POINT ( 'NONE', #2905 ) ;
#190 = FACE_OUTER_BOUND ( 'NONE', #2119, .T. ) ;
#189 = CARTESIAN_POINT ( 'NONE',  ( -60.81118318204338635, -45.25483399593993283, 3.000000000000000000 ) ) ;
#191 = CIRCLE ( 'NONE', #3667, 1.750000000000008438 ) ;
#192 = ADVANCED_FACE ( 'NONE', ( #3784 ), #586, .F. ) ;
#194 = ORIENTED_EDGE ( 'NONE', *, *, #1135, .F. ) ;
#193 = DIRECTION ( 'NONE',  ( 0.000000000000000000, 0.000000000000000000, 1.000000000000000000 ) ) ;
#196 = ORIENTED_EDGE ( 'NONE', *, *, #685, .T. ) ;
#195 = CARTESIAN_POINT ( 'NONE',  ( -40.30508652763334254, 51.61879502661891905, 0.000000000000000000 ) ) ;
#197 = CIRCLE ( 'NONE', #996, 1.750000000000001554 ) ;
#198 = AXIS2_PLACEMENT_3D ( 'NONE', #3753, #1093, #2602 ) ;
#199 = CARTESIAN_POINT ( 'NONE',  ( 47.50178566874065922, 40.00178566873292851, -8.000000000000000000 ) ) ;
#201 = ORIENTED_EDGE ( 'NONE', *, *, #3509, .F. ) ;
#200 = CARTESIAN_POINT ( 'NONE',  ( 35.72665940288764119, 26.16295090390296352, 9.000000000000003553 ) ) ;
#202 = CARTESIAN_POINT ( 'NONE',  ( -35.25178566874065922, -40.00178566873292851, 0.000000000000000000 ) ) ;
#203 = FACE_BOUND ( 'NONE', #2167, .T. ) ;
#204 = VECTOR ( 'NONE', #3203, 1000.000000000000000 ) ;
#205 = DIRECTION ( 'NONE',  ( 0.000000000000000000, 0.000000000000000000, 1.000000000000000000 ) ) ;
#207 = ORIENTED_EDGE ( 'NONE', *, *, #1819, .F. ) ;
#206 = CARTESIAN_POINT ( 'NONE',  ( 65.03300858899166315, -65.03300858899164894, 11.50000000000000000 ) ) ;
#208 = AXIS2_PLACEMENT_3D ( 'NONE', #2312, #3505, #1477 ) ;
#209 = CIRCLE ( 'NONE', #85, 7.500000000000000000 ) ;
#210 = EDGE_CURVE ( 'NONE', #1701, #449, #2813, .T. ) ;
#211 = CARTESIAN_POINT ( 'NONE',  ( 53.03300858899109471, 53.03300858899225290, 3.000000000000000000 ) ) ;
#212 = VECTOR ( 'NONE', #376, 1000.000000000000000 ) ;
#213 = ORIENTED_EDGE ( 'NONE', *, *, #1014, .F. ) ;
#214 = EDGE_CURVE ( 'NONE', #1273, #2253, #278, .T. ) ;
#216 = CARTESIAN_POINT ( 'NONE',  ( -38.55508652763334254, 51.61879502661891905, 9.000000000000003553 ) ) ;
#215 = LINE ( 'NONE', #856, #2426 ) ;
#218 = ORIENTED_EDGE ( 'NONE', *, *, #3286, .T. ) ;
#217 = CARTESIAN_POINT ( 'NONE',  ( 40.30508652763382571, -51.61879502661854247, 0.000000000000000000 ) ) ;
#220 = ORIENTED_EDGE ( 'NONE', *, *, #1583, .F. ) ;
#219 = DIRECTION ( 'NONE',  ( -0.000000000000000000, -0.000000000000000000, -1.000000000000000000 ) ) ;
#221 = AXIS2_PLACEMENT_3D ( 'NONE', #662, #1226, #3600 ) ;
#222 = EDGE_CURVE ( 'NONE', #3648, #1493, #1142, .T. ) ;
#223 = CARTESIAN_POINT ( 'NONE',  ( 5.646762578720663782E-13, 31.81980515339531124, 3.000000000000000000 ) ) ;
#225 = ORIENTED_EDGE ( 'NONE', *, *, #2925, .T. ) ;
#224 = DIRECTION ( 'NONE',  ( 1.000000000000000000, 0.000000000000000000, 0.000000000000000000 ) ) ;
#226 = DIRECTION ( 'NONE',  ( 0.7071067811865406894, 0.7071067811865544561, 0.000000000000000000 ) ) ;
#227 = VECTOR ( 'NONE', #1586, 1000.000000000000000 ) ;
#228 = EDGE_CURVE ( 'NONE', #689, #1705, #557, .T. ) ;
#229 = DIRECTION ( 'NONE',  ( 1.000000000000000000, 0.000000000000000000, 0.000000000000000000 ) ) ;
#230 = DIRECTION ( 'NONE',  ( -0.7071067811865479058, -0.7071067811865472397, 0.000000000000000000 ) ) ;
#231 = AXIS2_PLACEMENT_3D ( 'NONE', #3402, #984, #1331 ) ;
#233 = ORIENTED_EDGE ( 'NONE', *, *, #1296, .T. ) ;
#232 = CYLINDRICAL_SURFACE ( 'NONE', #3628, 1.750000000000001554 ) ;
#234 = PLANE ( 'NONE',  #1230 ) ;
#235 = CALENDAR_DATE ( 2026, 2, 5 ) ;
#236 = ORIENTED_EDGE ( 'NONE', *, *, #397, .F. ) ;
#237 = AXIS2_PLACEMENT_3D ( 'NONE', #1289, #720, #2785 ) ;
#239 = CARTESIAN_POINT ( 'NONE',  ( 35.72665940288764119, -26.16295090390296352, 3.000000000000000000 ) ) ;
#238 = DIRECTION ( 'NONE',  ( -1.000000000000000000, 0.000000000000000000, 0.000000000000000000 ) ) ;
#240 = CARTESIAN_POINT ( 'NONE',  ( -12.12132034357656885, -41.81980515339552795, 3.000000000000000000 ) ) ;
#241 = EDGE_CURVE ( 'NONE', #2644, #1247, #1447, .T. ) ;
#242 = VERTEX_POINT ( 'NONE', #895 ) ;
#243 = DIRECTION ( 'NONE',  ( 1.000000000000000000, 0.000000000000000000, 0.000000000000000000 ) ) ;
#245 = EDGE_LOOP ( 'NONE', ( #2588, #2733, #164, #971 ) ) ;
#244 = PLANE ( 'NONE',  #2483 ) ;
#246 = VERTEX_POINT ( 'NONE', #2000 ) ;
#247 = FACE_BOUND ( 'NONE', #1228, .T. ) ;
#248 = DIRECTION ( 'NONE',  ( -0.000000000000000000, -0.000000000000000000, -1.000000000000000000 ) ) ;
#250 = ORIENTED_EDGE ( 'NONE', *, *, #3706, .T. ) ;
#249 = DIRECTION ( 'NONE',  ( 0.000000000000000000, 0.000000000000000000, 1.000000000000000000 ) ) ;
#251 = EDGE_CURVE ( 'NONE', #1057, #3154, #2019, .T. ) ;
#252 = DIRECTION ( 'NONE',  ( 1.000000000000000000, 0.000000000000000000, 0.000000000000000000 ) ) ;
#253 = AXIS2_PLACEMENT_3D ( 'NONE', #1717, #1963, #2890 ) ;
#254 = VECTOR ( 'NONE', #413, 1000.000000000000000 ) ;
#255 = ORIENTED_EDGE ( 'NONE', *, *, #3693, .T. ) ;
#257 = LINE ( 'NONE', #239, #3117 ) ;
#256 = LINE ( 'NONE', #1976, #2304 ) ;
#258 = CARTESIAN_POINT ( 'NONE',  ( 51.61879502661850694, -40.30508652763388966, 0.000000000000000000 ) ) ;
#259 = ORIENTED_EDGE ( 'NONE', *, *, #799, .T. ) ;
#260 = AXIS2_PLACEMENT_3D ( 'NONE', #3806, #2332, #238 ) ;
#261 = ADVANCED_FACE ( 'NONE', ( #2944, #1713 ), #857, .F. ) ;
#262 = PLANE ( 'NONE',  #666 ) ;
#264 = EDGE_LOOP ( 'NONE', ( #1816, #3225 ) ) ;
#263 = FACE_OUTER_BOUND ( 'NONE', #2605, .T. ) ;
#266 = CARTESIAN_POINT ( 'NONE',  ( 13.00000000000000711, 3.326764314868366781E-15, 0.000000000000000000 ) ) ;
#265 = VECTOR ( 'NONE', #17, 1000.000000000000000 ) ;
#267 = PLANE ( 'NONE',  #514 ) ;
#268 = CARTESIAN_POINT ( 'NONE',  ( 0.000000000000000000, 9.999999999999996447, 3.000000000000000000 ) ) ;
#270 = ORIENTED_EDGE ( 'NONE', *, *, #1994, .F. ) ;
#269 = CARTESIAN_POINT ( 'NONE',  ( -40.00178566874065922, 40.00178566873292851, 0.000000000000000000 ) ) ;
#271 = EDGE_CURVE ( 'NONE', #2769, #2734, #3739, .T. ) ;
#272 = CARTESIAN_POINT ( 'NONE',  ( 26.16295090390276101, -37.47665940288759856, 0.000000000000000000 ) ) ;
#273 = AXIS2_PLACEMENT_3D ( 'NONE', #1768, #1416, #3807 ) ;
#274 = ADVANCED_BREP_SHAPE_REPRESENTATION ( 'Bottom_Plate', ( #1392, #2991 ), #1619 ) ;
#275 = ORIENTED_EDGE ( 'NONE', *, *, #3829, .T. ) ;
#276 = ADVANCED_FACE ( 'NONE', ( #569 ), #2076, .F. ) ;
#278 = LINE ( 'NONE', #2292, #3253 ) ;
#277 = CARTESIAN_POINT ( 'NONE',  ( 28.66295090390276812, -10.00000000000000355, 3.000000000000000000 ) ) ;
#279 = FACE_OUTER_BOUND ( 'NONE', #607, .T. ) ;
#280 = ORIENTED_EDGE ( 'NONE', *, *, #3155, .F. ) ;
#281 = DIRECTION ( 'NONE',  ( -1.000000000000000000, 0.000000000000000000, 0.000000000000000000 ) ) ;
#282 = VECTOR ( 'NONE', #3714, 1000.000000000000000 ) ;
#284 = ORIENTED_EDGE ( 'NONE', *, *, #967, .F. ) ;
#283 = CARTESIAN_POINT ( 'NONE',  ( -37.47665940288732855, -26.16295090390314471, 0.000000000000000000 ) ) ;
#285 = VECTOR ( 'NONE', #1210, 1000.000000000000000 ) ;
#286 = CIRCLE ( 'NONE', #3128, 13.00000000000000178 ) ;
#287 = AXIS2_PLACEMENT_3D ( 'NONE', #3015, #1537, #367 ) ;
#288 = DIRECTION ( 'NONE',  ( -1.000000000000000000, 1.774606271628325875E-14, 0.000000000000000000 ) ) ;
#289 = DIRECTION ( 'NONE',  ( 0.000000000000000000, 0.000000000000000000, 1.000000000000000000 ) ) ;
#291 = ORIENTED_EDGE ( 'NONE', *, *, #1583, .T. ) ;
#290 = DIRECTION ( 'NONE',  ( 0.000000000000000000, -0.000000000000000000, -1.000000000000000000 ) ) ;
#292 = DIRECTION ( 'NONE',  ( 1.000000000000000000, 0.000000000000000000, 0.000000000000000000 ) ) ;
#293 = ORIENTED_EDGE ( 'NONE', *, *, #3401, .T. ) ;
#294 = ORIENTED_EDGE ( 'NONE', *, *, #2752, .F. ) ;
#296 = CARTESIAN_POINT ( 'NONE',  ( 31.81980515339461490, -1.447831160671513082E-14, 0.000000000000000000 ) ) ;
#295 = DIRECTION ( 'NONE',  ( -1.000000000000000000, 4.550094363217855288E-16, 0.000000000000000000 ) ) ;
#297 = VECTOR ( 'NONE', #2727, 1000.000000000000000 ) ;
#298 = ORIENTED_EDGE ( 'NONE', *, *, #1428, .F. ) ;
#299 = EDGE_CURVE ( 'NONE', #510, #1352, #1103, .T. ) ;
#300 = FACE_OUTER_BOUND ( 'NONE', #3265, .T. ) ;
#302 = EDGE_LOOP ( 'NONE', ( #3090, #3678 ) ) ;
#301 = LINE ( 'NONE', #591, #1490 ) ;
#303 = DIRECTION ( 'NONE',  ( 0.000000000000000000, 0.000000000000000000, 1.000000000000000000 ) ) ;
#304 = DIRECTION ( 'NONE',  ( -1.000000000000000000, 0.000000000000000000, 0.000000000000000000 ) ) ;
#306 = EDGE_LOOP ( 'NONE', ( #556, #107 ) ) ;
#305 = LINE ( 'NONE', #2713, #2320 ) ;
#307 = DIRECTION ( 'NONE',  ( -0.000000000000000000, -0.000000000000000000, -1.000000000000000000 ) ) ;
#308 = EDGE_CURVE ( 'NONE', #1489, #3671, #3274, .T. ) ;
#309 = EDGE_LOOP ( 'NONE', ( #2035, #124, #3526, #3699 ) ) ;
#310 = ORIENTED_EDGE ( 'NONE', *, *, #864, .T. ) ;
#311 = CARTESIAN_POINT ( 'NONE',  ( 47.50178566874065922, -40.00178566873292851, -8.000000000000000000 ) ) ;
#312 = VERTEX_POINT ( 'NONE', #2976 ) ;
#313 = EDGE_CURVE ( 'NONE', #2533, #2840, #1872, .T. ) ;
#314 = LINE ( 'NONE', #1499, #285 ) ;
#316 = EDGE_LOOP ( 'NONE', ( #1253, #1571 ) ) ;
#315 = CARTESIAN_POINT ( 'NONE',  ( -37.47665940288732855, 26.16295090390314471, 3.000000000000000000 ) ) ;
#317 = VECTOR ( 'NONE', #2904, 1000.000000000000000 ) ;
#318 = DIRECTION ( 'NONE',  ( -1.000000000000000000, 0.000000000000000000, 0.000000000000000000 ) ) ;
#319 = CARTESIAN_POINT ( 'NONE',  ( -19.19238815544207810, -34.74873734153007376, 3.000000000000000000 ) ) ;
#320 = VECTOR ( 'NONE', #894, 999.9999999999998863 ) ;
#322 = EDGE_LOOP ( 'NONE', ( #1034, #1728 ) ) ;
#321 = DIRECTION ( 'NONE',  ( -0.000000000000000000, -0.000000000000000000, -1.000000000000000000 ) ) ;
#323 = LINE ( 'NONE', #2988, #2328 ) ;
#324 = VERTEX_POINT ( 'NONE', #874 ) ;
#325 = ORIENTED_EDGE ( 'NONE', *, *, #3798, .T. ) ;
#326 = EDGE_CURVE ( 'NONE', #756, #491, #754, .T. ) ;
#327 = DIRECTION ( 'NONE',  ( 0.7071067811861698749, -0.7071067811869251596, 0.000000000000000000 ) ) ;
#328 = VECTOR ( 'NONE', #769, 1000.000000000000000 ) ;
#329 = AXIS2_PLACEMENT_3D ( 'NONE', #1118, #230, #3458 ) ;
#330 = ORIENTED_EDGE ( 'NONE', *, *, #3048, .T. ) ;
#331 = ADVANCED_FACE ( 'NONE', ( #3734 ), #496, .F. ) ;
#332 = CIRCLE ( 'NONE', #2948, 1.750000000000008438 ) ;
#333 = AXIS2_PLACEMENT_3D ( 'NONE', #155, #3473, #755 ) ;
#334 = FACE_OUTER_BOUND ( 'NONE', #3359, .T. ) ;
#336 = ORIENTED_EDGE ( 'NONE', *, *, #3061, .T. ) ;
#335 = DIRECTION ( 'NONE',  ( 0.000000000000000000, 0.000000000000000000, 1.000000000000000000 ) ) ;
#337 = DIRECTION ( 'NONE',  ( -0.000000000000000000, -0.000000000000000000, -1.000000000000000000 ) ) ;
#338 = CARTESIAN_POINT ( 'NONE',  ( 40.00178566874065922, -40.00178566873292851, -8.000000000000000000 ) ) ;
#340 = EDGE_LOOP ( 'NONE', ( #3455, #1359, #2027, #1036 ) ) ;
#339 = DIRECTION ( 'NONE',  ( 1.000000000000000000, 0.000000000000000000, -0.000000000000000000 ) ) ;
#341 = ADVANCED_FACE ( 'NONE', ( #2030 ), #2915, .F. ) ;
#342 = CIRCLE ( 'NONE', #459, 10.00000000000000178 ) ;
#343 = DIRECTION ( 'NONE',  ( -0.7071067811865469066, -0.7071067811865482389, -0.000000000000000000 ) ) ;
#345 = ORIENTED_EDGE ( 'NONE', *, *, #758, .T. ) ;
#344 = CARTESIAN_POINT ( 'NONE',  ( 5.646762578720663782E-13, 31.81980515339531124, 3.000000000000000000 ) ) ;
#346 = VERTEX_POINT ( 'NONE', #2284 ) ;
#347 = CARTESIAN_POINT ( 'NONE',  ( -16.99999999999999289, -15.25000000000000000, 3.000000000000000000 ) ) ;
#348 = VERTEX_POINT ( 'NONE', #1990 ) ;
#349 = ADVANCED_FACE ( 'NONE', ( #3158 ), #2603, .T. ) ;
#350 = ADVANCED_FACE ( 'NONE', ( #3795 ), #3477, .F. ) ;
#351 = DIRECTION ( 'NONE',  ( -1.000000000000000000, 0.000000000000000000, 0.000000000000000000 ) ) ;
#353 = ORIENTED_EDGE ( 'NONE', *, *, #2951, .F. ) ;
#352 = CARTESIAN_POINT ( 'NONE',  ( 40.00178566874065922, 40.00178566873292851, 0.000000000000000000 ) ) ;
#354 = DIRECTION ( 'NONE',  ( 1.000000000000000000, 0.000000000000000000, 0.000000000000000000 ) ) ;
#355 = PLANE ( 'NONE',  #237 ) ;
#357 = ORIENTED_EDGE ( 'NONE', *, *, #2540, .F. ) ;
#356 = DIRECTION ( 'NONE',  ( -0.7071067811865398012, -0.7071067811865552333, 0.000000000000000000 ) ) ;
#358 = CYLINDRICAL_SURFACE ( 'NONE', #806, 4.749999999999997335 ) ;
#359 = ADVANCED_FACE ( 'NONE', ( #2243 ), #1679, .T. ) ;
#361 = EDGE_LOOP ( 'NONE', ( #2542, #1263, #2497, #259, #3341, #3097, #1733, #133, #912, #2782, #1204, #90, #1318, #453, #3603, #2886 ) ) ;
#360 = CARTESIAN_POINT ( 'NONE',  ( 17.00000000000000355, -15.25000000000000000, 3.000000000000000000 ) ) ;
#362 = ORIENTED_EDGE ( 'NONE', *, *, #439, .F. ) ;
#363 = AXIS2_PLACEMENT_3D ( 'NONE', #2492, #718, #664 ) ;
#364 = DIRECTION ( 'NONE',  ( 0.000000000000000000, -0.000000000000000000, -1.000000000000000000 ) ) ;
#365 = DIRECTION ( 'NONE',  ( -1.000000000000000000, 0.000000000000000000, 0.000000000000000000 ) ) ;
#366 = EDGE_LOOP ( 'NONE', ( #2231, #2759, #447, #1379 ) ) ;
#367 = DIRECTION ( 'NONE',  ( -1.000000000000000000, 0.000000000000000000, 0.000000000000000000 ) ) ;
#368 = VECTOR ( 'NONE', #3610, 1000.000000000000000 ) ;
#370 = EDGE_LOOP ( 'NONE', ( #2950, #871, #1209, #518 ) ) ;
#369 = DIRECTION ( 'NONE',  ( 0.000000000000000000, 0.000000000000000000, 1.000000000000000000 ) ) ;
#371 = EDGE_CURVE ( 'NONE', #1512, #2104, #3437, .T. ) ;
#372 = DIRECTION ( 'NONE',  ( 0.000000000000000000, 0.000000000000000000, 1.000000000000000000 ) ) ;
#373 = CARTESIAN_POINT ( 'NONE',  ( -7.778174593051777386, 7.778174593051760510, 3.000000000000000000 ) ) ;
#375 = ORIENTED_EDGE ( 'NONE', *, *, #1691, .T. ) ;
#374 = CARTESIAN_POINT ( 'NONE',  ( 37.47665940288764830, 26.16295090390296352, 3.000000000000000000 ) ) ;
#376 = DIRECTION ( 'NONE',  ( -0.000000000000000000, -0.000000000000000000, -1.000000000000000000 ) ) ;
#378 = ORIENTED_EDGE ( 'NONE', *, *, #1481, .F. ) ;
#377 = CARTESIAN_POINT ( 'NONE',  ( 51.61879502661850694, 40.30508652763388966, 0.000000000000000000 ) ) ;
#379 = VERTEX_POINT ( 'NONE', #1138 ) ;
#380 = LOCAL_TIME ( 18, 37, 2.000000000000000000, #765 ) ;
#381 = EDGE_CURVE ( 'NONE', #2384, #567, #3775, .T. ) ;
#382 = CARTESIAN_POINT ( 'NONE',  ( -27.91295090390257272, -37.47665940288790409, 3.000000000000000000 ) ) ;
#383 =( NAMED_UNIT ( * ) SI_UNIT ( $, .STERADIAN. ) SOLID_ANGLE_UNIT ( ) );
#384 = ORIENTED_EDGE ( 'NONE', *, *, #371, .T. ) ;
#385 = EDGE_CURVE ( 'NONE', #2096, #2275, #2622, .T. ) ;
#387 = ORIENTED_EDGE ( 'NONE', *, *, #660, .T. ) ;
#386 = CARTESIAN_POINT ( 'NONE',  ( -60.81118318204337925, 45.25483399593993994, 9.000000000000001776 ) ) ;
#389 = ORIENTED_EDGE ( 'NONE', *, *, #695, .T. ) ;
#388 = DIRECTION ( 'NONE',  ( 0.000000000000000000, -0.000000000000000000, -1.000000000000000000 ) ) ;
#390 = VECTOR ( 'NONE', #2954, 1000.000000000000000 ) ;
#391 = AXIS2_PLACEMENT_3D ( 'NONE', #119, #1323, #427 ) ;
#392 = CARTESIAN_POINT ( 'NONE',  ( 15.25000000000000355, -15.25000000000000000, 3.000000000000000000 ) ) ;
#393 = DIRECTION ( 'NONE',  ( 1.000000000000000000, 0.000000000000000000, 0.000000000000000000 ) ) ;
#395 = ORIENTED_EDGE ( 'NONE', *, *, #1503, .F. ) ;
#394 = DIRECTION ( 'NONE',  ( -1.000000000000000000, 0.000000000000000000, 0.000000000000000000 ) ) ;
#396 = LINE ( 'NONE', #3625, #3 ) ;
#397 = EDGE_CURVE ( 'NONE', #708, #3570, #3498, .T. ) ;
#399 = EDGE_LOOP ( 'NONE', ( #3624, #512 ) ) ;
#398 = DIRECTION ( 'NONE',  ( 1.000000000000000000, 0.000000000000000000, 0.000000000000000000 ) ) ;
#400 = CIRCLE ( 'NONE', #3506, 4.749999999999997335 ) ;
#401 = CARTESIAN_POINT ( 'NONE',  ( 40.30508652763382571, 51.61879502661854247, 0.000000000000000000 ) ) ;
#402 = APPLICATION_PROTOCOL_DEFINITION ( 'international standard', 'config_control_design', 1994, #3546 ) ;
#403 = EDGE_CURVE ( 'NONE', #3819, #3056, #2264, .T. ) ;
#404 = ORIENTED_EDGE ( 'NONE', *, *, #2334, .F. ) ;
#405 = CIRCLE ( 'NONE', #231, 10.00000000000000355 ) ;
#406 = EDGE_CURVE ( 'NONE', #1112, #2573, #1658, .T. ) ;
#407 = DIRECTION ( 'NONE',  ( -1.000000000000000000, 0.000000000000000000, 0.000000000000000000 ) ) ;
#409 = VERTEX_POINT ( 'NONE', #2011 ) ;
#408 = LINE ( 'NONE', #2781, #1847 ) ;
#410 = DIRECTION ( 'NONE',  ( -0.7071067811865406894, -0.7071067811865543451, 0.000000000000000000 ) ) ;
#412 = EDGE_LOOP ( 'NONE', ( #658, #676 ) ) ;
#411 = CARTESIAN_POINT ( 'NONE',  ( -38.55508652763334254, 51.61879502661891905, 3.000000000000000000 ) ) ;
#413 = DIRECTION ( 'NONE',  ( 0.7071067811865474617, -0.7071067811865476838, -0.000000000000000000 ) ) ;
#415 = ORIENTED_EDGE ( 'NONE', *, *, #2100, .F. ) ;
#414 = DIRECTION ( 'NONE',  ( -0.7071067811865472397, 0.7071067811865479058, 0.000000000000000000 ) ) ;
#416 = EDGE_CURVE ( 'NONE', #1545, #1489, #2375, .T. ) ;
#417 = DIRECTION ( 'NONE',  ( 1.000000000000000000, 0.000000000000000000, 0.000000000000000000 ) ) ;
#418 = CARTESIAN_POINT ( 'NONE',  ( 45.25483399593931466, -60.81118318204386242, 3.000000000000000000 ) ) ;
#419 = ORIENTED_EDGE ( 'NONE', *, *, #660, .F. ) ;
#420 = AXIS2_PLACEMENT_3D ( 'NONE', #2628, #1926, #910 ) ;
#421 = CARTESIAN_POINT ( 'NONE',  ( -23.66295090390275391, -10.00000000000000000, 3.000000000000000000 ) ) ;
#422 = CARTESIAN_POINT ( 'NONE',  ( 39.22665940288765540, -26.16295090390296352, 0.000000000000000000 ) ) ;
#424 = VERTEX_POINT ( 'NONE', #2826 ) ;
#423 = DIRECTION ( 'NONE',  ( -0.7071067811861698749, -0.7071067811869252706, 0.000000000000000000 ) ) ;
#425 = ADVANCED_FACE ( 'NONE', ( #162 ), #182, .F. ) ;
#426 = DIRECTION ( 'NONE',  ( -0.000000000000000000, 0.000000000000000000, 1.000000000000000000 ) ) ;
#428 = ORIENTED_EDGE ( 'NONE', *, *, #1607, .F. ) ;
#427 = DIRECTION ( 'NONE',  ( 0.7071067811865473507, -0.7071067811865477948, 0.000000000000000000 ) ) ;
#429 = CARTESIAN_POINT ( 'NONE',  ( -68.88982074412636791, -61.17619643385702233, 9.000000000000001776 ) ) ;
#431 = VERTEX_POINT ( 'NONE', #2873 ) ;
#430 = DIRECTION ( 'NONE',  ( -0.000000000000000000, -0.000000000000000000, -1.000000000000000000 ) ) ;
#432 = CIRCLE ( 'NONE', #2557, 10.00000000000000355 ) ;
#433 = CARTESIAN_POINT ( 'NONE',  ( -19.19238815544207810, 34.74873734153007376, 9.000000000000001776 ) ) ;
#434 = DIRECTION ( 'NONE',  ( -0.7071067811865469066, -0.7071067811865481278, 0.000000000000000000 ) ) ;
#435 = ADVANCED_FACE ( 'NONE', ( #3754 ), #2560, .T. ) ;
#436 = ORIENTED_EDGE ( 'NONE', *, *, #854, .T. ) ;
#437 = DIRECTION ( 'NONE',  ( -0.000000000000000000, -0.000000000000000000, -1.000000000000000000 ) ) ;
#438 = FACE_OUTER_BOUND ( 'NONE', #2818, .T. ) ;
#439 = EDGE_CURVE ( 'NONE', #948, #3056, #2582, .T. ) ;
#440 = EDGE_CURVE ( 'NONE', #3640, #2040, #2182, .T. ) ;
#442 = ORIENTED_EDGE ( 'NONE', *, *, #2829, .F. ) ;
#441 = CARTESIAN_POINT ( 'NONE',  ( -60.81118318204338635, -45.25483399593993283, 0.000000000000000000 ) ) ;
#443 = LINE ( 'NONE', #1088, #41 ) ;
#444 = AXIS2_PLACEMENT_3D ( 'NONE', #2881, #790, #2530 ) ;
#445 = VECTOR ( 'NONE', #474, 1000.000000000000000 ) ;
#447 = ORIENTED_EDGE ( 'NONE', *, *, #1641, .T. ) ;
#446 = CARTESIAN_POINT ( 'NONE',  ( 17.00000000000000355, -15.25000000000000000, 0.000000000000000000 ) ) ;
#448 = EDGE_CURVE ( 'NONE', #1043, #1638, #2377, .T. ) ;
#449 = VERTEX_POINT ( 'NONE', #2934 ) ;
#450 = CARTESIAN_POINT ( 'NONE',  ( 28.66295090390276812, 0.000000000000000000, 0.000000000000000000 ) ) ;
#451 = DIRECTION ( 'NONE',  ( 0.000000000000000000, -0.000000000000000000, -1.000000000000000000 ) ) ;
#453 = ORIENTED_EDGE ( 'NONE', *, *, #983, .F. ) ;
#452 = CARTESIAN_POINT ( 'NONE',  ( -60.81118318204337925, 45.25483399593993994, 0.000000000000000000 ) ) ;
#454 = EDGE_CURVE ( 'NONE', #3474, #697, #1938, .T. ) ;
#455 = CYLINDRICAL_SURFACE ( 'NONE', #1771, 1.749999999999994671 ) ;
#456 = DIRECTION ( 'NONE',  ( 1.000000000000000000, 0.000000000000000000, 0.000000000000000000 ) ) ;
#457 = VECTOR ( 'NONE', #1016, 1000.000000000000000 ) ;
#458 = ORIENTED_EDGE ( 'NONE', *, *, #3335, .T. ) ;
#459 = AXIS2_PLACEMENT_3D ( 'NONE', #3653, #3637, #1298 ) ;
#461 = DIRECTION ( 'NONE',  ( -0.7071067811865473507, -0.7071067811865477948, 0.000000000000000000 ) ) ;
#460 = DIRECTION ( 'NONE',  ( 1.000000000000000000, 0.000000000000000000, 0.000000000000000000 ) ) ;
#463 = VERTEX_POINT ( 'NONE', #3834 ) ;
#462 = CARTESIAN_POINT ( 'NONE',  ( 40.30508652763382571, 51.61879502661854247, 3.000000000000000000 ) ) ;
#465 = EDGE_LOOP ( 'NONE', ( #2207, #3560, #3176, #357 ) ) ;
#464 = CARTESIAN_POINT ( 'NONE',  ( 24.41295090390276812, 37.47665940288759856, 9.000000000000003553 ) ) ;
#466 = AXIS2_PLACEMENT_3D ( 'NONE', #2142, #875, #529 ) ;
#467 = CIRCLE ( 'NONE', #1528, 7.500000000000000000 ) ;
#468 = EDGE_CURVE ( 'NONE', #1512, #1435, #332, .T. ) ;
#469 = DIRECTION ( 'NONE',  ( -0.000000000000000000, 0.000000000000000000, 1.000000000000000000 ) ) ;
#471 = VERTEX_POINT ( 'NONE', #48 ) ;
#470 = CARTESIAN_POINT ( 'NONE',  ( 34.74873734152989613, 19.19238815544243337, 3.000000000000000000 ) ) ;
#472 = ORIENTED_EDGE ( 'NONE', *, *, #2418, .T. ) ;
#473 = CARTESIAN_POINT ( 'NONE',  ( 65.03300858899166315, -65.03300858899164894, 11.50000000000000000 ) ) ;
#474 = DIRECTION ( 'NONE',  ( -0.000000000000000000, -0.000000000000000000, -1.000000000000000000 ) ) ;
#476 = ORIENTED_EDGE ( 'NONE', *, *, #1766, .F. ) ;
#475 = CARTESIAN_POINT ( 'NONE',  ( 19.19238815544207810, -34.74873734153007376, 3.000000000000000000 ) ) ;
#477 = EDGE_CURVE ( 'NONE', #546, #379, #3317, .T. ) ;
#478 = CARTESIAN_POINT ( 'NONE',  ( -32.50178566874065922, -40.00178566873292851, 0.000000000000000000 ) ) ;
#479 = VERTEX_POINT ( 'NONE', #1161 ) ;
#481 = CARTESIAN_POINT ( 'NONE',  ( 0.000000000000000000, 0.000000000000000000, 9.000000000000001776 ) ) ;
#480 = DIRECTION ( 'NONE',  ( 1.000000000000000000, 0.000000000000000000, 0.000000000000000000 ) ) ;
#482 = VECTOR ( 'NONE', #2150, 1000.000000000000000 ) ;
#483 = AXIS2_PLACEMENT_3D ( 'NONE', #1413, #3208, #252 ) ;
#485 = ORIENTED_EDGE ( 'NONE', *, *, #1279, .F. ) ;
#484 = CARTESIAN_POINT ( 'NONE',  ( -15.24999999999999645, 15.25000000000000000, 3.000000000000000000 ) ) ;
#487 = ORIENTED_EDGE ( 'NONE', *, *, #477, .T. ) ;
#486 = CARTESIAN_POINT ( 'NONE',  ( 0.000000000000000000, 0.000000000000000000, 9.000000000000001776 ) ) ;
#488 = CARTESIAN_POINT ( 'NONE',  ( -51.61879502661800956, -40.30508652763449362, 0.000000000000000000 ) ) ;
#489 = AXIS2_PLACEMENT_3D ( 'NONE', #3104, #3746, #2572 ) ;
#491 = VERTEX_POINT ( 'NONE', #2344 ) ;
#490 = CARTESIAN_POINT ( 'NONE',  ( 44.75178566874065211, -40.00178566873292851, -8.000000000000000000 ) ) ;
#492 = ORIENTED_EDGE ( 'NONE', *, *, #2574, .F. ) ;
#493 = EDGE_CURVE ( 'NONE', #2068, #471, #3573, .T. ) ;
#494 = AXIS2_PLACEMENT_3D ( 'NONE', #3151, #1404, #3131 ) ;
#495 = CARTESIAN_POINT ( 'NONE',  ( -45.25483399594766354, 60.81118318203566275, 0.000000000000000000 ) ) ;
#496 = CYLINDRICAL_SURFACE ( 'NONE', #3802, 4.749999999999997335 ) ;
#498 = ORIENTED_EDGE ( 'NONE', *, *, #2519, .F. ) ;
#497 = LINE ( 'NONE', #3818, #532 ) ;
#499 = AXIS2_PLACEMENT_3D ( 'NONE', #2213, #989, #1825 ) ;
#500 = AXIS2_PLACEMENT_3D ( 'NONE', #1538, #79, #1593 ) ;
#501 = FACE_OUTER_BOUND ( 'NONE', #1671, .T. ) ;
#502 = PERSON_AND_ORGANIZATION ( #558, #1251 ) ;
#503 = ORIENTED_EDGE ( 'NONE', *, *, #3374, .T. ) ;
#504 = ADVANCED_FACE ( 'NONE', ( #2415 ), #2679, .F. ) ;
#505 = AXIS2_PLACEMENT_3D ( 'NONE', #3604, #936, #62 ) ;
#507 = CARTESIAN_POINT ( 'NONE',  ( -53.03300858899167736, 53.03300858899164894, 0.000000000000000000 ) ) ;
#506 = CYLINDRICAL_SURFACE ( 'NONE', #694, 4.749999999999997335 ) ;
#508 = VECTOR ( 'NONE', #1515, 1000.000000000000000 ) ;
#510 = VERTEX_POINT ( 'NONE', #3605 ) ;
#509 = CARTESIAN_POINT ( 'NONE',  ( 19.19238815542566456, 34.74873734152971849, 3.000000000000000000 ) ) ;
#512 = ORIENTED_EDGE ( 'NONE', *, *, #2403, .F. ) ;
#511 = FACE_OUTER_BOUND ( 'NONE', #1501, .T. ) ;
#513 = EDGE_CURVE ( 'NONE', #517, #2049, #631, .T. ) ;
#514 = AXIS2_PLACEMENT_3D ( 'NONE', #2064, #3281, #1448 ) ;
#515 = DIRECTION ( 'NONE',  ( 1.000000000000000000, 0.000000000000000000, 0.000000000000000000 ) ) ;
#517 = VERTEX_POINT ( 'NONE', #319 ) ;
#516 = DIRECTION ( 'NONE',  ( 0.7071067811865475727, -0.7071067811865474617, 0.000000000000000000 ) ) ;
#518 = ORIENTED_EDGE ( 'NONE', *, *, #3666, .F. ) ;
#519 = DIRECTION ( 'NONE',  ( 1.000000000000000000, 0.000000000000000000, 0.000000000000000000 ) ) ;
#520 = CARTESIAN_POINT ( 'NONE',  ( 49.86879502661849983, 40.30508652763388966, 3.000000000000000000 ) ) ;
#522 = VERTEX_POINT ( 'NONE', #578 ) ;
#521 = DIRECTION ( 'NONE',  ( 1.000000000000000000, 0.000000000000000000, 0.000000000000000000 ) ) ;
#523 = AXIS2_PLACEMENT_3D ( 'NONE', #3623, #2517, #3691 ) ;
#524 = CARTESIAN_POINT ( 'NONE',  ( -26.16295090390257272, -37.47665940288790409, 3.000000000000000000 ) ) ;
#525 = ORIENTED_EDGE ( 'NONE', *, *, #313, .T. ) ;
#526 = AXIS2_PLACEMENT_3D ( 'NONE', #1645, #3390, #1023 ) ;
#528 = DIRECTION ( 'NONE',  ( -1.000000000000000000, 0.000000000000000000, 0.000000000000000000 ) ) ;
#527 = DIRECTION ( 'NONE',  ( 0.000000000000000000, 1.000000000000000000, -0.000000000000000000 ) ) ;
#529 = DIRECTION ( 'NONE',  ( 1.000000000000000000, 0.000000000000000000, 0.000000000000000000 ) ) ;
#530 = ORIENTED_EDGE ( 'NONE', *, *, #493, .F. ) ;
#531 = VECTOR ( 'NONE', #635, 1000.000000000000000 ) ;
#532 = VECTOR ( 'NONE', #2324, 1000.000000000000000 ) ;
#533 = ADVANCED_FACE ( 'NONE', ( #3282 ), #3533, .F. ) ;
#534 = AXIS2_PLACEMENT_3D ( 'NONE', #462, #2001, #3191 ) ;
#535 = CYLINDRICAL_SURFACE ( 'NONE', #2208, 1.749999999999994671 ) ;
#537 = ORIENTED_EDGE ( 'NONE', *, *, #2407, .T. ) ;
#536 = CARTESIAN_POINT ( 'NONE',  ( 0.000000000000000000, 0.000000000000000000, 3.000000000000000000 ) ) ;
#538 = ORIENTED_EDGE ( 'NONE', *, *, #3272, .F. ) ;
#539 = FACE_BOUND ( 'NONE', #2441, .T. ) ;
#540 = DIRECTION ( 'NONE',  ( 1.000000000000000000, 0.000000000000000000, 0.000000000000000000 ) ) ;
#542 = VERTEX_POINT ( 'NONE', #906 ) ;
#541 = DIRECTION ( 'NONE',  ( 0.000000000000000000, -0.000000000000000000, -1.000000000000000000 ) ) ;
#543 = VECTOR ( 'NONE', #3195, 1000.000000000000000 ) ;
#544 = CARTESIAN_POINT ( 'NONE',  ( -39.22665940288732855, -26.16295090390314471, 9.000000000000003553 ) ) ;
#545 = DATE_AND_TIME ( #3758, #380 ) ;
#546 = VERTEX_POINT ( 'NONE', #1178 ) ;
#547 = AXIS2_PLACEMENT_3D ( 'NONE', #2236, #3150, #243 ) ;
#548 = EDGE_CURVE ( 'NONE', #2610, #3759, #1197, .T. ) ;
#550 = DIRECTION ( 'NONE',  ( -0.000000000000000000, -0.000000000000000000, -1.000000000000000000 ) ) ;
#549 = CARTESIAN_POINT ( 'NONE',  ( -12.12132034357656885, -41.81980515339552795, 0.000000000000000000 ) ) ;
#551 = CARTESIAN_POINT ( 'NONE',  ( -53.03300858899167736, 53.03300858899164894, 3.000000000000000000 ) ) ;
#552 = ORIENTED_EDGE ( 'NONE', *, *, #811, .F. ) ;
#553 = EDGE_CURVE ( 'NONE', #3284, #3041, #3240, .T. ) ;
#554 = DIRECTION ( 'NONE',  ( -0.000000000000000000, 0.000000000000000000, 1.000000000000000000 ) ) ;
#556 = ORIENTED_EDGE ( 'NONE', *, *, #2248, .T. ) ;
#555 = DIRECTION ( 'NONE',  ( 1.000000000000000000, 0.000000000000000000, 0.000000000000000000 ) ) ;
#557 = LINE ( 'NONE', #3250, #2879 ) ;
#558 = PERSON ( 'UNSPECIFIED', 'UNSPECIFIED', 'UNSPECIFIED', ('UNSPECIFIED'), ('UNSPECIFIED'), ('UNSPECIFIED') ) ;
#559 = AXIS2_PLACEMENT_3D ( 'NONE', #2939, #926, #3226 ) ;
#560 = EDGE_CURVE ( 'NONE', #1585, #2843, #2361, .T. ) ;
#561 = FACE_OUTER_BOUND ( 'NONE', #3543, .T. ) ;
#562 = DIRECTION ( 'NONE',  ( -0.000000000000000000, -0.000000000000000000, -1.000000000000000000 ) ) ;
#564 = ORIENTED_EDGE ( 'NONE', *, *, #222, .T. ) ;
#563 = DIRECTION ( 'NONE',  ( 0.000000000000000000, -0.000000000000000000, -1.000000000000000000 ) ) ;
#565 = EDGE_CURVE ( 'NONE', #3468, #2600, #209, .T. ) ;
#566 = CARTESIAN_POINT ( 'NONE',  ( 53.03300858899167736, -53.03300858899167025, 11.50000000000000000 ) ) ;
#567 = VERTEX_POINT ( 'NONE', #3553 ) ;
#569 = FACE_OUTER_BOUND ( 'NONE', #3236, .T. ) ;
#568 = CARTESIAN_POINT ( 'NONE',  ( -28.66295090390276101, 0.000000000000000000, 0.000000000000000000 ) ) ;
#570 = PLANE ( 'NONE',  #1772 ) ;
#571 = ORIENTED_EDGE ( 'NONE', *, *, #2370, .T. ) ;
#572 = AXIS2_PLACEMENT_3D ( 'NONE', #2474, #171, #3356 ) ;
#573 = ADVANCED_FACE ( 'NONE', ( #3263 ), #2984, .F. ) ;
#574 = DIRECTION ( 'NONE',  ( -0.000000000000000000, -0.000000000000000000, -1.000000000000000000 ) ) ;
#576 = VERTEX_POINT ( 'NONE', #1810 ) ;
#575 = FACE_OUTER_BOUND ( 'NONE', #309, .T. ) ;
#577 = CARTESIAN_POINT ( 'NONE',  ( -7.778174593051843999, -7.778174593051699226, 3.000000000000000000 ) ) ;
#578 = CARTESIAN_POINT ( 'NONE',  ( 32.50178566874065922, 40.00178566873292851, 0.000000000000000000 ) ) ;
#580 = ORIENTED_EDGE ( 'NONE', *, *, #1185, .F. ) ;
#579 = CARTESIAN_POINT ( 'NONE',  ( 27.91295090390275746, -37.47665940288759856, 3.000000000000000000 ) ) ;
#581 = DIRECTION ( 'NONE',  ( 1.000000000000000000, 1.734723475976806700E-15, 0.000000000000000000 ) ) ;
#582 = EDGE_CURVE ( 'NONE', #1589, #3745, #1010, .T. ) ;
#583 = ORIENTED_EDGE ( 'NONE', *, *, #2310, .F. ) ;
#584 = ORIENTED_EDGE ( 'NONE', *, *, #1934, .T. ) ;
#586 = PLANE ( 'NONE',  #642 ) ;
#585 = DIRECTION ( 'NONE',  ( 0.000000000000000000, 0.000000000000000000, 1.000000000000000000 ) ) ;
#587 = ORIENTED_EDGE ( 'NONE', *, *, #1058, .T. ) ;
#588 = CIRCLE ( 'NONE', #1837, 9.999999999999994671 ) ;
#589 = VECTOR ( 'NONE', #2461, 1000.000000000000000 ) ;
#590 = DIRECTION ( 'NONE',  ( -1.000000000000000000, 0.000000000000000000, 0.000000000000000000 ) ) ;
#592 = EDGE_LOOP ( 'NONE', ( #1258, #1239 ) ) ;
#591 = CARTESIAN_POINT ( 'NONE',  ( -24.41295090390256917, -37.47665940288790409, 3.000000000000000000 ) ) ;
#593 = CIRCLE ( 'NONE', #2386, 1.750000000000001554 ) ;
#594 = CIRCLE ( 'NONE', #3201, 7.500000000000000000 ) ;
#595 = EDGE_CURVE ( 'NONE', #1585, #188, #588, .T. ) ;
#596 = DIRECTION ( 'NONE',  ( -0.000000000000000000, -0.000000000000000000, -1.000000000000000000 ) ) ;
#597 = CARTESIAN_POINT ( 'NONE',  ( -15.24999999999999645, 15.25000000000000000, 0.000000000000000000 ) ) ;
#599 = ORIENTED_EDGE ( 'NONE', *, *, #3406, .T. ) ;
#598 = CARTESIAN_POINT ( 'NONE',  ( 0.000000000000000000, 0.000000000000000000, 9.000000000000001776 ) ) ;
#600 = AXIS2_PLACEMENT_3D ( 'NONE', #2354, #1419, #3808 ) ;
#601 = DIRECTION ( 'NONE',  ( -0.7071067811865398012, 0.7071067811865552333, -0.000000000000000000 ) ) ;
#602 = ORIENTED_EDGE ( 'NONE', *, *, #1115, .T. ) ;
#603 = ORIENTED_EDGE ( 'NONE', *, *, #3330, .T. ) ;
#604 = EDGE_CURVE ( 'NONE', #1431, #3822, #2767, .T. ) ;
#606 = DIRECTION ( 'NONE',  ( 1.000000000000000000, 0.000000000000000000, 0.000000000000000000 ) ) ;
#605 = CARTESIAN_POINT ( 'NONE',  ( 15.25000000000000355, -15.25000000000000000, 3.000000000000000000 ) ) ;
#607 = EDGE_LOOP ( 'NONE', ( #1309, #1760, #1906, #1986 ) ) ;
#608 = CARTESIAN_POINT ( 'NONE',  ( -53.03300858899108761, -53.03300858899223869, 11.50000000000000000 ) ) ;
#610 = VERTEX_POINT ( 'NONE', #2196 ) ;
#609 = DIRECTION ( 'NONE',  ( 1.000000000000000000, 0.000000000000000000, 0.000000000000000000 ) ) ;
#611 = DIRECTION ( 'NONE',  ( -0.000000000000000000, 0.000000000000000000, 1.000000000000000000 ) ) ;
#612 = CARTESIAN_POINT ( 'NONE',  ( -40.00178566874065922, -40.00178566873292851, -8.000000000000000000 ) ) ;
#613 = ADVANCED_FACE ( 'NONE', ( #2175, #2137, #1829 ), #3019, .F. ) ;
#615 = VERTEX_POINT ( 'NONE', #2748 ) ;
#614 = FACE_OUTER_BOUND ( 'NONE', #3077, .T. ) ;
#616 = DIRECTION ( 'NONE',  ( 0.7071067811869252706, 0.7071067811861698749, -0.000000000000000000 ) ) ;
#617 = EDGE_CURVE ( 'NONE', #2148, #346, #2597, .T. ) ;
#618 = ORIENTED_EDGE ( 'NONE', *, *, #271, .T. ) ;
#619 = ORIENTED_EDGE ( 'NONE', *, *, #3272, .T. ) ;
#620 = AXIS2_PLACEMENT_3D ( 'NONE', #2339, #1789, #1227 ) ;
#621 = FACE_OUTER_BOUND ( 'NONE', #1616, .T. ) ;
#622 = ORIENTED_EDGE ( 'NONE', *, *, #1166, .T. ) ;
#623 = VECTOR ( 'NONE', #1346, 1000.000000000000000 ) ;
#624 = CIRCLE ( 'NONE', #1858, 9.999999999999994671 ) ;
#625 = EDGE_CURVE ( 'NONE', #1654, #2556, #3622, .T. ) ;
#626 = LINE ( 'NONE', #23, #1456 ) ;
#628 = ORIENTED_EDGE ( 'NONE', *, *, #112, .F. ) ;
#627 = CARTESIAN_POINT ( 'NONE',  ( -16.99999999999999289, -15.25000000000000000, 0.000000000000000000 ) ) ;
#629 = CIRCLE ( 'NONE', #2489, 1.750000000000001554 ) ;
#630 = CARTESIAN_POINT ( 'NONE',  ( 37.47665940288764830, 26.16295090390296352, 0.000000000000000000 ) ) ;
#631 = LINE ( 'NONE', #1740, #1264 ) ;
#632 = AXIS2_PLACEMENT_3D ( 'NONE', #1838, #2446, #3633 ) ;
#634 = EDGE_LOOP ( 'NONE', ( #2553, #2365, #428, #57, #3587 ) ) ;
#633 = CARTESIAN_POINT ( 'NONE',  ( 68.88982074412703582, -61.17619643385626205, 9.000000000000001776 ) ) ;
#635 = DIRECTION ( 'NONE',  ( 0.7071067811861698749, -0.7071067811869252706, -0.000000000000000000 ) ) ;
#637 = ORIENTED_EDGE ( 'NONE', *, *, #835, .T. ) ;
#636 = FACE_OUTER_BOUND ( 'NONE', #3538, .T. ) ;
#638 = ORIENTED_EDGE ( 'NONE', *, *, #2015, .T. ) ;
#639 = EDGE_CURVE ( 'NONE', #3056, #615, #1011, .T. ) ;
#640 = LINE ( 'NONE', #1261, #2938 ) ;
#641 = ORIENTED_EDGE ( 'NONE', *, *, #121, .F. ) ;
#642 = AXIS2_PLACEMENT_3D ( 'NONE', #3563, #2632, #3762 ) ;
#643 = LINE ( 'NONE', #1574, #3632 ) ;
#645 = EDGE_LOOP ( 'NONE', ( #2325, #742 ) ) ;
#644 = LINE ( 'NONE', #2132, #2 ) ;
#646 = ADVANCED_FACE ( 'NONE', ( #101 ), #1865, .T. ) ;
#647 = AXIS2_PLACEMENT_3D ( 'NONE', #1335, #2548, #1060 ) ;
#648 = LINE ( 'NONE', #3120, #1680 ) ;
#649 = CIRCLE ( 'NONE', #1148, 6.000000000000003553 ) ;
#650 = DIRECTION ( 'NONE',  ( -0.000000000000000000, -0.000000000000000000, -1.000000000000000000 ) ) ;
#652 = ORIENTED_EDGE ( 'NONE', *, *, #3588, .F. ) ;
#651 = DIRECTION ( 'NONE',  ( -1.000000000000000000, 0.000000000000000000, 0.000000000000000000 ) ) ;
#653 = AXIS2_PLACEMENT_3D ( 'NONE', #3072, #932, #1824 ) ;
#654 = DIRECTION ( 'NONE',  ( 1.000000000000000000, 0.000000000000000000, 0.000000000000000000 ) ) ;
#655 = AXIS2_PLACEMENT_3D ( 'NONE', #258, #2652, #2335 ) ;
#657 = VERTEX_POINT ( 'NONE', #3357 ) ;
#656 = DIRECTION ( 'NONE',  ( 1.000000000000000000, 0.000000000000000000, 0.000000000000000000 ) ) ;
#658 = ORIENTED_EDGE ( 'NONE', *, *, #3286, .F. ) ;
#659 = CARTESIAN_POINT ( 'NONE',  ( -26.97056274848162616, -26.97056274848221591, 11.50000000000000000 ) ) ;
#660 = EDGE_CURVE ( 'NONE', #379, #2644, #3395, .T. ) ;
#661 = ORIENTED_EDGE ( 'NONE', *, *, #1418, .T. ) ;
#662 = CARTESIAN_POINT ( 'NONE',  ( 51.61879502661850694, -40.30508652763388966, 0.000000000000000000 ) ) ;
#663 = EDGE_CURVE ( 'NONE', #3041, #3105, #102, .T. ) ;
#665 = ORIENTED_EDGE ( 'NONE', *, *, #1762, .T. ) ;
#664 = DIRECTION ( 'NONE',  ( 0.7071067811861698749, -0.7071067811869252706, 0.000000000000000000 ) ) ;
#666 = AXIS2_PLACEMENT_3D ( 'NONE', #2929, #4, #2316 ) ;
#667 = CARTESIAN_POINT ( 'NONE',  ( 15.25000000000000355, 15.25000000000000000, 0.000000000000000000 ) ) ;
#668 = CARTESIAN_POINT ( 'NONE',  ( 0.000000000000000000, 0.000000000000000000, 9.000000000000001776 ) ) ;
#670 = ORIENTED_EDGE ( 'NONE', *, *, #2579, .T. ) ;
#669 = CARTESIAN_POINT ( 'NONE',  ( -15.24999999999999645, 15.25000000000000000, 3.000000000000000000 ) ) ;
#671 = ADVANCED_FACE ( 'NONE', ( #1250 ), #355, .F. ) ;
#672 = CARTESIAN_POINT ( 'NONE',  ( 23.66295090390276812, 9.999999999999996447, 3.000000000000000000 ) ) ;
#674 = ORIENTED_EDGE ( 'NONE', *, *, #3471, .T. ) ;
#673 = CYLINDRICAL_SURFACE ( 'NONE', #2758, 7.500000000000000000 ) ;
#675 = ADVANCED_FACE ( 'NONE', ( #992, #118 ), #1271, .T. ) ;
#676 = ORIENTED_EDGE ( 'NONE', *, *, #582, .F. ) ;
#677 = DIRECTION ( 'NONE',  ( 0.000000000000000000, 0.000000000000000000, -1.000000000000000000 ) ) ;
#678 = DIRECTION ( 'NONE',  ( -0.7071067811865476838, 0.7071067811865473507, 0.000000000000000000 ) ) ;
#679 = EDGE_LOOP ( 'NONE', ( #986, #3186, #3450, #1000 ) ) ;
#680 = DIRECTION ( 'NONE',  ( -0.7071067811865473507, 0.7071067811865477948, 0.000000000000000000 ) ) ;
#681 = CIRCLE ( 'NONE', #1673, 1.749999999999939160 ) ;
#682 = VECTOR ( 'NONE', #1600, 1000.000000000000000 ) ;
#684 = EDGE_LOOP ( 'NONE', ( #35, #120, #2750, #896 ) ) ;
#683 = DIRECTION ( 'NONE',  ( 0.7071067811865398012, -0.7071067811865552333, 0.000000000000000000 ) ) ;
#685 = EDGE_CURVE ( 'NONE', #2063, #348, #1650, .T. ) ;
#686 = DIRECTION ( 'NONE',  ( 0.000000000000000000, 0.000000000000000000, 1.000000000000000000 ) ) ;
#687 = DIRECTION ( 'NONE',  ( 0.000000000000000000, 0.000000000000000000, -1.000000000000000000 ) ) ;
#689 = VERTEX_POINT ( 'NONE', #2457 ) ;
#688 = LINE ( 'NONE', #411, #1521 ) ;
#691 = DIRECTION ( 'NONE',  ( 1.000000000000000000, 6.938893903907226405E-16, 0.000000000000000000 ) ) ;
#690 = VECTOR ( 'NONE', #3658, 1000.000000000000000 ) ;
#693 = ORIENTED_EDGE ( 'NONE', *, *, #2199, .F. ) ;
#692 = CARTESIAN_POINT ( 'NONE',  ( 49.86879502661849983, 40.30508652763388966, 9.000000000000003553 ) ) ;
#694 = AXIS2_PLACEMENT_3D ( 'NONE', #1689, #2880, #1397 ) ;
#695 = EDGE_CURVE ( 'NONE', #966, #2277, #134, .T. ) ;
#696 = CARTESIAN_POINT ( 'NONE',  ( -53.36879502661794561, -40.30508652763449362, 9.000000000000003553 ) ) ;
#697 = VERTEX_POINT ( 'NONE', #2516 ) ;
#698 = DIRECTION ( 'NONE',  ( -0.000000000000000000, -0.000000000000000000, -1.000000000000000000 ) ) ;
#700 = ORIENTED_EDGE ( 'NONE', *, *, #2157, .T. ) ;
#699 = CARTESIAN_POINT ( 'NONE',  ( 35.25178566874065922, 40.00178566873292851, -8.000000000000000000 ) ) ;
#701 = AXIS2_PLACEMENT_3D ( 'NONE', #2924, #3524, #2651 ) ;
#702 = CARTESIAN_POINT ( 'NONE',  ( -32.50178566874065922, -40.00178566873292851, -8.000000000000000000 ) ) ;
#704 = EDGE_LOOP ( 'NONE', ( #3599, #2388, #384, #3198 ) ) ;
#703 = DIRECTION ( 'NONE',  ( -1.000000000000000000, 0.000000000000000000, 0.000000000000000000 ) ) ;
#705 = EDGE_CURVE ( 'NONE', #1003, #2306, #3039, .T. ) ;
#706 = LINE ( 'NONE', #3062, #254 ) ;
#708 = VERTEX_POINT ( 'NONE', #2117 ) ;
#707 = DIRECTION ( 'NONE',  ( 0.000000000000000000, 0.000000000000000000, 1.000000000000000000 ) ) ;
#709 = VECTOR ( 'NONE', #3287, 1000.000000000000000 ) ;
#710 = VECTOR ( 'NONE', #2728, 1000.000000000000000 ) ;
#711 = CARTESIAN_POINT ( 'NONE',  ( -51.61879502661800956, -40.30508652763449362, 9.000000000000003553 ) ) ;
#712 = AXIS2_PLACEMENT_3D ( 'NONE', #2718, #2020, #656 ) ;
#713 = CARTESIAN_POINT ( 'NONE',  ( -34.74873734152950533, 19.19238815542602694, 9.000000000000001776 ) ) ;
#714 = ORIENTED_EDGE ( 'NONE', *, *, #3793, .T. ) ;
#715 = ADVANCED_FACE ( 'NONE', ( #1543 ), #3338, .T. ) ;
#716 = FACE_BOUND ( 'NONE', #1725, .T. ) ;
#717 = LINE ( 'NONE', #3088, #2078 ) ;
#719 = ORIENTED_EDGE ( 'NONE', *, *, #1762, .F. ) ;
#718 = DIRECTION ( 'NONE',  ( -0.7071067811869252706, -0.7071067811861698749, 0.000000000000000000 ) ) ;
#720 = DIRECTION ( 'NONE',  ( 1.000000000000000000, 0.000000000000000000, -0.000000000000000000 ) ) ;
#721 = AXIS2_PLACEMENT_3D ( 'NONE', #373, #1560, #2005 ) ;
#723 = EDGE_LOOP ( 'NONE', ( #530, #1854, #2309, #3347, #962, #628 ) ) ;
#722 = CYLINDRICAL_SURFACE ( 'NONE', #2066, 1.750000000000001554 ) ;
#724 = CARTESIAN_POINT ( 'NONE',  ( 45.25483399594766354, 60.81118318203566275, 9.000000000000001776 ) ) ;
#725 = EDGE_CURVE ( 'NONE', #3759, #757, #1094, .T. ) ;
#727 = ORIENTED_EDGE ( 'NONE', *, *, #617, .T. ) ;
#726 = CARTESIAN_POINT ( 'NONE',  ( 53.36879502661851404, 40.30508652763388966, 9.000000000000003553 ) ) ;
#728 = DIRECTION ( 'NONE',  ( 1.000000000000000000, 0.000000000000000000, 0.000000000000000000 ) ) ;
#729 = CIRCLE ( 'NONE', #3153, 13.00000000000000178 ) ;
#730 = EDGE_LOOP ( 'NONE', ( #3046, #2089 ) ) ;
#731 = PLANE ( 'NONE',  #3184 ) ;
#732 = CARTESIAN_POINT ( 'NONE',  ( -44.75178566874065211, -40.00178566873292851, -8.000000000000000000 ) ) ;
#734 = ORIENTED_EDGE ( 'NONE', *, *, #1122, .F. ) ;
#733 = DIRECTION ( 'NONE',  ( 0.000000000000000000, 0.000000000000000000, -1.000000000000000000 ) ) ;
#735 = EDGE_CURVE ( 'NONE', #2522, #1821, #1916, .T. ) ;
#736 = FACE_OUTER_BOUND ( 'NONE', #2144, .T. ) ;
#738 = VERTEX_POINT ( 'NONE', #177 ) ;
#737 = DIRECTION ( 'NONE',  ( 0.000000000000000000, -0.000000000000000000, -1.000000000000000000 ) ) ;
#739 = VERTEX_POINT ( 'NONE', #2865 ) ;
#740 = CARTESIAN_POINT ( 'NONE',  ( 38.55508652763381860, -51.61879502661854247, 9.000000000000003553 ) ) ;
#742 = ORIENTED_EDGE ( 'NONE', *, *, #2940, .T. ) ;
#741 = CYLINDRICAL_SURFACE ( 'NONE', #955, 7.500000000000000000 ) ;
#743 = DIRECTION ( 'NONE',  ( 0.000000000000000000, 0.000000000000000000, 1.000000000000000000 ) ) ;
#744 = APPROVAL_ROLE ( '' ) ;
#745 = VECTOR ( 'NONE', #1351, 1000.000000000000000 ) ;
#746 = EDGE_LOOP ( 'NONE', ( #3736, #1548, #2565, #2493 ) ) ;
#748 = CARTESIAN_POINT ( 'NONE',  ( 38.55508652763381860, -51.61879502661854247, 0.000000000000000000 ) ) ;
#747 = FACE_OUTER_BOUND ( 'NONE', #3685, .T. ) ;
#750 = ORIENTED_EDGE ( 'NONE', *, *, #2992, .F. ) ;
#749 = LINE ( 'NONE', #815, #1329 ) ;
#752 = ORIENTED_EDGE ( 'NONE', *, *, #1302, .T. ) ;
#751 = CARTESIAN_POINT ( 'NONE',  ( -37.47665940288732855, -26.16295090390314471, 3.000000000000000000 ) ) ;
#753 = LINE ( 'NONE', #1361, #853 ) ;
#754 = CIRCLE ( 'NONE', #1380, 1.750000000000001554 ) ;
#756 = VERTEX_POINT ( 'NONE', #2216 ) ;
#755 = DIRECTION ( 'NONE',  ( -1.000000000000000000, 0.000000000000000000, 0.000000000000000000 ) ) ;
#757 = VERTEX_POINT ( 'NONE', #1027 ) ;
#758 = EDGE_CURVE ( 'NONE', #2797, #1695, #2841, .T. ) ;
#759 = VECTOR ( 'NONE', #2122, 1000.000000000000000 ) ;
#760 = FACE_BOUND ( 'NONE', #1782, .T. ) ;
#761 = CARTESIAN_POINT ( 'NONE',  ( 40.00178566874065922, 40.00178566873292851, -8.000000000000000000 ) ) ;
#763 = VERTEX_POINT ( 'NONE', #3410 ) ;
#762 = CARTESIAN_POINT ( 'NONE',  ( -13.49999999999999467, 15.25000000000000000, 0.000000000000000000 ) ) ;
#764 = LINE ( 'NONE', #785, #2783 ) ;
#765 = COORDINATED_UNIVERSAL_TIME_OFFSET ( 5, 30, .AHEAD. ) ;
#766 = VERTEX_POINT ( 'NONE', #199 ) ;
#767 = AXIS2_PLACEMENT_3D ( 'NONE', #2979, #574, #281 ) ;
#769 = DIRECTION ( 'NONE',  ( -0.000000000000000000, -0.000000000000000000, -1.000000000000000000 ) ) ;
#768 = CARTESIAN_POINT ( 'NONE',  ( 38.55508652763381860, 51.61879502661854247, 9.000000000000003553 ) ) ;
#770 = ADVANCED_FACE ( 'NONE', ( #736 ), #535, .F. ) ;
#772 = ORIENTED_EDGE ( 'NONE', *, *, #2925, .F. ) ;
#771 = DIRECTION ( 'NONE',  ( -0.000000000000000000, -0.000000000000000000, -1.000000000000000000 ) ) ;
#774 = ORIENTED_EDGE ( 'NONE', *, *, #3255, .T. ) ;
#773 = CYLINDRICAL_SURFACE ( 'NONE', #2543, 1.749999999999939160 ) ;
#775 = CIRCLE ( 'NONE', #3636, 1.749999999999999778 ) ;
#776 = EDGE_CURVE ( 'NONE', #2779, #2148, #3172, .T. ) ;
#777 = PLANE ( 'NONE',  #2210 ) ;
#779 = ORIENTED_EDGE ( 'NONE', *, *, #685, .F. ) ;
#778 = DIRECTION ( 'NONE',  ( 0.7071067811861698749, 0.7071067811869251596, 0.000000000000000000 ) ) ;
#780 = EDGE_LOOP ( 'NONE', ( #2823, #3386, #1765, #772 ) ) ;
#781 = DIRECTION ( 'NONE',  ( 1.000000000000000000, 0.000000000000000000, 0.000000000000000000 ) ) ;
#782 = DIRECTION ( 'NONE',  ( 1.000000000000000000, 0.000000000000000000, 0.000000000000000000 ) ) ;
#784 = VERTEX_POINT ( 'NONE', #3729 ) ;
#783 = CARTESIAN_POINT ( 'NONE',  ( -15.24999999999999645, -15.25000000000000000, 3.000000000000000000 ) ) ;
#785 = CARTESIAN_POINT ( 'NONE',  ( 45.25483399594766354, -60.81118318203566275, 9.000000000000001776 ) ) ;
#786 = EDGE_CURVE ( 'NONE', #2306, #1052, #443, .T. ) ;
#787 = APPROVAL_ROLE ( '' ) ;
#788 = ORIENTED_EDGE ( 'NONE', *, *, #3111, .F. ) ;
#790 = DIRECTION ( 'NONE',  ( 0.000000000000000000, -0.000000000000000000, -1.000000000000000000 ) ) ;
#789 = LINE ( 'NONE', #3212, #317 ) ;
#792 = ORIENTED_EDGE ( 'NONE', *, *, #2690, .F. ) ;
#791 = LINE ( 'NONE', #1957, #1581 ) ;
#794 = ORIENTED_EDGE ( 'NONE', *, *, #1054, .T. ) ;
#793 = PLANE ( 'NONE',  #2852 ) ;
#795 = CARTESIAN_POINT ( 'NONE',  ( -35.72665940288732855, 26.16295090390314471, 3.000000000000000000 ) ) ;
#797 = ORIENTED_EDGE ( 'NONE', *, *, #3579, .T. ) ;
#796 = PLANE ( 'NONE',  #494 ) ;
#798 = EDGE_LOOP ( 'NONE', ( #3711, #1568, #1710, #3138 ) ) ;
#799 = EDGE_CURVE ( 'NONE', #1585, #3220, #3452, .T. ) ;
#800 = CIRCLE ( 'NONE', #3042, 1.750000000000001554 ) ;
#801 = AXIS2_PLACEMENT_3D ( 'NONE', #1292, #2772, #3323 ) ;
#802 = FACE_BOUND ( 'NONE', #1451, .T. ) ;
#803 = DIRECTION ( 'NONE',  ( -1.000000000000000000, 0.000000000000000000, 0.000000000000000000 ) ) ;
#805 = ORIENTED_EDGE ( 'NONE', *, *, #3430, .F. ) ;
#804 = DIRECTION ( 'NONE',  ( -0.000000000000000000, -0.000000000000000000, -1.000000000000000000 ) ) ;
#806 = AXIS2_PLACEMENT_3D ( 'NONE', #1015, #2200, #1274 ) ;
#807 = DIRECTION ( 'NONE',  ( 1.000000000000000000, 0.000000000000000000, 0.000000000000000000 ) ) ;
#808 = DATE_TIME_ROLE ( 'creation_date' ) ;
#809 = ORIENTED_EDGE ( 'NONE', *, *, #860, .F. ) ;
#810 = CIRCLE ( 'NONE', #2868, 7.500000000000000000 ) ;
#811 = EDGE_CURVE ( 'NONE', #757, #3759, #2712, .T. ) ;
#813 = DIRECTION ( 'NONE',  ( 1.000000000000000000, 0.000000000000000000, 0.000000000000000000 ) ) ;
#812 = CARTESIAN_POINT ( 'NONE',  ( -26.16295090390257272, -37.47665940288790409, 9.000000000000003553 ) ) ;
#814 = VECTOR ( 'NONE', #1570, 1000.000000000000000 ) ;
#815 = CARTESIAN_POINT ( 'NONE',  ( -23.66295090390275391, 10.00000000000000000, 3.000000000000000000 ) ) ;
#817 = ORIENTED_EDGE ( 'NONE', *, *, #2863, .F. ) ;
#816 = FACE_BOUND ( 'NONE', #2824, .T. ) ;
#818 = FACE_OUTER_BOUND ( 'NONE', #3561, .T. ) ;
#820 = EDGE_LOOP ( 'NONE', ( #218, #1, #201, #1259 ) ) ;
#819 = DIRECTION ( 'NONE',  ( -0.000000000000000000, 0.000000000000000000, 1.000000000000000000 ) ) ;
#821 = EDGE_LOOP ( 'NONE', ( #3243, #2143, #1212, #2188 ) ) ;
#822 = AXIS2_PLACEMENT_3D ( 'NONE', #2369, #2590, #2038 ) ;
#823 = DIRECTION ( 'NONE',  ( 0.000000000000000000, -0.000000000000000000, -1.000000000000000000 ) ) ;
#824 = CARTESIAN_POINT ( 'NONE',  ( -31.81980515339495597, 12.12132034356053722, 3.000000000000000000 ) ) ;
#825 = ADVANCED_FACE ( 'NONE', ( #1962, #3707, #2821 ), #777, .T. ) ;
#827 = ORIENTED_EDGE ( 'NONE', *, *, #1665, .F. ) ;
#826 = CARTESIAN_POINT ( 'NONE',  ( -28.66295090390276101, 0.000000000000000000, 3.000000000000000000 ) ) ;
#828 = AXIS2_PLACEMENT_3D ( 'NONE', #1886, #2786, #3076 ) ;
#829 = CARTESIAN_POINT ( 'NONE',  ( -28.66295090390276101, -10.00000000000000000, 3.000000000000000000 ) ) ;
#830 = CALENDAR_DATE ( 2026, 2, 5 ) ;
#831 = ORIENTED_EDGE ( 'NONE', *, *, #987, .T. ) ;
#832 = VECTOR ( 'NONE', #461, 999.9999999999998863 ) ;
#834 = DIRECTION ( 'NONE',  ( -0.000000000000000000, -0.000000000000000000, -1.000000000000000000 ) ) ;
#833 = FACE_OUTER_BOUND ( 'NONE', #3383, .T. ) ;
#835 = EDGE_CURVE ( 'NONE', #2073, #927, #753, .T. ) ;
#836 = DIRECTION ( 'NONE',  ( -0.000000000000000000, -0.000000000000000000, -1.000000000000000000 ) ) ;
#837 = ORIENTED_EDGE ( 'NONE', *, *, #953, .F. ) ;
#838 = AXIS2_PLACEMENT_3D ( 'NONE', #3167, #1692, #3407 ) ;
#839 = VECTOR ( 'NONE', #3542, 1000.000000000000000 ) ;
#840 = EDGE_CURVE ( 'NONE', #15, #2385, #2715, .T. ) ;
#841 = CARTESIAN_POINT ( 'NONE',  ( -19.19238815544207810, 34.74873734153007376, 3.000000000000000000 ) ) ;
#843 = ORIENTED_EDGE ( 'NONE', *, *, #3763, .T. ) ;
#842 = FACE_OUTER_BOUND ( 'NONE', #704, .T. ) ;
#844 = ORIENTED_EDGE ( 'NONE', *, *, #2528, .T. ) ;
#845 = VECTOR ( 'NONE', #3066, 1000.000000000000000 ) ;
#846 = DIRECTION ( 'NONE',  ( 1.000000000000000000, 0.000000000000000000, 0.000000000000000000 ) ) ;
#847 = CARTESIAN_POINT ( 'NONE',  ( -13.49999999999999645, -15.25000000000000000, 3.000000000000000000 ) ) ;
#849 = ORIENTED_EDGE ( 'NONE', *, *, #3651, .T. ) ;
#848 = FACE_OUTER_BOUND ( 'NONE', #366, .T. ) ;
#850 = DIRECTION ( 'NONE',  ( -1.000000000000000000, 0.000000000000000000, 0.000000000000000000 ) ) ;
#851 = PERSON_AND_ORGANIZATION_ROLE ( 'creator' ) ;
#852 = ORIENTED_EDGE ( 'NONE', *, *, #625, .F. ) ;
#853 = VECTOR ( 'NONE', #1067, 1000.000000000000000 ) ;
#854 = EDGE_CURVE ( 'NONE', #246, #2462, #1028, .T. ) ;
#855 = EDGE_CURVE ( 'NONE', #2040, #3640, #1652, .T. ) ;
#857 = PLANE ( 'NONE',  #701 ) ;
#856 = CARTESIAN_POINT ( 'NONE',  ( 32.50178566874065922, 40.00178566873292851, -8.000000000000000000 ) ) ;
#858 = CARTESIAN_POINT ( 'NONE',  ( 45.25483399594766354, 60.81118318203566275, 9.000000000000001776 ) ) ;
#859 = ORIENTED_EDGE ( 'NONE', *, *, #1287, .T. ) ;
#860 = EDGE_CURVE ( 'NONE', #3655, #1052, #2297, .T. ) ;
#861 = DIRECTION ( 'NONE',  ( -0.000000000000000000, 0.000000000000000000, 1.000000000000000000 ) ) ;
#863 = ORIENTED_EDGE ( 'NONE', *, *, #860, .T. ) ;
#862 = DIRECTION ( 'NONE',  ( -1.000000000000000000, 0.000000000000000000, 0.000000000000000000 ) ) ;
#864 = EDGE_CURVE ( 'NONE', #1736, #2436, #1940, .T. ) ;
#865 = FACE_OUTER_BOUND ( 'NONE', #1643, .T. ) ;
#866 = CARTESIAN_POINT ( 'NONE',  ( -51.61879502661800956, 40.30508652763449362, 3.000000000000000000 ) ) ;
#868 = ORIENTED_EDGE ( 'NONE', *, *, #1353, .T. ) ;
#867 = FACE_OUTER_BOUND ( 'NONE', #934, .T. ) ;
#869 = DIRECTION ( 'NONE',  ( -0.7071067811861698749, -0.7071067811869252706, 0.000000000000000000 ) ) ;
#870 = AXIS2_PLACEMENT_3D ( 'NONE', #473, #2220, #3414 ) ;
#871 = ORIENTED_EDGE ( 'NONE', *, *, #3244, .T. ) ;
#872 = ORIENTED_EDGE ( 'NONE', *, *, #1988, .F. ) ;
#874 = CARTESIAN_POINT ( 'NONE',  ( -47.50178566874065922, 40.00178566873292851, 0.000000000000000000 ) ) ;
#873 = DIRECTION ( 'NONE',  ( 0.000000000000000000, 0.000000000000000000, 1.000000000000000000 ) ) ;
#875 = DIRECTION ( 'NONE',  ( -0.000000000000000000, 0.000000000000000000, 1.000000000000000000 ) ) ;
#876 = ADVANCED_FACE ( 'NONE', ( #818 ), #3472, .F. ) ;
#877 = ADVANCED_FACE ( 'NONE', ( #300 ), #3830, .F. ) ;
#878 = VERTEX_POINT ( 'NONE', #2041 ) ;
#879 = CIRCLE ( 'NONE', #505, 1.750000000000001554 ) ;
#880 = FACE_OUTER_BOUND ( 'NONE', #316, .T. ) ;
#882 = ORIENTED_EDGE ( 'NONE', *, *, #3496, .F. ) ;
#881 = DIRECTION ( 'NONE',  ( -0.000000000000000000, 0.000000000000000000, 1.000000000000000000 ) ) ;
#883 = CIRCLE ( 'NONE', #2111, 4.749999999999997335 ) ;
#884 = DIRECTION ( 'NONE',  ( -0.000000000000000000, -0.000000000000000000, -1.000000000000000000 ) ) ;
#885 = DIRECTION ( 'NONE',  ( -0.000000000000000000, -0.000000000000000000, -1.000000000000000000 ) ) ;
#887 = VERTEX_POINT ( 'NONE', #841 ) ;
#886 = DIRECTION ( 'NONE',  ( 1.000000000000000000, 0.000000000000000000, 0.000000000000000000 ) ) ;
#888 = EDGE_CURVE ( 'NONE', #1589, #2946, #2338, .T. ) ;
#889 = CARTESIAN_POINT ( 'NONE',  ( -44.75178566874065211, -40.00178566873292851, 0.000000000000000000 ) ) ;
#890 = ORIENTED_EDGE ( 'NONE', *, *, #143, .T. ) ;
#891 = VECTOR ( 'NONE', #562, 1000.000000000000000 ) ;
#892 = ORIENTED_EDGE ( 'NONE', *, *, #3693, .F. ) ;
#893 = AXIS2_PLACEMENT_3D ( 'NONE', #2583, #563, #1074 ) ;
#895 = CARTESIAN_POINT ( 'NONE',  ( 45.25483399593931466, 60.81118318204386242, 0.000000000000000000 ) ) ;
#894 = DIRECTION ( 'NONE',  ( 0.7071067811865472397, -0.7071067811865479058, 0.000000000000000000 ) ) ;
#896 = ORIENTED_EDGE ( 'NONE', *, *, #440, .T. ) ;
#897 = ADVANCED_FACE ( 'NONE', ( #1442 ), #1773, .F. ) ;
#898 = AXIS2_PLACEMENT_3D ( 'NONE', #2421, #3268, #869 ) ;
#899 = DIRECTION ( 'NONE',  ( -0.000000000000000000, -0.000000000000000000, -1.000000000000000000 ) ) ;
#901 = ORIENTED_EDGE ( 'NONE', *, *, #2687, .T. ) ;
#900 = CARTESIAN_POINT ( 'NONE',  ( -40.30508652763334254, -51.61879502661891905, 0.000000000000000000 ) ) ;
#902 = CIRCLE ( 'NONE', #1008, 1.749999999999994671 ) ;
#903 = VECTOR ( 'NONE', #771, 1000.000000000000000 ) ;
#904 = ADVANCED_FACE ( 'NONE', ( #1464 ), #262, .F. ) ;
#905 = DIRECTION ( 'NONE',  ( 1.000000000000000000, 0.000000000000000000, 0.000000000000000000 ) ) ;
#906 = CARTESIAN_POINT ( 'NONE',  ( -44.75178566874065211, 40.00178566873292851, -8.000000000000000000 ) ) ;
#908 = ORIENTED_EDGE ( 'NONE', *, *, #468, .T. ) ;
#907 = CARTESIAN_POINT ( 'NONE',  ( -13.49999999999999467, 15.25000000000000000, 3.000000000000000000 ) ) ;
#909 = CIRCLE ( 'NONE', #3078, 1.750000000000001554 ) ;
#910 = DIRECTION ( 'NONE',  ( 1.000000000000000000, 0.000000000000000000, 0.000000000000000000 ) ) ;
#911 = ORIENTED_EDGE ( 'NONE', *, *, #477, .F. ) ;
#912 = ORIENTED_EDGE ( 'NONE', *, *, #1541, .T. ) ;
#913 = EDGE_CURVE ( 'NONE', #2685, #3652, #916, .T. ) ;
#914 = CARTESIAN_POINT ( 'NONE',  ( -34.74873734152950533, -19.19238815542602694, 9.000000000000001776 ) ) ;
#915 = ORIENTED_EDGE ( 'NONE', *, *, #406, .T. ) ;
#916 = LINE ( 'NONE', #1131, #2834 ) ;
#918 = ORIENTED_EDGE ( 'NONE', *, *, #1396, .T. ) ;
#917 = DIRECTION ( 'NONE',  ( -0.000000000000000000, -0.000000000000000000, -1.000000000000000000 ) ) ;
#919 = DIRECTION ( 'NONE',  ( -0.7071067811865556774, 0.7071067811865394681, 0.000000000000000000 ) ) ;
#920 = DIRECTION ( 'NONE',  ( -0.000000000000000000, -0.000000000000000000, -1.000000000000000000 ) ) ;
#921 = AXIS2_PLACEMENT_3D ( 'NONE', #3674, #369, #1899 ) ;
#923 = ORIENTED_EDGE ( 'NONE', *, *, #371, .F. ) ;
#922 = CYLINDRICAL_SURFACE ( 'NONE', #2580, 1.750000000000001554 ) ;
#924 = EDGE_CURVE ( 'NONE', #2764, #431, #3511, .T. ) ;
#925 = CIRCLE ( 'NONE', #2413, 1.750000000000001554 ) ;
#926 = DIRECTION ( 'NONE',  ( 0.000000000000000000, 0.000000000000000000, 1.000000000000000000 ) ) ;
#927 = VERTEX_POINT ( 'NONE', #1734 ) ;
#928 = EDGE_LOOP ( 'NONE', ( #2126, #1993 ) ) ;
#929 = CARTESIAN_POINT ( 'NONE',  ( 31.81980515339460780, -12.12132034357699695, 3.000000000000000000 ) ) ;
#930 = EDGE_LOOP ( 'NONE', ( #641, #2081 ) ) ;
#931 = EDGE_CURVE ( 'NONE', #3675, #2384, #3343, .T. ) ;
#932 = DIRECTION ( 'NONE',  ( -0.000000000000000000, 0.000000000000000000, 1.000000000000000000 ) ) ;
#934 = EDGE_LOOP ( 'NONE', ( #2233, #2807, #1554, #3791 ) ) ;
#933 = CYLINDRICAL_SURFACE ( 'NONE', #1855, 7.500000000000000000 ) ;
#935 = VECTOR ( 'NONE', #527, 1000.000000000000000 ) ;
#936 = DIRECTION ( 'NONE',  ( 0.000000000000000000, -0.000000000000000000, -1.000000000000000000 ) ) ;
#937 = DIRECTION ( 'NONE',  ( -1.000000000000000000, 0.000000000000000000, 0.000000000000000000 ) ) ;
#938 = CC_DESIGN_APPROVAL ( #149, ( #3139 ) ) ;
#940 = ORIENTED_EDGE ( 'NONE', *, *, #1823, .F. ) ;
#939 = CARTESIAN_POINT ( 'NONE',  ( -26.16295090390257272, 37.47665940288790409, 0.000000000000000000 ) ) ;
#941 = DIRECTION ( 'NONE',  ( -0.000000000000000000, -0.000000000000000000, -1.000000000000000000 ) ) ;
#942 = ADVANCED_FACE ( 'NONE', ( #3217, #880 ), #2356, .F. ) ;
#944 = EDGE_LOOP ( 'NONE', ( #2007, #2884 ) ) ;
#943 = DIRECTION ( 'NONE',  ( 0.000000000000000000, 0.000000000000000000, 1.000000000000000000 ) ) ;
#945 = ORIENTED_EDGE ( 'NONE', *, *, #3588, .T. ) ;
#946 = DIRECTION ( 'NONE',  ( -0.000000000000000000, -0.000000000000000000, -1.000000000000000000 ) ) ;
#947 = VECTOR ( 'NONE', #3087, 1000.000000000000000 ) ;
#948 = VERTEX_POINT ( 'NONE', #2656 ) ;
#949 = EDGE_CURVE ( 'NONE', #3790, #2017, #626, .T. ) ;
#950 = DIRECTION ( 'NONE',  ( -0.000000000000000000, -0.000000000000000000, -1.000000000000000000 ) ) ;
#952 = EDGE_LOOP ( 'NONE', ( #3782, #3017 ) ) ;
#951 = DIRECTION ( 'NONE',  ( 0.7071067811865552333, 0.7071067811865398012, 0.000000000000000000 ) ) ;
#953 = EDGE_CURVE ( 'NONE', #2558, #44, #593, .T. ) ;
#954 = CARTESIAN_POINT ( 'NONE',  ( 40.00178566874065922, 40.00178566873292851, -8.000000000000000000 ) ) ;
#955 = AXIS2_PLACEMENT_3D ( 'NONE', #3664, #1870, #1924 ) ;
#956 = CARTESIAN_POINT ( 'NONE',  ( -60.81118318204337925, 45.25483399593993994, 9.000000000000001776 ) ) ;
#958 = ORIENTED_EDGE ( 'NONE', *, *, #2549, .T. ) ;
#957 = CYLINDRICAL_SURFACE ( 'NONE', #1207, 9.999999999999994671 ) ;
#959 = DIRECTION ( 'NONE',  ( 1.000000000000000000, 0.000000000000000000, 0.000000000000000000 ) ) ;
#960 = CIRCLE ( 'NONE', #2022, 10.00000000000000355 ) ;
#962 = ORIENTED_EDGE ( 'NONE', *, *, #2903, .T. ) ;
#961 = CARTESIAN_POINT ( 'NONE',  ( -34.74873734152950533, 19.19238815542602694, 0.000000000000000000 ) ) ;
#963 = ORIENTED_EDGE ( 'NONE', *, *, #3521, .F. ) ;
#964 = DIRECTION ( 'NONE',  ( 1.000000000000000000, 0.000000000000000000, 0.000000000000000000 ) ) ;
#965 = LINE ( 'NONE', #1893, #1686 ) ;
#966 = VERTEX_POINT ( 'NONE', #2061 ) ;
#967 = EDGE_CURVE ( 'NONE', #2551, #2620, #27, .T. ) ;
#968 = EDGE_CURVE ( 'NONE', #3252, #1520, #649, .T. ) ;
#969 = LINE ( 'NONE', #1898, #2820 ) ;
#971 = ORIENTED_EDGE ( 'NONE', *, *, #2819, .F. ) ;
#970 = CARTESIAN_POINT ( 'NONE',  ( 34.74873734152950533, -19.19238815542602694, 9.000000000000001776 ) ) ;
#972 = FACE_OUTER_BOUND ( 'NONE', #1107, .T. ) ;
#973 = DIRECTION ( 'NONE',  ( -1.000000000000000000, 0.000000000000000000, -0.000000000000000000 ) ) ;
#975 = ORIENTED_EDGE ( 'NONE', *, *, #2690, .T. ) ;
#974 = DIRECTION ( 'NONE',  ( -0.000000000000000000, -0.000000000000000000, -1.000000000000000000 ) ) ;
#976 = ADVANCED_FACE ( 'NONE', ( #1173 ), #3547, .F. ) ;
#977 = AXIS2_PLACEMENT_3D ( 'NONE', #175, #1401, #1106 ) ;
#978 = CARTESIAN_POINT ( 'NONE',  ( 15.25000000000000355, 15.25000000000000000, 3.000000000000000000 ) ) ;
#979 = AXIS2_PLACEMENT_3D ( 'NONE', #3161, #1996, #1951 ) ;
#981 = ORIENTED_EDGE ( 'NONE', *, *, #308, .F. ) ;
#980 = LINE ( 'NONE', #1033, #2953 ) ;
#982 = ORIENTED_EDGE ( 'NONE', *, *, #2350, .F. ) ;
#983 = EDGE_CURVE ( 'NONE', #1493, #1654, #314, .T. ) ;
#984 = DIRECTION ( 'NONE',  ( 0.000000000000000000, -0.000000000000000000, -1.000000000000000000 ) ) ;
#985 = PERSON_AND_ORGANIZATION ( #558, #1251 ) ;
#986 = ORIENTED_EDGE ( 'NONE', *, *, #2803, .F. ) ;
#987 = EDGE_CURVE ( 'NONE', #2828, #3556, #1827, .T. ) ;
#988 = CARTESIAN_POINT ( 'NONE',  ( -32.50178566874065922, 40.00178566873292851, 0.000000000000000000 ) ) ;
#990 = VERTEX_POINT ( 'NONE', #2995 ) ;
#989 = DIRECTION ( 'NONE',  ( 0.000000000000000000, -0.000000000000000000, -1.000000000000000000 ) ) ;
#991 = DIRECTION ( 'NONE',  ( -0.7071067811865409114, 0.7071067811865541231, 0.000000000000000000 ) ) ;
#992 = FACE_BOUND ( 'NONE', #3596, .T. ) ;
#994 = ORIENTED_EDGE ( 'NONE', *, *, #3027, .F. ) ;
#993 = DIRECTION ( 'NONE',  ( -1.000000000000000000, 0.000000000000000000, 0.000000000000000000 ) ) ;
#995 = VECTOR ( 'NONE', #337, 1000.000000000000000 ) ;
#997 = DIRECTION ( 'NONE',  ( 1.000000000000000000, 0.000000000000000000, 0.000000000000000000 ) ) ;
#996 = AXIS2_PLACEMENT_3D ( 'NONE', #3349, #1295, #2795 ) ;
#998 = ADVANCED_FACE ( 'NONE', ( #334 ), #3788, .F. ) ;
#1000 = ORIENTED_EDGE ( 'NONE', *, *, #835, .F. ) ;
#999 = CARTESIAN_POINT ( 'NONE',  ( -56.88982074412646028, -49.17619643385685890, 9.000000000000001776 ) ) ;
#1001 = CARTESIAN_POINT ( 'NONE',  ( -35.72665940288732855, -26.16295090390314471, 3.000000000000000000 ) ) ;
#1002 = DIRECTION ( 'NONE',  ( 0.7071067811865469066, 0.7071067811865482389, -0.000000000000000000 ) ) ;
#1003 = VERTEX_POINT ( 'NONE', #386 ) ;
#1004 = CARTESIAN_POINT ( 'NONE',  ( 19.19238815544207810, 34.74873734153007376, 9.000000000000001776 ) ) ;
#1005 = CARTESIAN_POINT ( 'NONE',  ( -23.66295090390275391, 0.000000000000000000, 3.000000000000000000 ) ) ;
#1007 = ORIENTED_EDGE ( 'NONE', *, *, #2071, .T. ) ;
#1006 = CARTESIAN_POINT ( 'NONE',  ( 40.00178566874065922, 40.00178566873292851, -8.000000000000000000 ) ) ;
#1008 = AXIS2_PLACEMENT_3D ( 'NONE', #2874, #541, #3478 ) ;
#1009 = ADVANCED_FACE ( 'NONE', ( #2131 ), #2743, .F. ) ;
#1010 = CIRCLE ( 'NONE', #3193, 7.500000000000000000 ) ;
#1011 = LINE ( 'NONE', #1578, #1409 ) ;
#1013 = ORIENTED_EDGE ( 'NONE', *, *, #40, .F. ) ;
#1012 = DIRECTION ( 'NONE',  ( -0.000000000000000000, -0.000000000000000000, -1.000000000000000000 ) ) ;
#1014 = EDGE_CURVE ( 'NONE', #2161, #2021, #342, .T. ) ;
#1015 = CARTESIAN_POINT ( 'NONE',  ( -40.00178566874065922, 40.00178566873292851, -8.000000000000000000 ) ) ;
#1017 = ORIENTED_EDGE ( 'NONE', *, *, #2174, .F. ) ;
#1016 = DIRECTION ( 'NONE',  ( -0.7071067811861698749, 0.7071067811869252706, -0.000000000000000000 ) ) ;
#1018 = AXIS2_PLACEMENT_3D ( 'NONE', #206, #1741, #2936 ) ;
#1019 = CARTESIAN_POINT ( 'NONE',  ( 40.00178566874065922, 40.00178566873292851, 0.000000000000000000 ) ) ;
#1020 = APPLICATION_PROTOCOL_DEFINITION ( 'international standard', 'config_control_design', 1994, #1076 ) ;
#1021 = ORIENTED_EDGE ( 'NONE', *, *, #2528, .F. ) ;
#1022 = EDGE_CURVE ( 'NONE', #576, #739, #3618, .T. ) ;
#1023 = DIRECTION ( 'NONE',  ( 0.7071067811865474617, 0.7071067811865474617, 0.000000000000000000 ) ) ;
#1024 = DIRECTION ( 'NONE',  ( 1.000000000000000000, 0.000000000000000000, 0.000000000000000000 ) ) ;
#1026 = ORIENTED_EDGE ( 'NONE', *, *, #3294, .F. ) ;
#1025 = CARTESIAN_POINT ( 'NONE',  ( -45.25483399594766354, 60.81118318203566275, 9.000000000000001776 ) ) ;
#1027 = CARTESIAN_POINT ( 'NONE',  ( -49.86879502661806640, -40.30508652763449362, 0.000000000000000000 ) ) ;
#1028 = CIRCLE ( 'NONE', #547, 1.750000000000008438 ) ;
#1030 = VERTEX_POINT ( 'NONE', #988 ) ;
#1029 = DIRECTION ( 'NONE',  ( -1.000000000000000000, 0.000000000000000000, 0.000000000000000000 ) ) ;
#1031 = CYLINDRICAL_SURFACE ( 'NONE', #870, 5.999999999999998224 ) ;
#1032 = EDGE_CURVE ( 'NONE', #2769, #2558, #1555, .T. ) ;
#1034 = ORIENTED_EDGE ( 'NONE', *, *, #2667, .F. ) ;
#1033 = CARTESIAN_POINT ( 'NONE',  ( -12.12132034357652977, -31.81980515339552440, 3.000000000000000000 ) ) ;
#1035 = DIRECTION ( 'NONE',  ( 0.7071067811861698749, 0.7071067811869252706, 0.000000000000000000 ) ) ;
#1036 = ORIENTED_EDGE ( 'NONE', *, *, #663, .T. ) ;
#1037 = VECTOR ( 'NONE', #1980, 1000.000000000000000 ) ;
#1038 = DIRECTION ( 'NONE',  ( -0.000000000000000000, -0.000000000000000000, -1.000000000000000000 ) ) ;
#1039 = EDGE_CURVE ( 'NONE', #1152, #1064, #3577, .T. ) ;
#1041 = EDGE_LOOP ( 'NONE', ( #1395, #152, #375, #3308 ) ) ;
#1040 = DIRECTION ( 'NONE',  ( -1.000000000000000000, 0.000000000000000000, 0.000000000000000000 ) ) ;
#1043 = VERTEX_POINT ( 'NONE', #2723 ) ;
#1042 = FACE_OUTER_BOUND ( 'NONE', #2258, .T. ) ;
#1044 = CIRCLE ( 'NONE', #2296, 1.750000000000001554 ) ;
#1045 = CARTESIAN_POINT ( 'NONE',  ( 40.00178566874065922, 40.00178566873292851, -8.000000000000000000 ) ) ;
#1047 = ORIENTED_EDGE ( 'NONE', *, *, #2499, .F. ) ;
#1046 = CARTESIAN_POINT ( 'NONE',  ( 51.61879502661850694, 40.30508652763388966, 3.000000000000000000 ) ) ;
#1048 = ORIENTED_EDGE ( 'NONE', *, *, #3418, .T. ) ;
#1049 = FACE_BOUND ( 'NONE', #2424, .T. ) ;
#1050 = DIRECTION ( 'NONE',  ( -0.000000000000000000, -0.000000000000000000, -1.000000000000000000 ) ) ;
#1052 = VERTEX_POINT ( 'NONE', #58 ) ;
#1051 = CARTESIAN_POINT ( 'NONE',  ( 60.81118318204337925, -45.25483399593993994, 9.000000000000001776 ) ) ;
#1053 = CIRCLE ( 'NONE', #2239, 4.749999999999997335 ) ;
#1054 = EDGE_CURVE ( 'NONE', #1220, #2400, #114, .T. ) ;
#1055 = FACE_OUTER_BOUND ( 'NONE', #820, .T. ) ;
#1056 = CIRCLE ( 'NONE', #632, 4.749999999999997335 ) ;
#1057 = VERTEX_POINT ( 'NONE', #1284 ) ;
#1058 = EDGE_CURVE ( 'NONE', #1649, #3732, #1842, .T. ) ;
#1060 = DIRECTION ( 'NONE',  ( 1.000000000000000000, 0.000000000000000000, 0.000000000000000000 ) ) ;
#1059 = DIRECTION ( 'NONE',  ( 0.000000000000000000, 0.000000000000000000, 1.000000000000000000 ) ) ;
#1062 = VERTEX_POINT ( 'NONE', #2410 ) ;
#1061 = FACE_OUTER_BOUND ( 'NONE', #3649, .T. ) ;
#1064 = VERTEX_POINT ( 'NONE', #2191 ) ;
#1063 = DIRECTION ( 'NONE',  ( -1.000000000000000000, 0.000000000000000000, -0.000000000000000000 ) ) ;
#1065 = AXIS2_PLACEMENT_3D ( 'NONE', #2848, #451, #540 ) ;
#1066 = EDGE_CURVE ( 'NONE', #763, #424, #147, .T. ) ;
#1067 = DIRECTION ( 'NONE',  ( 0.7071067811865398012, 0.7071067811865552333, -0.000000000000000000 ) ) ;
#1069 = ORIENTED_EDGE ( 'NONE', *, *, #1296, .F. ) ;
#1068 = FACE_BOUND ( 'NONE', #2245, .T. ) ;
#1070 = EDGE_LOOP ( 'NONE', ( #196, #1384, #436, #1373 ) ) ;
#1071 = EDGE_CURVE ( 'NONE', #3616, #1112, #2703, .T. ) ;
#1072 = FACE_BOUND ( 'NONE', #944, .T. ) ;
#1073 = CARTESIAN_POINT ( 'NONE',  ( -40.00178566874065922, -40.00178566873292851, -8.000000000000000000 ) ) ;
#1075 = ORIENTED_EDGE ( 'NONE', *, *, #214, .T. ) ;
#1074 = DIRECTION ( 'NONE',  ( 1.000000000000000000, 0.000000000000000000, 0.000000000000000000 ) ) ;
#1076 = APPLICATION_CONTEXT ( 'configuration controlled 3d designs of mechanical parts and assemblies' ) ;
#1077 = DIRECTION ( 'NONE',  ( 1.000000000000000000, 0.000000000000000000, 0.000000000000000000 ) ) ;
#1078 = CIRCLE ( 'NONE', #2882, 13.00000000000000178 ) ;
#1079 = ORIENTED_EDGE ( 'NONE', *, *, #953, .T. ) ;
#1080 = CIRCLE ( 'NONE', #3269, 4.749999999999997335 ) ;
#1082 = CARTESIAN_POINT ( 'NONE',  ( 40.00178566874065922, 40.00178566873292851, -8.000000000000000000 ) ) ;
#1081 = DIRECTION ( 'NONE',  ( 0.000000000000000000, 0.000000000000000000, 1.000000000000000000 ) ) ;
#1084 = ORIENTED_EDGE ( 'NONE', *, *, #3111, .T. ) ;
#1083 = CYLINDRICAL_SURFACE ( 'NONE', #3200, 13.00000000000000178 ) ;
#1086 = ORIENTED_EDGE ( 'NONE', *, *, #1805, .F. ) ;
#1085 = LINE ( 'NONE', #2276, #2609 ) ;
#1087 = AXIS2_PLACEMENT_3D ( 'NONE', #551, #2945, #3827 ) ;
#1088 = CARTESIAN_POINT ( 'NONE',  ( -34.74873734152950533, 19.19238815542602694, 9.000000000000001776 ) ) ;
#1090 = EDGE_LOOP ( 'NONE', ( #2226, #1120 ) ) ;
#1089 = CARTESIAN_POINT ( 'NONE',  ( 68.88982074412703582, -61.17619643385626205, 9.000000000000001776 ) ) ;
#1091 = ADVANCED_FACE ( 'NONE', ( #2113 ), #3053, .F. ) ;
#1092 = ORIENTED_EDGE ( 'NONE', *, *, #3430, .T. ) ;
#1093 = DIRECTION ( 'NONE',  ( -0.000000000000000000, 0.000000000000000000, 1.000000000000000000 ) ) ;
#1094 = CIRCLE ( 'NONE', #3279, 1.749999999999939160 ) ;
#1095 = DIRECTION ( 'NONE',  ( -0.000000000000000000, -0.000000000000000000, -1.000000000000000000 ) ) ;
#1097 = ORIENTED_EDGE ( 'NONE', *, *, #1473, .F. ) ;
#1096 = DIRECTION ( 'NONE',  ( -1.000000000000000000, 0.000000000000000000, 0.000000000000000000 ) ) ;
#1098 = EDGE_CURVE ( 'NONE', #2275, #990, #969, .T. ) ;
#1099 = CYLINDRICAL_SURFACE ( 'NONE', #2846, 7.500000000000000000 ) ;
#1100 = PERSON_AND_ORGANIZATION ( #558, #1251 ) ;
#1101 = ORIENTED_EDGE ( 'NONE', *, *, #1229, .F. ) ;
#1103 = LINE ( 'NONE', #3824, #1509 ) ;
#1102 = DIRECTION ( 'NONE',  ( 0.000000000000000000, 1.000000000000000000, 0.000000000000000000 ) ) ;
#1104 = AXIS2_PLACEMENT_3D ( 'NONE', #524, #2607, #3140 ) ;
#1105 = DIRECTION ( 'NONE',  ( -0.000000000000000000, -0.000000000000000000, -1.000000000000000000 ) ) ;
#1107 = EDGE_LOOP ( 'NONE', ( #1180, #3003, #1533, #1496 ) ) ;
#1106 = DIRECTION ( 'NONE',  ( 1.000000000000000000, 0.000000000000000000, 0.000000000000000000 ) ) ;
#1108 = EDGE_CURVE ( 'NONE', #312, #757, #1266, .T. ) ;
#1109 = DIRECTION ( 'NONE',  ( 1.000000000000000000, 0.000000000000000000, 0.000000000000000000 ) ) ;
#1110 = CIRCLE ( 'NONE', #3778, 6.000000000000003553 ) ;
#1112 = VERTEX_POINT ( 'NONE', #3312 ) ;
#1111 = CARTESIAN_POINT ( 'NONE',  ( 19.19238815544207810, 34.74873734153007376, 9.000000000000001776 ) ) ;
#1113 = EDGE_LOOP ( 'NONE', ( #3147, #1868 ) ) ;
#1114 = VECTOR ( 'NONE', #132, 1000.000000000000000 ) ;
#1115 = EDGE_CURVE ( 'NONE', #54, #2838, #2430, .T. ) ;
#1116 = EDGE_CURVE ( 'NONE', #2918, #3252, #643, .T. ) ;
#1117 = CARTESIAN_POINT ( 'NONE',  ( -49.86879502661806640, 40.30508652763449362, 9.000000000000003553 ) ) ;
#1118 = CARTESIAN_POINT ( 'NONE',  ( -7.778174593051745411, -7.778174593051739194, 3.000000000000000000 ) ) ;
#1120 = ORIENTED_EDGE ( 'NONE', *, *, #3179, .F. ) ;
#1119 = CARTESIAN_POINT ( 'NONE',  ( 0.000000000000000000, 10.00000000000000000, 3.000000000000000000 ) ) ;
#1121 = AXIS2_PLACEMENT_3D ( 'NONE', #3774, #823, #2010 ) ;
#1122 = EDGE_CURVE ( 'NONE', #2927, #2139, #717, .T. ) ;
#1123 = LINE ( 'NONE', #2308, #3157 ) ;
#1124 = EDGE_LOOP ( 'NONE', ( #128, #1752 ) ) ;
#1125 = AXIS2_PLACEMENT_3D ( 'NONE', #667, #2433, #460 ) ;
#1127 = DIRECTION ( 'NONE',  ( 0.000000000000000000, 0.000000000000000000, 1.000000000000000000 ) ) ;
#1126 = CARTESIAN_POINT ( 'NONE',  ( 0.000000000000000000, -10.00000000000000355, 3.000000000000000000 ) ) ;
#1128 = AXIS2_PLACEMENT_3D ( 'NONE', #2225, #3116, #456 ) ;
#1129 = DIRECTION ( 'NONE',  ( -0.000000000000000000, 0.000000000000000000, 1.000000000000000000 ) ) ;
#1130 = ORIENTED_EDGE ( 'NONE', *, *, #924, .T. ) ;
#1131 = CARTESIAN_POINT ( 'NONE',  ( 13.50000000000000355, -15.25000000000000000, 3.000000000000000000 ) ) ;
#1133 = ORIENTED_EDGE ( 'NONE', *, *, #299, .F. ) ;
#1132 = FACE_BOUND ( 'NONE', #2802, .T. ) ;
#1134 = VERTEX_POINT ( 'NONE', #422 ) ;
#1135 = EDGE_CURVE ( 'NONE', #463, #1062, #42, .T. ) ;
#1136 = AXIS2_PLACEMENT_3D ( 'NONE', #3751, #3495, #2008 ) ;
#1137 = LINE ( 'NONE', #2396, #2682 ) ;
#1138 = CARTESIAN_POINT ( 'NONE',  ( -32.50178566874065922, -40.00178566873292851, -8.000000000000000000 ) ) ;
#1140 = ORIENTED_EDGE ( 'NONE', *, *, #2359, .F. ) ;
#1139 = DIRECTION ( 'NONE',  ( 1.000000000000000000, 0.000000000000000000, 0.000000000000000000 ) ) ;
#1141 = EDGE_CURVE ( 'NONE', #738, #2693, #1080, .T. ) ;
#1142 = CIRCLE ( 'NONE', #208, 10.00000000000000178 ) ;
#1143 = LINE ( 'NONE', #2327, #1791 ) ;
#1144 = AXIS2_PLACEMENT_3D ( 'NONE', #3611, #943, #1151 ) ;
#1145 = EDGE_LOOP ( 'NONE', ( #3731, #911 ) ) ;
#1146 = EDGE_CURVE ( 'NONE', #3745, #3350, #791, .T. ) ;
#1147 = AXIS2_PLACEMENT_3D ( 'NONE', #3785, #1129, #3251 ) ;
#1148 = AXIS2_PLACEMENT_3D ( 'NONE', #608, #2947, #3234 ) ;
#1150 = DIRECTION ( 'NONE',  ( -1.000000000000000000, 0.000000000000000000, 0.000000000000000000 ) ) ;
#1149 = CARTESIAN_POINT ( 'NONE',  ( -42.05508652763334254, -51.61879502661891905, 0.000000000000000000 ) ) ;
#1151 = DIRECTION ( 'NONE',  ( 1.000000000000000000, 0.000000000000000000, 0.000000000000000000 ) ) ;
#1152 = VERTEX_POINT ( 'NONE', #3424 ) ;
#1153 = ADVANCED_FACE ( 'NONE', ( #1376 ), #1083, .F. ) ;
#1154 = VECTOR ( 'NONE', #698, 1000.000000000000000 ) ;
#1155 = CIRCLE ( 'NONE', #466, 10.00000000000000178 ) ;
#1156 = DIRECTION ( 'NONE',  ( -1.000000000000000000, 0.000000000000000000, 0.000000000000000000 ) ) ;
#1158 = ORIENTED_EDGE ( 'NONE', *, *, #3521, .T. ) ;
#1157 = CARTESIAN_POINT ( 'NONE',  ( -53.36879502661794561, 40.30508652763449362, 0.000000000000000000 ) ) ;
#1159 = ORIENTED_EDGE ( 'NONE', *, *, #2574, .T. ) ;
#1160 = DIRECTION ( 'NONE',  ( 0.000000000000000000, 0.000000000000000000, 1.000000000000000000 ) ) ;
#1161 = CARTESIAN_POINT ( 'NONE',  ( -23.66295090390275391, 10.00000000000000000, 0.000000000000000000 ) ) ;
#1162 = VECTOR ( 'NONE', #2503, 1000.000000000000000 ) ;
#1164 = ORIENTED_EDGE ( 'NONE', *, *, #3406, .F. ) ;
#1163 = CARTESIAN_POINT ( 'NONE',  ( -35.72665940288732855, 26.16295090390314471, 0.000000000000000000 ) ) ;
#1165 = CARTESIAN_POINT ( 'NONE',  ( 28.66295090390276812, -10.00000000000000355, 0.000000000000000000 ) ) ;
#1166 = EDGE_CURVE ( 'NONE', #2021, #3522, #3447, .T. ) ;
#1167 = ORIENTED_EDGE ( 'NONE', *, *, #2112, .F. ) ;
#1168 = VERTEX_POINT ( 'NONE', #3146 ) ;
#1170 = CARTESIAN_POINT ( 'NONE',  ( 37.47665940288764830, -26.16295090390296352, 9.000000000000003553 ) ) ;
#1169 = FACE_OUTER_BOUND ( 'NONE', #465, .T. ) ;
#1171 = CYLINDRICAL_SURFACE ( 'NONE', #600, 6.000000000000007994 ) ;
#1172 = VERTEX_POINT ( 'NONE', #2230 ) ;
#1173 = FACE_OUTER_BOUND ( 'NONE', #1786, .T. ) ;
#1175 = EDGE_LOOP ( 'NONE', ( #1580, #180 ) ) ;
#1174 = CYLINDRICAL_SURFACE ( 'NONE', #2791, 1.750000000000008438 ) ;
#1176 = AXIS2_PLACEMENT_3D ( 'NONE', #1726, #1393, #807 ) ;
#1177 = DIRECTION ( 'NONE',  ( -1.000000000000000000, 0.000000000000000000, 0.000000000000000000 ) ) ;
#1178 = CARTESIAN_POINT ( 'NONE',  ( -47.50178566874065922, -40.00178566873292851, -8.000000000000000000 ) ) ;
#1180 = ORIENTED_EDGE ( 'NONE', *, *, #3122, .F. ) ;
#1179 = CARTESIAN_POINT ( 'NONE',  ( 32.50178566874065922, 40.00178566873292851, -8.000000000000000000 ) ) ;
#1181 = DIRECTION ( 'NONE',  ( 0.000000000000000000, -0.000000000000000000, -1.000000000000000000 ) ) ;
#1182 = AXIS2_PLACEMENT_3D ( 'NONE', #2599, #2842, #2555 ) ;
#1183 = ORIENTED_EDGE ( 'NONE', *, *, #3683, .T. ) ;
#1184 = ORIENTED_EDGE ( 'NONE', *, *, #416, .T. ) ;
#1185 = EDGE_CURVE ( 'NONE', #188, #3298, #131, .T. ) ;
#1187 = DIRECTION ( 'NONE',  ( -0.000000000000000000, 0.000000000000000000, 1.000000000000000000 ) ) ;
#1186 = DIRECTION ( 'NONE',  ( -0.000000000000000000, -0.000000000000000000, -1.000000000000000000 ) ) ;
#1188 = CIRCLE ( 'NONE', #1617, 1.750000000000008438 ) ;
#1189 = VERTEX_POINT ( 'NONE', #2570 ) ;
#1190 = CIRCLE ( 'NONE', #2623, 1.750000000000001554 ) ;
#1191 = CARTESIAN_POINT ( 'NONE',  ( -40.00178566874065922, 40.00178566873292851, -8.000000000000000000 ) ) ;
#1193 = ORIENTED_EDGE ( 'NONE', *, *, #983, .T. ) ;
#1192 = CARTESIAN_POINT ( 'NONE',  ( -40.00178566874065922, -40.00178566873292851, 0.000000000000000000 ) ) ;
#1194 = AXIS2_PLACEMENT_3D ( 'NONE', #2055, #585, #3309 ) ;
#1195 = ADVANCED_FACE ( 'NONE', ( #3744 ), #2252, .F. ) ;
#1196 = DIRECTION ( 'NONE',  ( -0.000000000000000000, 0.000000000000000000, 1.000000000000000000 ) ) ;
#1197 = LINE ( 'NONE', #2065, #1761 ) ;
#1199 = ORIENTED_EDGE ( 'NONE', *, *, #1098, .T. ) ;
#1198 = CARTESIAN_POINT ( 'NONE',  ( 53.36879502661851404, -40.30508652763388966, 9.000000000000003553 ) ) ;
#1200 = ADVANCED_FACE ( 'NONE', ( #3723 ), #150, .T. ) ;
#1201 = VECTOR ( 'NONE', #28, 1000.000000000000000 ) ;
#1202 = EDGE_CURVE ( 'NONE', #738, #2814, #2859, .T. ) ;
#1203 = LINE ( 'NONE', #1218, #32 ) ;
#1204 = ORIENTED_EDGE ( 'NONE', *, *, #1360, .F. ) ;
#1205 = AXIS2_PLACEMENT_3D ( 'NONE', #612, #2695, #3816 ) ;
#1206 = ORIENTED_EDGE ( 'NONE', *, *, #3617, .T. ) ;
#1207 = AXIS2_PLACEMENT_3D ( 'NONE', #3358, #1902, #993 ) ;
#1208 = CARTESIAN_POINT ( 'NONE',  ( -24.41295090390256917, -37.47665940288790409, 0.000000000000000000 ) ) ;
#1209 = ORIENTED_EDGE ( 'NONE', *, *, #2499, .T. ) ;
#1210 = DIRECTION ( 'NONE',  ( -0.7071067811861698749, -0.7071067811869252706, 0.000000000000000000 ) ) ;
#1212 = ORIENTED_EDGE ( 'NONE', *, *, #3666, .T. ) ;
#1211 = DIRECTION ( 'NONE',  ( 0.000000000000000000, 0.000000000000000000, 1.000000000000000000 ) ) ;
#1213 = CIRCLE ( 'NONE', #3737, 1.749999999999994671 ) ;
#1214 = CARTESIAN_POINT ( 'NONE',  ( 19.19238815542566456, 34.74873734152971849, 0.000000000000000000 ) ) ;
#1215 = DIRECTION ( 'NONE',  ( 0.7071067811861698749, -0.7071067811869252706, -0.000000000000000000 ) ) ;
#1217 = VERTEX_POINT ( 'NONE', #3123 ) ;
#1216 = DIRECTION ( 'NONE',  ( -0.000000000000000000, -0.000000000000000000, -1.000000000000000000 ) ) ;
#1218 = CARTESIAN_POINT ( 'NONE',  ( -45.25483399594766354, -60.81118318203566986, 3.000000000000000000 ) ) ;
#1219 = EDGE_CURVE ( 'NONE', #3675, #3233, #1646, .T. ) ;
#1220 = VERTEX_POINT ( 'NONE', #2591 ) ;
#1221 = ADVANCED_FACE ( 'NONE', ( #1061, #2293, #2883 ), #3467, .T. ) ;
#1222 = ORIENTED_EDGE ( 'NONE', *, *, #2334, .T. ) ;
#1223 = DIRECTION ( 'NONE',  ( 0.000000000000000000, 0.000000000000000000, 1.000000000000000000 ) ) ;
#1224 = VECTOR ( 'NONE', #2598, 1000.000000000000000 ) ;
#1225 = ORIENTED_EDGE ( 'NONE', *, *, #210, .F. ) ;
#1226 = DIRECTION ( 'NONE',  ( -0.000000000000000000, 0.000000000000000000, 1.000000000000000000 ) ) ;
#1228 = EDGE_LOOP ( 'NONE', ( #2336, #831 ) ) ;
#1227 = DIRECTION ( 'NONE',  ( -1.000000000000000000, 0.000000000000000000, 0.000000000000000000 ) ) ;
#1229 = EDGE_CURVE ( 'NONE', #409, #98, #2195, .T. ) ;
#1230 = AXIS2_PLACEMENT_3D ( 'NONE', #211, #1350, #2919 ) ;
#1231 = CYLINDRICAL_SURFACE ( 'NONE', #2987, 4.749999999999997335 ) ;
#1232 = CARTESIAN_POINT ( 'NONE',  ( 34.74873734152950533, 19.19238815542602694, 9.000000000000001776 ) ) ;
#1234 = ORIENTED_EDGE ( 'NONE', *, *, #2761, .T. ) ;
#1233 = FACE_BOUND ( 'NONE', #1800, .T. ) ;
#1235 = EDGE_CURVE ( 'NONE', #2838, #479, #749, .T. ) ;
#1236 = FACE_OUTER_BOUND ( 'NONE', #245, .T. ) ;
#1238 = EDGE_LOOP ( 'NONE', ( #3809, #994, #945, #2638, #1283, #71 ) ) ;
#1237 = CARTESIAN_POINT ( 'NONE',  ( -16.99999999999999289, -15.25000000000000000, 3.000000000000000000 ) ) ;
#1239 = ORIENTED_EDGE ( 'NONE', *, *, #2478, .T. ) ;
#1240 = EDGE_CURVE ( 'NONE', #1567, #1654, #1640, .T. ) ;
#1241 = VECTOR ( 'NONE', #1699, 1000.000000000000000 ) ;
#1242 = DIRECTION ( 'NONE',  ( -0.000000000000000000, -0.000000000000000000, -1.000000000000000000 ) ) ;
#1243 = ORIENTED_EDGE ( 'NONE', *, *, #1907, .T. ) ;
#1244 = ADVANCED_FACE ( 'NONE', ( #1932 ), #3103, .F. ) ;
#1245 = DIRECTION ( 'NONE',  ( -0.7071067811865552333, -0.7071067811865398012, 0.000000000000000000 ) ) ;
#1247 = VERTEX_POINT ( 'NONE', #1609 ) ;
#1246 = DIRECTION ( 'NONE',  ( -0.7071067811865401342, 0.7071067811865549002, 0.000000000000000000 ) ) ;
#1248 = VECTOR ( 'NONE', #3144, 1000.000000000000000 ) ;
#1249 = DIRECTION ( 'NONE',  ( 0.7071067811865474617, -0.7071067811865476838, -0.000000000000000000 ) ) ;
#1250 = FACE_OUTER_BOUND ( 'NONE', #2974, .T. ) ;
#1251 = ORGANIZATION ( 'UNSPECIFIED', 'UNSPECIFIED', '' ) ;
#1253 = ORIENTED_EDGE ( 'NONE', *, *, #565, .F. ) ;
#1252 = DIRECTION ( 'NONE',  ( -0.000000000000000000, 0.000000000000000000, 1.000000000000000000 ) ) ;
#1254 = CARTESIAN_POINT ( 'NONE',  ( -31.81980515339495597, -12.12132034356049282, 3.000000000000000000 ) ) ;
#1255 = ADVANCED_FACE ( 'NONE', ( #438 ), #1628, .F. ) ;
#1256 = EDGE_CURVE ( 'NONE', #449, #1701, #775, .T. ) ;
#1258 = ORIENTED_EDGE ( 'NONE', *, *, #3509, .T. ) ;
#1257 = DIRECTION ( 'NONE',  ( -0.000000000000000000, 0.000000000000000000, 1.000000000000000000 ) ) ;
#1259 = ORIENTED_EDGE ( 'NONE', *, *, #1146, .F. ) ;
#1260 = DIRECTION ( 'NONE',  ( 0.000000000000000000, 0.000000000000000000, 1.000000000000000000 ) ) ;
#1261 = CARTESIAN_POINT ( 'NONE',  ( 12.12132034356017130, -31.81980515339509452, 3.000000000000000000 ) ) ;
#1262 = EDGE_CURVE ( 'NONE', #1444, #3054, #2039, .T. ) ;
#1263 = ORIENTED_EDGE ( 'NONE', *, *, #2903, .F. ) ;
#1264 = VECTOR ( 'NONE', #2397, 1000.000000000000000 ) ;
#1265 = EDGE_CURVE ( 'NONE', #3114, #1217, #3820, .T. ) ;
#1266 = LINE ( 'NONE', #2450, #1154 ) ;
#1268 = EDGE_LOOP ( 'NONE', ( #1184, #3278 ) ) ;
#1267 = CARTESIAN_POINT ( 'NONE',  ( 31.81980515339460780, -12.12132034357699695, 3.000000000000000000 ) ) ;
#1269 = VECTOR ( 'NONE', #707, 1000.000000000000000 ) ;
#1270 = DIRECTION ( 'NONE',  ( -1.000000000000000000, 0.000000000000000000, 0.000000000000000000 ) ) ;
#1271 = PLANE ( 'NONE',  #2278 ) ;
#1273 = VERTEX_POINT ( 'NONE', #1547 ) ;
#1272 = DIRECTION ( 'NONE',  ( 0.000000000000000000, 0.000000000000000000, 1.000000000000000000 ) ) ;
#1274 = DIRECTION ( 'NONE',  ( 1.000000000000000000, 0.000000000000000000, 0.000000000000000000 ) ) ;
#1275 = VECTOR ( 'NONE', #1732, 1000.000000000000000 ) ;
#1277 = ORIENTED_EDGE ( 'NONE', *, *, #1262, .T. ) ;
#1276 = DIRECTION ( 'NONE',  ( 1.000000000000000000, 0.000000000000000000, 0.000000000000000000 ) ) ;
#1278 = EDGE_LOOP ( 'NONE', ( #1349, #901, #661, #1844 ) ) ;
#1279 = EDGE_CURVE ( 'NONE', #1928, #2482, #2906, .T. ) ;
#1280 = EDGE_CURVE ( 'NONE', #3648, #2161, #2313, .T. ) ;
#1281 = DIRECTION ( 'NONE',  ( -0.000000000000000000, -0.000000000000000000, -1.000000000000000000 ) ) ;
#1282 = CARTESIAN_POINT ( 'NONE',  ( 0.000000000000000000, 0.000000000000000000, 0.000000000000000000 ) ) ;
#1283 = ORIENTED_EDGE ( 'NONE', *, *, #2851, .F. ) ;
#1284 = CARTESIAN_POINT ( 'NONE',  ( 31.81980515339460780, -12.12132034357699695, 0.000000000000000000 ) ) ;
#1286 = ORIENTED_EDGE ( 'NONE', *, *, #3539, .T. ) ;
#1285 = DIRECTION ( 'NONE',  ( 0.000000000000000000, 0.000000000000000000, 1.000000000000000000 ) ) ;
#1287 = EDGE_CURVE ( 'NONE', #13, #2814, #2331, .T. ) ;
#1288 = DIRECTION ( 'NONE',  ( 1.000000000000000000, 0.000000000000000000, 0.000000000000000000 ) ) ;
#1289 = CARTESIAN_POINT ( 'NONE',  ( -31.81980515339495597, 0.000000000000000000, 3.000000000000000000 ) ) ;
#1291 = VERTEX_POINT ( 'NONE', #3231 ) ;
#1290 = CARTESIAN_POINT ( 'NONE',  ( 37.47665940288764830, -26.16295090390296352, 0.000000000000000000 ) ) ;
#1292 = CARTESIAN_POINT ( 'NONE',  ( 15.25000000000000355, 15.25000000000000000, 3.000000000000000000 ) ) ;
#1293 = ORIENTED_EDGE ( 'NONE', *, *, #1681, .F. ) ;
#1294 = LINE ( 'NONE', #1001, #2771 ) ;
#1295 = DIRECTION ( 'NONE',  ( -0.000000000000000000, 0.000000000000000000, 1.000000000000000000 ) ) ;
#1296 = EDGE_CURVE ( 'NONE', #3616, #2087, #1751, .T. ) ;
#1297 = ORIENTED_EDGE ( 'NONE', *, *, #565, .T. ) ;
#1298 = DIRECTION ( 'NONE',  ( 1.000000000000000000, 1.734723475976806700E-15, 0.000000000000000000 ) ) ;
#1299 = VECTOR ( 'NONE', #3112, 1000.000000000000000 ) ;
#1301 = VERTEX_POINT ( 'NONE', #360 ) ;
#1300 = CARTESIAN_POINT ( 'NONE',  ( 7.778174593044088425, 7.778174593043925888, 3.000000000000000000 ) ) ;
#1302 = EDGE_CURVE ( 'NONE', #1064, #1152, #153, .T. ) ;
#1303 = DIRECTION ( 'NONE',  ( -0.000000000000000000, -0.000000000000000000, -1.000000000000000000 ) ) ;
#1305 = EDGE_LOOP ( 'NONE', ( #2281, #75 ) ) ;
#1304 = FACE_BOUND ( 'NONE', #1903, .T. ) ;
#1306 = VECTOR ( 'NONE', #288, 1000.000000000000000 ) ;
#1307 = DIRECTION ( 'NONE',  ( 0.7071067811865398012, 0.7071067811865552333, -0.000000000000000000 ) ) ;
#1309 = ORIENTED_EDGE ( 'NONE', *, *, #968, .F. ) ;
#1308 = LINE ( 'NONE', #1852, #3444 ) ;
#1310 = ADVANCED_FACE ( 'NONE', ( #52 ), #570, .F. ) ;
#1311 = CARTESIAN_POINT ( 'NONE',  ( 19.19238815542566456, -34.74873734152971849, 0.000000000000000000 ) ) ;
#1312 = ORIENTED_EDGE ( 'NONE', *, *, #3122, .T. ) ;
#1313 = CIRCLE ( 'NONE', #3510, 1.750000000000001554 ) ;
#1314 = VECTOR ( 'NONE', #1723, 1000.000000000000000 ) ;
#1315 = DIRECTION ( 'NONE',  ( -0.000000000000000000, -0.000000000000000000, -1.000000000000000000 ) ) ;
#1316 = DIRECTION ( 'NONE',  ( 1.000000000000000000, 0.000000000000000000, 0.000000000000000000 ) ) ;
#1318 = ORIENTED_EDGE ( 'NONE', *, *, #1240, .T. ) ;
#1317 = PLANE ( 'NONE',  #2234 ) ;
#1319 = AXIS2_PLACEMENT_3D ( 'NONE', #3541, #1187, #2333 ) ;
#1320 = VECTOR ( 'NONE', #3438, 1000.000000000000000 ) ;
#1321 = ADVANCED_FACE ( 'NONE', ( #636 ), #1815, .F. ) ;
#1322 = CARTESIAN_POINT ( 'NONE',  ( -19.19238815544207810, -34.74873734153007376, 9.000000000000001776 ) ) ;
#1324 = ORIENTED_EDGE ( 'NONE', *, *, #3700, .T. ) ;
#1323 = DIRECTION ( 'NONE',  ( -0.7071067811865477948, -0.7071067811865473507, 0.000000000000000000 ) ) ;
#1325 = AXIS2_PLACEMENT_3D ( 'NONE', #2300, #2341, #2869 ) ;
#1326 = CARTESIAN_POINT ( 'NONE',  ( -51.61879502661800956, 40.30508652763449362, 9.000000000000003553 ) ) ;
#1328 = ORIENTED_EDGE ( 'NONE', *, *, #2209, .F. ) ;
#1327 = LINE ( 'NONE', #163, #589 ) ;
#1329 = VECTOR ( 'NONE', #3486, 1000.000000000000000 ) ;
#1330 = ADVANCED_FACE ( 'NONE', ( #279 ), #1171, .F. ) ;
#1331 = DIRECTION ( 'NONE',  ( 1.000000000000000000, 6.938893903907226405E-16, 0.000000000000000000 ) ) ;
#1332 = PERSON_AND_ORGANIZATION ( #558, #1251 ) ;
#1333 = ORIENTED_EDGE ( 'NONE', *, *, #3330, .F. ) ;
#1334 = AXIS2_PLACEMENT_3D ( 'NONE', #2223, #2444, #964 ) ;
#1335 = CARTESIAN_POINT ( 'NONE',  ( -41.81980515339495241, 12.12132034356053722, 3.000000000000000000 ) ) ;
#1336 = DIRECTION ( 'NONE',  ( -0.000000000000000000, -0.000000000000000000, -1.000000000000000000 ) ) ;
#1338 = ORIENTED_EDGE ( 'NONE', *, *, #1166, .F. ) ;
#1337 = DIRECTION ( 'NONE',  ( -0.7071067811865552333, 0.7071067811865398012, 0.000000000000000000 ) ) ;
#1339 = PRODUCT_DEFINITION_SHAPE ( 'NONE', 'NONE',  #3139 ) ;
#1340 = CARTESIAN_POINT ( 'NONE',  ( 40.00178566874065922, 40.00178566873292851, 0.000000000000000000 ) ) ;
#1341 = AXIS2_PLACEMENT_3D ( 'NONE', #2889, #1422, #2617 ) ;
#1343 = ORIENTED_EDGE ( 'NONE', *, *, #1353, .F. ) ;
#1342 = FACE_OUTER_BOUND ( 'NONE', #2912, .T. ) ;
#1344 = VERTEX_POINT ( 'NONE', #2926 ) ;
#1345 = EDGE_CURVE ( 'NONE', #3750, #2620, #69, .T. ) ;
#1346 = DIRECTION ( 'NONE',  ( -0.000000000000000000, -0.000000000000000000, -1.000000000000000000 ) ) ;
#1347 = DIRECTION ( 'NONE',  ( 0.000000000000000000, 0.000000000000000000, 1.000000000000000000 ) ) ;
#1349 = ORIENTED_EDGE ( 'NONE', *, *, #1743, .F. ) ;
#1348 = DIRECTION ( 'NONE',  ( 0.7071067811865477948, -0.7071067811865473507, 0.000000000000000000 ) ) ;
#1350 = DIRECTION ( 'NONE',  ( -0.7071067811865398012, -0.7071067811865552333, 0.000000000000000000 ) ) ;
#1351 = DIRECTION ( 'NONE',  ( -0.000000000000000000, -0.000000000000000000, -1.000000000000000000 ) ) ;
#1352 = VERTEX_POINT ( 'NONE', #961 ) ;
#1353 = EDGE_CURVE ( 'NONE', #1057, #2665, #1155, .T. ) ;
#1355 = FACE_OUTER_BOUND ( 'NONE', #798, .T. ) ;
#1354 = LINE ( 'NONE', #81, #1862 ) ;
#1357 = ORIENTED_EDGE ( 'NONE', *, *, #1706, .F. ) ;
#1356 = CARTESIAN_POINT ( 'NONE',  ( 5.204170427930421283E-15, 1.734723475976807094E-15, 3.000000000000000000 ) ) ;
#1359 = ORIENTED_EDGE ( 'NONE', *, *, #2215, .F. ) ;
#1358 = LINE ( 'NONE', #1378, #1037 ) ;
#1360 = EDGE_CURVE ( 'NONE', #1970, #517, #960, .T. ) ;
#1361 = CARTESIAN_POINT ( 'NONE',  ( -68.88982074412636791, -61.17619643385702233, 9.000000000000001776 ) ) ;
#1363 = ORIENTED_EDGE ( 'NONE', *, *, #3362, .F. ) ;
#1362 = DIRECTION ( 'NONE',  ( 0.000000000000000000, 0.000000000000000000, 1.000000000000000000 ) ) ;
#1364 = ORIENTED_EDGE ( 'NONE', *, *, #3135, .T. ) ;
#1365 = CARTESIAN_POINT ( 'NONE',  ( -19.19238815544207810, -34.74873734153007376, 3.000000000000000000 ) ) ;
#1366 = DIRECTION ( 'NONE',  ( 0.000000000000000000, 0.000000000000000000, 1.000000000000000000 ) ) ;
#1368 = EDGE_LOOP ( 'NONE', ( #2102, #3068, #25, #797 ) ) ;
#1367 = CARTESIAN_POINT ( 'NONE',  ( 32.50178566874065922, -40.00178566873292851, -8.000000000000000000 ) ) ;
#1369 = VECTOR ( 'NONE', #884, 1000.000000000000000 ) ;
#1370 = CARTESIAN_POINT ( 'NONE',  ( 26.16295090390276101, -37.47665940288759856, 9.000000000000003553 ) ) ;
#1371 = EDGE_CURVE ( 'NONE', #1112, #3616, #3512, .T. ) ;
#1372 = AXIS2_PLACEMENT_3D ( 'NONE', #168, #678, #434 ) ;
#1373 = ORIENTED_EDGE ( 'NONE', *, *, #3798, .F. ) ;
#1375 = CARTESIAN_POINT ( 'NONE',  ( 51.61879502661850694, -40.30508652763388966, 3.000000000000000000 ) ) ;
#1374 = DIRECTION ( 'NONE',  ( -0.000000000000000000, -0.000000000000000000, -1.000000000000000000 ) ) ;
#1377 = ORIENTED_EDGE ( 'NONE', *, *, #440, .F. ) ;
#1376 = FACE_OUTER_BOUND ( 'NONE', #1857, .T. ) ;
#1379 = ORIENTED_EDGE ( 'NONE', *, *, #2863, .T. ) ;
#1378 = CARTESIAN_POINT ( 'NONE',  ( -7.778174593051777386, 7.778174593051760510, 0.000000000000000000 ) ) ;
#1380 = AXIS2_PLACEMENT_3D ( 'NONE', #2056, #3188, #1946 ) ;
#1381 = EDGE_CURVE ( 'NONE', #3199, #3083, #3006, .T. ) ;
#1382 = CARTESIAN_POINT ( 'NONE',  ( 61.17619643385628336, -68.88982074412702161, 9.000000000000001776 ) ) ;
#1384 = ORIENTED_EDGE ( 'NONE', *, *, #1706, .T. ) ;
#1383 = CARTESIAN_POINT ( 'NONE',  ( 30.82737490361493471, 23.11375059334477200, 9.000000000000001776 ) ) ;
#1385 = FACE_OUTER_BOUND ( 'NONE', #1090, .T. ) ;
#1386 = AXIS2_PLACEMENT_3D ( 'NONE', #83, #1272, #103 ) ;
#1387 = FACE_BOUND ( 'NONE', #3413, .T. ) ;
#1388 = DIRECTION ( 'NONE',  ( 1.000000000000000000, 0.000000000000000000, 0.000000000000000000 ) ) ;
#1390 = ORIENTED_EDGE ( 'NONE', *, *, #811, .T. ) ;
#1389 = FACE_BOUND ( 'NONE', #2319, .T. ) ;
#1391 = CIRCLE ( 'NONE', #1813, 1.749999999999939160 ) ;
#1392 = MANIFOLD_SOLID_BREP ( 'Cut-Extrude5', #2004 ) ;
#1393 = DIRECTION ( 'NONE',  ( 0.000000000000000000, 0.000000000000000000, 1.000000000000000000 ) ) ;
#1394 = VECTOR ( 'NONE', #12, 1000.000000000000000 ) ;
#1395 = ORIENTED_EDGE ( 'NONE', *, *, #1618, .F. ) ;
#1396 = EDGE_CURVE ( 'NONE', #1779, #878, #3326, .T. ) ;
#1398 = DIRECTION ( 'NONE',  ( 0.000000000000000000, 0.000000000000000000, 1.000000000000000000 ) ) ;
#1397 = DIRECTION ( 'NONE',  ( 1.000000000000000000, 0.000000000000000000, 0.000000000000000000 ) ) ;
#1400 = ORIENTED_EDGE ( 'NONE', *, *, #3741, .T. ) ;
#1399 = DIRECTION ( 'NONE',  ( -0.000000000000000000, 0.000000000000000000, 1.000000000000000000 ) ) ;
#1402 = EDGE_LOOP ( 'NONE', ( #275, #2077, #3514, #3192 ) ) ;
#1401 = DIRECTION ( 'NONE',  ( -0.000000000000000000, 0.000000000000000000, 1.000000000000000000 ) ) ;
#1403 = DIRECTION ( 'NONE',  ( -1.000000000000000000, 0.000000000000000000, 0.000000000000000000 ) ) ;
#1405 = ORIENTED_EDGE ( 'NONE', *, *, #1823, .T. ) ;
#1404 = DIRECTION ( 'NONE',  ( -1.774606271628325875E-14, 1.000000000000000000, 0.000000000000000000 ) ) ;
#1406 = FACE_OUTER_BOUND ( 'NONE', #3219, .T. ) ;
#1407 = ADVANCED_FACE ( 'NONE', ( #3415 ), #2541, .F. ) ;
#1408 = FACE_BOUND ( 'NONE', #1676, .T. ) ;
#1409 = VECTOR ( 'NONE', #650, 1000.000000000000000 ) ;
#1410 = CARTESIAN_POINT ( 'NONE',  ( -51.61879502661800956, 40.30508652763449362, 3.000000000000000000 ) ) ;
#1412 = ORIENTED_EDGE ( 'NONE', *, *, #1115, .F. ) ;
#1411 = DIRECTION ( 'NONE',  ( 0.000000000000000000, -0.000000000000000000, -1.000000000000000000 ) ) ;
#1413 = CARTESIAN_POINT ( 'NONE',  ( 15.25000000000000355, 15.25000000000000000, 3.000000000000000000 ) ) ;
#1414 = EDGE_LOOP ( 'NONE', ( #1910, #3726, #2106, #70 ) ) ;
#1416 = DIRECTION ( 'NONE',  ( -0.000000000000000000, 0.000000000000000000, 1.000000000000000000 ) ) ;
#1415 = DIRECTION ( 'NONE',  ( -1.000000000000000000, 0.000000000000000000, 0.000000000000000000 ) ) ;
#1417 = AXIS2_PLACEMENT_3D ( 'NONE', #2885, #3766, #1670 ) ;
#1418 = EDGE_CURVE ( 'NONE', #2096, #2269, #3399, .T. ) ;
#1419 = DIRECTION ( 'NONE',  ( 0.7071067811865398012, 0.7071067811865552333, -0.000000000000000000 ) ) ;
#1420 = EDGE_LOOP ( 'NONE', ( #3565, #2451, #2698, #552 ) ) ;
#1421 = EDGE_CURVE ( 'NONE', #1695, #2844, #2827, .T. ) ;
#1422 = DIRECTION ( 'NONE',  ( 0.000000000000000000, 0.000000000000000000, 1.000000000000000000 ) ) ;
#1424 = EDGE_LOOP ( 'NONE', ( #1377, #2203 ) ) ;
#1423 = FACE_OUTER_BOUND ( 'NONE', #3519, .T. ) ;
#1425 = ORIENTED_EDGE ( 'NONE', *, *, #1691, .F. ) ;
#1426 = CIRCLE ( 'NONE', #1182, 4.749999999999997335 ) ;
#1427 = DIRECTION ( 'NONE',  ( -0.000000000000000000, -0.000000000000000000, -1.000000000000000000 ) ) ;
#1428 = EDGE_CURVE ( 'NONE', #1970, #2855, #980, .T. ) ;
#1429 = DIRECTION ( 'NONE',  ( -1.000000000000000000, 0.000000000000000000, 0.000000000000000000 ) ) ;
#1431 = VERTEX_POINT ( 'NONE', #2481 ) ;
#1430 = DIRECTION ( 'NONE',  ( 0.000000000000000000, -1.000000000000000000, 0.000000000000000000 ) ) ;
#1432 = CARTESIAN_POINT ( 'NONE',  ( 5.204170427930421283E-15, 1.734723475976807094E-15, 3.000000000000000000 ) ) ;
#1433 = EDGE_CURVE ( 'NONE', #2600, #324, #2789, .T. ) ;
#1434 = APPROVAL_STATUS ( 'not_yet_approved' ) ;
#1435 = VERTEX_POINT ( 'NONE', #726 ) ;
#1436 = AXIS2_PLACEMENT_3D ( 'NONE', #2801, #3073, #3333 ) ;
#1438 = DIRECTION ( 'NONE',  ( -0.000000000000000000, 0.000000000000000000, 1.000000000000000000 ) ) ;
#1437 = CYLINDRICAL_SURFACE ( 'NONE', #260, 1.749999999999999778 ) ;
#1439 = LOCAL_TIME ( 18, 37, 2.000000000000000000, #3482 ) ;
#1440 = DIRECTION ( 'NONE',  ( -0.000000000000000000, -0.000000000000000000, -1.000000000000000000 ) ) ;
#1441 = ORIENTED_EDGE ( 'NONE', *, *, #2173, .T. ) ;
#1442 = FACE_OUTER_BOUND ( 'NONE', #53, .T. ) ;
#1444 = VERTEX_POINT ( 'NONE', #3096 ) ;
#1443 = DIRECTION ( 'NONE',  ( -0.000000000000000000, 0.000000000000000000, 1.000000000000000000 ) ) ;
#1445 = VERTEX_POINT ( 'NONE', #452 ) ;
#1446 = EDGE_CURVE ( 'NONE', #2277, #517, #1308, .T. ) ;
#1447 = CIRCLE ( 'NONE', #1929, 7.500000000000000000 ) ;
#1448 = DIRECTION ( 'NONE',  ( 1.000000000000000000, 0.000000000000000000, 0.000000000000000000 ) ) ;
#1449 = DIRECTION ( 'NONE',  ( 1.000000000000000000, 0.000000000000000000, 0.000000000000000000 ) ) ;
#1451 = EDGE_LOOP ( 'NONE', ( #3163, #1092 ) ) ;
#1450 = CARTESIAN_POINT ( 'NONE',  ( 60.81118318203520801, 45.25483399594830303, 0.000000000000000000 ) ) ;
#1452 = CYLINDRICAL_SURFACE ( 'NONE', #559, 4.749999999999997335 ) ;
#1453 = VECTOR ( 'NONE', #1276, 1000.000000000000000 ) ;
#1454 = ORIENTED_EDGE ( 'NONE', *, *, #725, .F. ) ;
#1455 = ADVANCED_FACE ( 'NONE', ( #3064 ), #673, .T. ) ;
#1456 = VECTOR ( 'NONE', #2372, 1000.000000000000000 ) ;
#1458 = DIRECTION ( 'NONE',  ( -1.000000000000000000, 0.000000000000000000, 0.000000000000000000 ) ) ;
#1457 = DIRECTION ( 'NONE',  ( 0.000000000000000000, 0.000000000000000000, -1.000000000000000000 ) ) ;
#1459 = CARTESIAN_POINT ( 'NONE',  ( -15.24999999999999645, 15.25000000000000000, 3.000000000000000000 ) ) ;
#1460 = ORIENTED_EDGE ( 'NONE', *, *, #210, .T. ) ;
#1461 = AXIS2_PLACEMENT_3D ( 'NONE', #566, #601, #2051 ) ;
#1462 = VECTOR ( 'NONE', #680, 999.9999999999998863 ) ;
#1463 = VECTOR ( 'NONE', #3463, 1000.000000000000000 ) ;
#1464 = FACE_OUTER_BOUND ( 'NONE', #2931, .T. ) ;
#1466 = VERTEX_POINT ( 'NONE', #140 ) ;
#1465 = DIRECTION ( 'NONE',  ( 1.000000000000000000, 0.000000000000000000, 0.000000000000000000 ) ) ;
#1467 = FACE_OUTER_BOUND ( 'NONE', #679, .T. ) ;
#1468 = CARTESIAN_POINT ( 'NONE',  ( -42.05508652763334254, 51.61879502661891905, 3.000000000000000000 ) ) ;
#1469 = EDGE_CURVE ( 'NONE', #1779, #1064, #1327, .T. ) ;
#1471 = ORIENTED_EDGE ( 'NONE', *, *, #2549, .F. ) ;
#1470 = DIRECTION ( 'NONE',  ( 0.000000000000000000, 0.000000000000000000, 1.000000000000000000 ) ) ;
#1472 = CARTESIAN_POINT ( 'NONE',  ( 12.12132034356017130, 31.81980515339509452, 0.000000000000000000 ) ) ;
#1473 = EDGE_CURVE ( 'NONE', #2247, #2104, #3262, .T. ) ;
#1474 = ORIENTED_EDGE ( 'NONE', *, *, #1066, .T. ) ;
#1475 = VERTEX_POINT ( 'NONE', #3695 ) ;
#1477 = DIRECTION ( 'NONE',  ( 1.000000000000000000, 0.000000000000000000, 0.000000000000000000 ) ) ;
#1476 = CARTESIAN_POINT ( 'NONE',  ( 49.17619643385625494, -56.88982074412700030, 9.000000000000001776 ) ) ;
#1478 = EDGE_CURVE ( 'NONE', #3500, #3732, #1890, .T. ) ;
#1479 = ORIENTED_EDGE ( 'NONE', *, *, #2147, .F. ) ;
#1480 = CIRCLE ( 'NONE', #1729, 1.750000000000008438 ) ;
#1481 = EDGE_CURVE ( 'NONE', #708, #1189, #2521, .T. ) ;
#1482 = DIRECTION ( 'NONE',  ( 0.000000000000000000, 0.000000000000000000, 1.000000000000000000 ) ) ;
#1484 = VERTEX_POINT ( 'NONE', #3345 ) ;
#1483 = DIRECTION ( 'NONE',  ( 1.000000000000000000, 0.000000000000000000, 0.000000000000000000 ) ) ;
#1485 = CIRCLE ( 'NONE', #420, 4.749999999999997335 ) ;
#1486 = DIRECTION ( 'NONE',  ( 1.000000000000000000, 0.000000000000000000, 0.000000000000000000 ) ) ;
#1487 = DIRECTION ( 'NONE',  ( -0.000000000000000000, 0.000000000000000000, 1.000000000000000000 ) ) ;
#1489 = VERTEX_POINT ( 'NONE', #2753 ) ;
#1488 = CARTESIAN_POINT ( 'NONE',  ( 5.204170427930421283E-15, 1.734723475976807094E-15, 0.000000000000000000 ) ) ;
#1490 = VECTOR ( 'NONE', #3602, 1000.000000000000000 ) ;
#1491 = DIRECTION ( 'NONE',  ( -0.7071067811861698749, 0.7071067811869251596, 0.000000000000000000 ) ) ;
#1492 = VECTOR ( 'NONE', #1850, 1000.000000000000000 ) ;
#1493 = VERTEX_POINT ( 'NONE', #3647 ) ;
#1494 = ORIENTED_EDGE ( 'NONE', *, *, #3567, .F. ) ;
#1495 = CARTESIAN_POINT ( 'NONE',  ( -35.25178566874065922, 40.00178566873292851, -8.000000000000000000 ) ) ;
#1496 = ORIENTED_EDGE ( 'NONE', *, *, #639, .T. ) ;
#1497 = ADVANCED_FACE ( 'NONE', ( #3363 ), #741, .T. ) ;
#1498 = CC_DESIGN_APPROVAL ( #3440, ( #3494 ) ) ;
#1499 = CARTESIAN_POINT ( 'NONE',  ( 34.74873734152950533, -19.19238815542602694, 3.000000000000000000 ) ) ;
#1501 = EDGE_LOOP ( 'NONE', ( #3028, #852, #3373, #255 ) ) ;
#1500 = DIRECTION ( 'NONE',  ( 0.000000000000000000, -0.000000000000000000, -1.000000000000000000 ) ) ;
#1502 = AXIS2_PLACEMENT_3D ( 'NONE', #1702, #2895, #229 ) ;
#1503 = EDGE_CURVE ( 'NONE', #1933, #2349, #3113, .T. ) ;
#1504 = DIRECTION ( 'NONE',  ( 1.000000000000000000, 0.000000000000000000, 0.000000000000000000 ) ) ;
#1505 = DIRECTION ( 'NONE',  ( -1.000000000000000000, 0.000000000000000000, 0.000000000000000000 ) ) ;
#1507 = ORIENTED_EDGE ( 'NONE', *, *, #2999, .F. ) ;
#1506 = DIRECTION ( 'NONE',  ( -0.000000000000000000, 0.000000000000000000, 1.000000000000000000 ) ) ;
#1508 = CIRCLE ( 'NONE', #822, 1.750000000000001554 ) ;
#1509 = VECTOR ( 'NONE', #550, 1000.000000000000000 ) ;
#1510 = CARTESIAN_POINT ( 'NONE',  ( 40.30508652763382571, -51.61879502661854247, 3.000000000000000000 ) ) ;
#1511 = ORIENTED_EDGE ( 'NONE', *, *, #3061, .F. ) ;
#1512 = VERTEX_POINT ( 'NONE', #692 ) ;
#1513 = VECTOR ( 'NONE', #3534, 1000.000000000000000 ) ;
#1514 = VECTOR ( 'NONE', #941, 1000.000000000000000 ) ;
#1515 = DIRECTION ( 'NONE',  ( -0.7071067811861698749, 0.7071067811869252706, -0.000000000000000000 ) ) ;
#1516 = VECTOR ( 'NONE', #2535, 999.9999999999998863 ) ;
#1517 = VERTEX_POINT ( 'NONE', #1584 ) ;
#1518 = CARTESIAN_POINT ( 'NONE',  ( 26.16295090390276101, 37.47665940288759856, 9.000000000000003553 ) ) ;
#1520 = VERTEX_POINT ( 'NONE', #999 ) ;
#1519 = DIRECTION ( 'NONE',  ( -1.000000000000000000, 0.000000000000000000, 0.000000000000000000 ) ) ;
#1521 = VECTOR ( 'NONE', #2435, 1000.000000000000000 ) ;
#1522 = AXIS2_PLACEMENT_3D ( 'NONE', #2531, #1834, #2732 ) ;
#1523 = PLANE ( 'NONE',  #1991 ) ;
#1524 = DIRECTION ( 'NONE',  ( 1.000000000000000000, 0.000000000000000000, 0.000000000000000000 ) ) ;
#1526 = ORIENTED_EDGE ( 'NONE', *, *, #2616, .T. ) ;
#1525 = CARTESIAN_POINT ( 'NONE',  ( 39.22665940288765540, 26.16295090390296352, 3.000000000000000000 ) ) ;
#1527 = ADVANCED_FACE ( 'NONE', ( #2773 ), #2179, .T. ) ;
#1528 = AXIS2_PLACEMENT_3D ( 'NONE', #3084, #2145, #1873 ) ;
#1529 = LINE ( 'NONE', #3578, #709 ) ;
#1531 = ORIENTED_EDGE ( 'NONE', *, *, #949, .F. ) ;
#1530 = CARTESIAN_POINT ( 'NONE',  ( -49.86879502661806640, 40.30508652763449362, 3.000000000000000000 ) ) ;
#1532 = ADVANCED_FACE ( 'NONE', ( #1601 ), #232, .F. ) ;
#1533 = ORIENTED_EDGE ( 'NONE', *, *, #403, .T. ) ;
#1534 = CARTESIAN_POINT ( 'NONE',  ( -41.81980515339495241, 12.12132034356053722, 0.000000000000000000 ) ) ;
#1535 = AXIS2_PLACEMENT_3D ( 'NONE', #1788, #3811, #2024 ) ;
#1536 = VERTEX_POINT ( 'NONE', #3205 ) ;
#1537 = DIRECTION ( 'NONE',  ( -0.000000000000000000, -0.000000000000000000, -1.000000000000000000 ) ) ;
#1539 = ORIENTED_EDGE ( 'NONE', *, *, #735, .T. ) ;
#1538 = CARTESIAN_POINT ( 'NONE',  ( -37.47665940288732855, 26.16295090390314471, 9.000000000000003553 ) ) ;
#1540 = ADVANCED_FACE ( 'NONE', ( #2897 ), #3137, .F. ) ;
#1541 = EDGE_CURVE ( 'NONE', #1189, #2049, #2129, .T. ) ;
#1542 = CARTESIAN_POINT ( 'NONE',  ( -19.19238815544207810, 34.74873734153007376, 0.000000000000000000 ) ) ;
#1543 = FACE_OUTER_BOUND ( 'NONE', #2850, .T. ) ;
#1545 = VERTEX_POINT ( 'NONE', #2917 ) ;
#1544 = CARTESIAN_POINT ( 'NONE',  ( 34.74873734152989613, -19.19238815544243337, 3.000000000000000000 ) ) ;
#1546 = LINE ( 'NONE', #2731, #682 ) ;
#1548 = ORIENTED_EDGE ( 'NONE', *, *, #2044, .F. ) ;
#1547 = CARTESIAN_POINT ( 'NONE',  ( 13.50000000000000178, 15.25000000000000000, 3.000000000000000000 ) ) ;
#1549 = ORIENTED_EDGE ( 'NONE', *, *, #1032, .F. ) ;
#1550 = EDGE_CURVE ( 'NONE', #1431, #479, #1704, .T. ) ;
#1551 = VECTOR ( 'NONE', #3257, 1000.000000000000000 ) ;
#1552 = CARTESIAN_POINT ( 'NONE',  ( -34.74873734152950533, 19.19238815542602694, 3.000000000000000000 ) ) ;
#1553 = LINE ( 'NONE', #914, #508 ) ;
#1554 = ORIENTED_EDGE ( 'NONE', *, *, #1572, .T. ) ;
#1555 = LINE ( 'NONE', #2762, #2454 ) ;
#1557 = ORIENTED_EDGE ( 'NONE', *, *, #2472, .F. ) ;
#1556 = CARTESIAN_POINT ( 'NONE',  ( 12.12132034356017130, -31.81980515339509452, 0.000000000000000000 ) ) ;
#1558 = CIRCLE ( 'NONE', #3171, 1.750000000000001554 ) ;
#1559 = CARTESIAN_POINT ( 'NONE',  ( 40.00178566874065922, 40.00178566873292851, -8.000000000000000000 ) ) ;
#1560 = DIRECTION ( 'NONE',  ( -0.7071067811865483499, 0.7071067811865466846, 0.000000000000000000 ) ) ;
#1561 = AXIS2_PLACEMENT_3D ( 'NONE', #659, #2975, #327 ) ;
#1563 = ORIENTED_EDGE ( 'NONE', *, *, #3255, .F. ) ;
#1562 = DIRECTION ( 'NONE',  ( -0.000000000000000000, 0.000000000000000000, -1.000000000000000000 ) ) ;
#1564 = EDGE_CURVE ( 'NONE', #2384, #3675, #1213, .T. ) ;
#1565 = LINE ( 'NONE', #1869, #1514 ) ;
#1567 = VERTEX_POINT ( 'NONE', #1682 ) ;
#1566 = DIRECTION ( 'NONE',  ( -0.000000000000000000, -0.000000000000000000, -1.000000000000000000 ) ) ;
#1568 = ORIENTED_EDGE ( 'NONE', *, *, #931, .T. ) ;
#1569 = DIRECTION ( 'NONE',  ( 0.000000000000000000, 0.000000000000000000, -1.000000000000000000 ) ) ;
#1570 = DIRECTION ( 'NONE',  ( -0.000000000000000000, -0.000000000000000000, -1.000000000000000000 ) ) ;
#1571 = ORIENTED_EDGE ( 'NONE', *, *, #1787, .F. ) ;
#1572 = EDGE_CURVE ( 'NONE', #3233, #567, #902, .T. ) ;
#1573 = AXIS2_PLACEMENT_3D ( 'NONE', #866, #2047, #937 ) ;
#1574 = CARTESIAN_POINT ( 'NONE',  ( -61.17619643385552308, -68.88982074412768952, 9.000000000000001776 ) ) ;
#1576 = ORIENTED_EDGE ( 'NONE', *, *, #1032, .T. ) ;
#1575 = DIRECTION ( 'NONE',  ( 0.000000000000000000, 0.000000000000000000, 1.000000000000000000 ) ) ;
#1577 = CARTESIAN_POINT ( 'NONE',  ( 51.61879502661850694, 40.30508652763388966, 0.000000000000000000 ) ) ;
#1578 = CARTESIAN_POINT ( 'NONE',  ( 28.66295090390276812, 9.999999999999996447, 3.000000000000000000 ) ) ;
#1580 = ORIENTED_EDGE ( 'NONE', *, *, #1564, .F. ) ;
#1579 = CYLINDRICAL_SURFACE ( 'NONE', #2074, 1.750000000000008438 ) ;
#1581 = VECTOR ( 'NONE', #2837, 1000.000000000000000 ) ;
#1582 = CARTESIAN_POINT ( 'NONE',  ( 32.50178566874065922, -40.00178566873292851, 0.000000000000000000 ) ) ;
#1583 = EDGE_CURVE ( 'NONE', #2779, #2977, #3071, .T. ) ;
#1585 = VERTEX_POINT ( 'NONE', #3776 ) ;
#1584 = CARTESIAN_POINT ( 'NONE',  ( -27.91295090390257272, -37.47665940288790409, 0.000000000000000000 ) ) ;
#1586 = DIRECTION ( 'NONE',  ( -0.000000000000000000, -0.000000000000000000, -1.000000000000000000 ) ) ;
#1587 = CARTESIAN_POINT ( 'NONE',  ( 45.25483399594766354, 60.81118318203566275, 9.000000000000001776 ) ) ;
#1588 = AXIS2_PLACEMENT_3D ( 'NONE', #3049, #1260, #728 ) ;
#1589 = VERTEX_POINT ( 'NONE', #1367 ) ;
#1590 = AXIS2_PLACEMENT_3D ( 'NONE', #2475, #3092, #410 ) ;
#1591 = ADVANCED_FACE ( 'NONE', ( #2305 ), #1992, .F. ) ;
#1592 = CARTESIAN_POINT ( 'NONE',  ( -39.22665940288732855, 26.16295090390314471, 3.000000000000000000 ) ) ;
#1594 = ORIENTED_EDGE ( 'NONE', *, *, #3036, .T. ) ;
#1593 = DIRECTION ( 'NONE',  ( 1.000000000000000000, 0.000000000000000000, 0.000000000000000000 ) ) ;
#1595 = ADVANCED_FACE ( 'NONE', ( #848 ), #2012, .T. ) ;
#1596 = CARTESIAN_POINT ( 'NONE',  ( 19.19238815542566456, -34.74873734152971849, 3.000000000000000000 ) ) ;
#1598 = ORIENTED_EDGE ( 'NONE', *, *, #1381, .T. ) ;
#1597 = FACE_OUTER_BOUND ( 'NONE', #1145, .T. ) ;
#1599 = CIRCLE ( 'NONE', #3292, 1.750000000000001554 ) ;
#1600 = DIRECTION ( 'NONE',  ( 0.000000000000000000, 1.000000000000000000, -0.000000000000000000 ) ) ;
#1602 = ORIENTED_EDGE ( 'NONE', *, *, #705, .T. ) ;
#1601 = FACE_OUTER_BOUND ( 'NONE', #1041, .T. ) ;
#1603 = CARTESIAN_POINT ( 'NONE',  ( -40.30508652763334254, -51.61879502661891905, 9.000000000000003553 ) ) ;
#1604 = DIRECTION ( 'NONE',  ( -0.000000000000000000, -0.000000000000000000, -1.000000000000000000 ) ) ;
#1605 = ORIENTED_EDGE ( 'NONE', *, *, #3840, .F. ) ;
#1606 = EDGE_CURVE ( 'NONE', #2620, #2551, #400, .T. ) ;
#1607 = EDGE_CURVE ( 'NONE', #2482, #1736, #497, .T. ) ;
#1608 = LINE ( 'NONE', #507, #832 ) ;
#1609 = CARTESIAN_POINT ( 'NONE',  ( -47.50178566874065922, -40.00178566873292851, 0.000000000000000000 ) ) ;
#1610 = VECTOR ( 'NONE', #1307, 1000.000000000000000 ) ;
#1612 = VERTEX_POINT ( 'NONE', #2031 ) ;
#1611 = CARTESIAN_POINT ( 'NONE',  ( 53.03300858899109471, -53.03300858899225290, 3.000000000000000000 ) ) ;
#1613 = AXIS2_PLACEMENT_3D ( 'NONE', #352, #1575, #1860 ) ;
#1614 = CARTESIAN_POINT ( 'NONE',  ( -40.30508652763334254, 51.61879502661891905, 0.000000000000000000 ) ) ;
#1616 = EDGE_LOOP ( 'NONE', ( #503, #1158, #1664, #94 ) ) ;
#1615 = PLANE ( 'NONE',  #1386 ) ;
#1617 = AXIS2_PLACEMENT_3D ( 'NONE', #1577, #2835, #1845 ) ;
#1618 = EDGE_CURVE ( 'NONE', #1489, #1545, #2569, .T. ) ;
#1620 = CARTESIAN_POINT ( 'NONE',  ( 56.88982074412649581, 49.17619643385691575, 9.000000000000001776 ) ) ;
#1619 =( GEOMETRIC_REPRESENTATION_CONTEXT ( 3 ) GLOBAL_UNCERTAINTY_ASSIGNED_CONTEXT ( ( #3634 ) ) GLOBAL_UNIT_ASSIGNED_CONTEXT ( ( #1874, #3085, #383 ) ) REPRESENTATION_CONTEXT ( 'NONE', 'WORKASPACE' ) );
#1621 = AXIS2_PLACEMENT_3D ( 'NONE', #2520, #3134, #781 ) ;
#1623 = ORIENTED_EDGE ( 'NONE', *, *, #3817, .F. ) ;
#1622 = DIRECTION ( 'NONE',  ( 0.000000000000000000, 0.000000000000000000, 1.000000000000000000 ) ) ;
#1624 = CARTESIAN_POINT ( 'NONE',  ( 31.81980515339462201, 12.12132034357700938, 3.000000000000000000 ) ) ;
#1625 = ORIENTED_EDGE ( 'NONE', *, *, #2784, .F. ) ;
#1626 = PLANE ( 'NONE',  #2120 ) ;
#1627 = ADVANCED_FACE ( 'NONE', ( #2265 ), #3159, .F. ) ;
#1628 = CYLINDRICAL_SURFACE ( 'NONE', #1522, 10.00000000000000355 ) ;
#1630 = ORIENTED_EDGE ( 'NONE', *, *, #2523, .T. ) ;
#1629 = CARTESIAN_POINT ( 'NONE',  ( 37.47665940288764830, -26.16295090390296352, 0.000000000000000000 ) ) ;
#1631 = DIRECTION ( 'NONE',  ( 0.7071067811861698749, 0.7071067811869252706, 0.000000000000000000 ) ) ;
#1633 = ORIENTED_EDGE ( 'NONE', *, *, #2418, .F. ) ;
#1632 = FACE_OUTER_BOUND ( 'NONE', #1238, .T. ) ;
#1634 = VERTEX_POINT ( 'NONE', #1450 ) ;
#1635 = CARTESIAN_POINT ( 'NONE',  ( -38.55508652763334254, 51.61879502661891905, 0.000000000000000000 ) ) ;
#1636 = CARTESIAN_POINT ( 'NONE',  ( 60.81118318203520801, -45.25483399594831013, 3.000000000000000000 ) ) ;
#1638 = VERTEX_POINT ( 'NONE', #762 ) ;
#1637 = CARTESIAN_POINT ( 'NONE',  ( -34.74873734152950533, -19.19238815542602694, 9.000000000000001776 ) ) ;
#1639 = DIRECTION ( 'NONE',  ( 0.7071067811865474617, 0.7071067811865476838, 0.000000000000000000 ) ) ;
#1640 = CIRCLE ( 'NONE', #2389, 9.999999999999994671 ) ;
#1641 = EDGE_CURVE ( 'NONE', #2838, #431, #2643, .T. ) ;
#1642 = CARTESIAN_POINT ( 'NONE',  ( 60.81118318204337925, 45.25483399593993994, 9.000000000000001776 ) ) ;
#1643 = EDGE_LOOP ( 'NONE', ( #2662, #1647, #2417, #3143, #2222 ) ) ;
#1645 = CARTESIAN_POINT ( 'NONE',  ( 7.778174593044001384, -7.778174593044001384, 3.000000000000000000 ) ) ;
#1644 = DIRECTION ( 'NONE',  ( 1.000000000000000000, 0.000000000000000000, 0.000000000000000000 ) ) ;
#1647 = ORIENTED_EDGE ( 'NONE', *, *, #3763, .F. ) ;
#1646 = LINE ( 'NONE', #2274, #1708 ) ;
#1649 = VERTEX_POINT ( 'NONE', #1947 ) ;
#1648 = LINE ( 'NONE', #3449, #3773 ) ;
#1650 = CIRCLE ( 'NONE', #2775, 1.750000000000008438 ) ;
#1651 = DIRECTION ( 'NONE',  ( -1.000000000000000000, 0.000000000000000000, 0.000000000000000000 ) ) ;
#1652 = CIRCLE ( 'NONE', #1839, 4.749999999999997335 ) ;
#1654 = VERTEX_POINT ( 'NONE', #475 ) ;
#1653 = FACE_OUTER_BOUND ( 'NONE', #3635, .T. ) ;
#1655 = ORIENTED_EDGE ( 'NONE', *, *, #553, .F. ) ;
#1656 = ADVANCED_FACE ( 'NONE', ( #1389, #1659, #3459 ), #1778, .F. ) ;
#1657 = CARTESIAN_POINT ( 'NONE',  ( 31.81980515339462201, 12.12132034357700938, 0.000000000000000000 ) ) ;
#1658 = LINE ( 'NONE', #847, #204 ) ;
#1660 = ORIENTED_EDGE ( 'NONE', *, *, #2630, .T. ) ;
#1659 = FACE_BOUND ( 'NONE', #2512, .T. ) ;
#1661 = AXIS2_PLACEMENT_3D ( 'NONE', #1370, #3738, #3799 ) ;
#1662 = CARTESIAN_POINT ( 'NONE',  ( -35.25178566874065922, -40.00178566873292851, -8.000000000000000000 ) ) ;
#1663 = PERSON_AND_ORGANIZATION_ROLE ( 'design_supplier' ) ;
#1664 = ORIENTED_EDGE ( 'NONE', *, *, #1720, .F. ) ;
#1665 = EDGE_CURVE ( 'NONE', #2385, #3640, #2362, .T. ) ;
#1667 = DIRECTION ( 'NONE',  ( -1.000000000000000000, 0.000000000000000000, -0.000000000000000000 ) ) ;
#1666 = CARTESIAN_POINT ( 'NONE',  ( 41.81980515339541427, -12.12132034357700228, 3.000000000000000000 ) ) ;
#1669 = ORIENTED_EDGE ( 'NONE', *, *, #3567, .T. ) ;
#1668 = DIRECTION ( 'NONE',  ( 0.000000000000000000, 0.000000000000000000, 1.000000000000000000 ) ) ;
#1671 = EDGE_LOOP ( 'NONE', ( #719, #250, #1925, #3206 ) ) ;
#1670 = DIRECTION ( 'NONE',  ( -1.000000000000000000, 0.000000000000000000, 0.000000000000000000 ) ) ;
#1672 = VECTOR ( 'NONE', #1941, 1000.000000000000000 ) ;
#1673 = AXIS2_PLACEMENT_3D ( 'NONE', #43, #1735, #3392 ) ;
#1674 = DIRECTION ( 'NONE',  ( 1.000000000000000000, 0.000000000000000000, 0.000000000000000000 ) ) ;
#1676 = EDGE_LOOP ( 'NONE', ( #39, #1756 ) ) ;
#1675 = DIRECTION ( 'NONE',  ( -1.000000000000000000, 0.000000000000000000, 0.000000000000000000 ) ) ;
#1677 = ORIENTED_EDGE ( 'NONE', *, *, #604, .T. ) ;
#1678 = FACE_BOUND ( 'NONE', #1113, .T. ) ;
#1679 = PLANE ( 'NONE',  #3185 ) ;
#1680 = VECTOR ( 'NONE', #1249, 1000.000000000000000 ) ;
#1681 = EDGE_CURVE ( 'NONE', #1634, #3522, #3555, .T. ) ;
#1683 = ORIENTED_EDGE ( 'NONE', *, *, #3155, .T. ) ;
#1682 = CARTESIAN_POINT ( 'NONE',  ( 12.12132034356017130, -31.81980515339509452, 3.000000000000000000 ) ) ;
#1684 = FACE_OUTER_BOUND ( 'NONE', #3612, .T. ) ;
#1685 = APPROVAL_ROLE ( '' ) ;
#1686 = VECTOR ( 'NONE', #1604, 1000.000000000000000 ) ;
#1687 = VECTOR ( 'NONE', #303, 1000.000000000000000 ) ;
#1688 = EDGE_LOOP ( 'NONE', ( #3836, #2986, #2787, #2156 ) ) ;
#1690 = DIRECTION ( 'NONE',  ( 0.000000000000000000, -0.000000000000000000, -1.000000000000000000 ) ) ;
#1689 = CARTESIAN_POINT ( 'NONE',  ( -40.00178566874065922, -40.00178566873292851, -8.000000000000000000 ) ) ;
#1691 = EDGE_CURVE ( 'NONE', #3671, #1484, #3381, .T. ) ;
#1693 = ORIENTED_EDGE ( 'NONE', *, *, #271, .F. ) ;
#1692 = DIRECTION ( 'NONE',  ( -0.000000000000000000, 0.000000000000000000, 1.000000000000000000 ) ) ;
#1695 = VERTEX_POINT ( 'NONE', #3835 ) ;
#1694 = CYLINDRICAL_SURFACE ( 'NONE', #3394, 1.750000000000001554 ) ;
#1696 = AXIS2_PLACEMENT_3D ( 'NONE', #1082, #3423, #1977 ) ;
#1697 = AXIS2_PLACEMENT_3D ( 'NONE', #1073, #205, #1388 ) ;
#1698 = DIRECTION ( 'NONE',  ( -0.000000000000000000, 0.000000000000000000, 1.000000000000000000 ) ) ;
#1700 = EDGE_LOOP ( 'NONE', ( #809, #571, #1602, #2394 ) ) ;
#1699 = DIRECTION ( 'NONE',  ( -0.000000000000000000, -0.000000000000000000, -1.000000000000000000 ) ) ;
#1701 = VERTEX_POINT ( 'NONE', #907 ) ;
#1702 = CARTESIAN_POINT ( 'NONE',  ( 40.30508652763382571, -51.61879502661854247, 9.000000000000003553 ) ) ;
#1703 = CARTESIAN_POINT ( 'NONE',  ( -23.66295090390275391, 0.000000000000000000, 3.000000000000000000 ) ) ;
#1705 = VERTEX_POINT ( 'NONE', #2399 ) ;
#1704 = LINE ( 'NONE', #3180, #2704 ) ;
#1706 = EDGE_CURVE ( 'NONE', #348, #246, #2048, .T. ) ;
#1707 = CARTESIAN_POINT ( 'NONE',  ( 51.61879502661850694, -40.30508652763388966, 9.000000000000003553 ) ) ;
#1708 = VECTOR ( 'NONE', #1336, 1000.000000000000000 ) ;
#1709 = AXIS2_PLACEMENT_3D ( 'NONE', #939, #2086, #2345 ) ;
#1710 = ORIENTED_EDGE ( 'NONE', *, *, #381, .T. ) ;
#1711 = AXIS2_PLACEMENT_3D ( 'NONE', #2586, #3717, #1077 ) ;
#1713 = FACE_OUTER_BOUND ( 'NONE', #412, .T. ) ;
#1712 = LINE ( 'NONE', #3742, #1747 ) ;
#1714 = DIRECTION ( 'NONE',  ( 0.000000000000000000, 0.000000000000000000, 1.000000000000000000 ) ) ;
#1715 = ORIENTED_EDGE ( 'NONE', *, *, #1469, .T. ) ;
#1716 = CARTESIAN_POINT ( 'NONE',  ( 26.16295090390276101, -37.47665940288759856, 3.000000000000000000 ) ) ;
#1718 = VERTEX_POINT ( 'NONE', #2118 ) ;
#1717 = CARTESIAN_POINT ( 'NONE',  ( 40.00178566874065922, -40.00178566873292851, 0.000000000000000000 ) ) ;
#1719 = ORIENTED_EDGE ( 'NONE', *, *, #1141, .T. ) ;
#1720 = EDGE_CURVE ( 'NONE', #3652, #1960, #1818, .T. ) ;
#1721 = FACE_BOUND ( 'NONE', #3747, .T. ) ;
#1722 = AXIS2_PLACEMENT_3D ( 'NONE', #1518, #2673, #1156 ) ;
#1723 = DIRECTION ( 'NONE',  ( -0.000000000000000000, -0.000000000000000000, -1.000000000000000000 ) ) ;
#1725 = EDGE_LOOP ( 'NONE', ( #618, #1998 ) ) ;
#1724 = DIRECTION ( 'NONE',  ( -0.000000000000000000, -0.000000000000000000, -1.000000000000000000 ) ) ;
#1726 = CARTESIAN_POINT ( 'NONE',  ( -40.00178566874065922, -40.00178566873292851, -8.000000000000000000 ) ) ;
#1727 = PERSON_AND_ORGANIZATION ( #558, #1251 ) ;
#1728 = ORIENTED_EDGE ( 'NONE', *, *, #3706, .F. ) ;
#1729 = AXIS2_PLACEMENT_3D ( 'NONE', #1707, #3481, #2268 ) ;
#1731 = CARTESIAN_POINT ( 'NONE',  ( -24.41295090390256917, 37.47665940288790409, 3.000000000000000000 ) ) ;
#1730 = CARTESIAN_POINT ( 'NONE',  ( 0.000000000000000000, -10.00000000000000000, 3.000000000000000000 ) ) ;
#1732 = DIRECTION ( 'NONE',  ( 0.7071067811861698749, 0.7071067811869252706, 0.000000000000000000 ) ) ;
#1733 = ORIENTED_EDGE ( 'NONE', *, *, #87, .F. ) ;
#1734 = CARTESIAN_POINT ( 'NONE',  ( 49.17619643385565809, 56.88982074412759005, 9.000000000000001776 ) ) ;
#1736 = VERTEX_POINT ( 'NONE', #3283 ) ;
#1735 = DIRECTION ( 'NONE',  ( 0.000000000000000000, -0.000000000000000000, -1.000000000000000000 ) ) ;
#1737 = LINE ( 'NONE', #2892, #3005 ) ;
#1738 = CIRCLE ( 'NONE', #3417, 7.500000000000000000 ) ;
#1739 = CARTESIAN_POINT ( 'NONE',  ( -40.30508652763334254, -51.61879502661891905, 3.000000000000000000 ) ) ;
#1740 = CARTESIAN_POINT ( 'NONE',  ( -34.74873734152950533, -19.19238815542602694, 3.000000000000000000 ) ) ;
#1742 = EDGE_LOOP ( 'NONE', ( #2486, #693 ) ) ;
#1741 = DIRECTION ( 'NONE',  ( -0.7071067811865476838, 0.7071067811865473507, -0.000000000000000000 ) ) ;
#1743 = EDGE_CURVE ( 'NONE', #1466, #2128, #3242, .T. ) ;
#1744 = FACE_OUTER_BOUND ( 'NONE', #2722, .T. ) ;
#1745 = DATE_AND_TIME ( #2854, #2626 ) ;
#1746 = ORIENTED_EDGE ( 'NONE', *, *, #1550, .T. ) ;
#1747 = VECTOR ( 'NONE', #2589, 1000.000000000000000 ) ;
#1749 = DIRECTION ( 'NONE',  ( -0.000000000000000000, -0.000000000000000000, -1.000000000000000000 ) ) ;
#1748 = DIRECTION ( 'NONE',  ( 0.000000000000000000, 0.000000000000000000, 1.000000000000000000 ) ) ;
#1750 = VECTOR ( 'NONE', #3366, 1000.000000000000000 ) ;
#1751 = LINE ( 'NONE', #1237, #3456 ) ;
#1752 = ORIENTED_EDGE ( 'NONE', *, *, #1229, .T. ) ;
#1753 = ADVANCED_FACE ( 'NONE', ( #614 ), #922, .F. ) ;
#1754 = CARTESIAN_POINT ( 'NONE',  ( -28.66295090390276101, 0.000000000000000000, 3.000000000000000000 ) ) ;
#1756 = ORIENTED_EDGE ( 'NONE', *, *, #2105, .T. ) ;
#1755 = PLANE ( 'NONE',  #1982 ) ;
#1757 = FACE_OUTER_BOUND ( 'NONE', #1070, .T. ) ;
#1758 = DIRECTION ( 'NONE',  ( -1.000000000000000000, 0.000000000000000000, 0.000000000000000000 ) ) ;
#1760 = ORIENTED_EDGE ( 'NONE', *, *, #1116, .F. ) ;
#1759 = CARTESIAN_POINT ( 'NONE',  ( -26.16295090390257272, 37.47665940288790409, 3.000000000000000000 ) ) ;
#1761 = VECTOR ( 'NONE', #3223, 1000.000000000000000 ) ;
#1762 = EDGE_CURVE ( 'NONE', #2363, #1168, #2955, .T. ) ;
#1763 = DIRECTION ( 'NONE',  ( -0.000000000000000000, -0.000000000000000000, -1.000000000000000000 ) ) ;
#1764 = ORIENTED_EDGE ( 'NONE', *, *, #112, .T. ) ;
#1765 = ORIENTED_EDGE ( 'NONE', *, *, #1478, .T. ) ;
#1766 = EDGE_CURVE ( 'NONE', #2522, #576, #2379, .T. ) ;
#1768 = CARTESIAN_POINT ( 'NONE',  ( -15.24999999999999645, 15.25000000000000000, 3.000000000000000000 ) ) ;
#1767 = CARTESIAN_POINT ( 'NONE',  ( 53.03300858899109471, 53.03300858899225290, 11.50000000000000000 ) ) ;
#1769 = ORIENTED_EDGE ( 'NONE', *, *, #2761, .F. ) ;
#1770 = VECTOR ( 'NONE', #2780, 1000.000000000000000 ) ;
#1771 = AXIS2_PLACEMENT_3D ( 'NONE', #167, #3757, #3115 ) ;
#1772 = AXIS2_PLACEMENT_3D ( 'NONE', #344, #2123, #3215 ) ;
#1773 = CYLINDRICAL_SURFACE ( 'NONE', #1535, 1.750000000000001554 ) ;
#1775 = ORIENTED_EDGE ( 'NONE', *, *, #3190, .T. ) ;
#1774 = CARTESIAN_POINT ( 'NONE',  ( 0.000000000000000000, 0.000000000000000000, 0.000000000000000000 ) ) ;
#1776 = CARTESIAN_POINT ( 'NONE',  ( 5.646762578720663782E-13, 31.81980515339531124, 0.000000000000000000 ) ) ;
#1777 = DIRECTION ( 'NONE',  ( -0.000000000000000000, 0.000000000000000000, 1.000000000000000000 ) ) ;
#1779 = VERTEX_POINT ( 'NONE', #1198 ) ;
#1778 = PLANE ( 'NONE',  #3063 ) ;
#1780 = AXIS2_PLACEMENT_3D ( 'NONE', #668, #687, #973 ) ;
#1781 = CARTESIAN_POINT ( 'NONE',  ( 34.74873734152950533, 19.19238815542602694, 3.000000000000000000 ) ) ;
#1782 = EDGE_LOOP ( 'NONE', ( #1013, #1047 ) ) ;
#1783 = ORIENTED_EDGE ( 'NONE', *, *, #2288, .F. ) ;
#1785 = DIRECTION ( 'NONE',  ( -0.000000000000000000, -0.000000000000000000, -1.000000000000000000 ) ) ;
#1784 = LINE ( 'NONE', #3598, #2686 ) ;
#1786 = EDGE_LOOP ( 'NONE', ( #1817, #1775, #1937, #1101 ) ) ;
#1787 = EDGE_CURVE ( 'NONE', #2600, #3468, #594, .T. ) ;
#1788 = CARTESIAN_POINT ( 'NONE',  ( -40.30508652763334254, -51.61879502661891905, 3.000000000000000000 ) ) ;
#1790 = VERTEX_POINT ( 'NONE', #1179 ) ;
#1789 = DIRECTION ( 'NONE',  ( -0.000000000000000000, -0.000000000000000000, -1.000000000000000000 ) ) ;
#1791 = VECTOR ( 'NONE', #2900, 1000.000000000000114 ) ;
#1792 = CARTESIAN_POINT ( 'NONE',  ( -44.75178566874065211, 40.00178566873292851, -8.000000000000000000 ) ) ;
#1793 = CARTESIAN_POINT ( 'NONE',  ( -40.00178566874065922, 40.00178566873292851, -8.000000000000000000 ) ) ;
#1795 = ORIENTED_EDGE ( 'NONE', *, *, #2112, .T. ) ;
#1794 = DIRECTION ( 'NONE',  ( -0.000000000000000000, -0.000000000000000000, -1.000000000000000000 ) ) ;
#1796 = CARTESIAN_POINT ( 'NONE',  ( 41.81980515339541427, 12.12132034357700583, 0.000000000000000000 ) ) ;
#1797 = ADVANCED_FACE ( 'NONE', ( #1811, #3302, #1233 ), #3002, .T. ) ;
#1798 = VECTOR ( 'NONE', #3457, 1000.000000000000000 ) ;
#1799 = ORIENTED_EDGE ( 'NONE', *, *, #1039, .F. ) ;
#1800 = EDGE_LOOP ( 'NONE', ( #3715, #2653 ) ) ;
#1801 = CARTESIAN_POINT ( 'NONE',  ( 13.50000000000000178, -15.25000000000000000, 0.000000000000000000 ) ) ;
#1802 = AXIS2_PLACEMENT_3D ( 'NONE', #577, #2952, #1828 ) ;
#1803 = ORIENTED_EDGE ( 'NONE', *, *, #1972, .T. ) ;
#1804 = AXIS2_PLACEMENT_3D ( 'NONE', #2961, #1242, #365 ) ;
#1805 = EDGE_CURVE ( 'NONE', #756, #2828, #305, .T. ) ;
#1806 = DIRECTION ( 'NONE',  ( 1.000000000000000000, 0.000000000000000000, 0.000000000000000000 ) ) ;
#1808 = EDGE_LOOP ( 'NONE', ( #3181, #882, #1594, #2059 ) ) ;
#1807 = CARTESIAN_POINT ( 'NONE',  ( -60.81118318204337925, 45.25483399593993994, 3.000000000000000000 ) ) ;
#1809 = CARTESIAN_POINT ( 'NONE',  ( 39.22665940288765540, -26.16295090390296352, 3.000000000000000000 ) ) ;
#1810 = CARTESIAN_POINT ( 'NONE',  ( -39.22665940288732855, 26.16295090390314471, 9.000000000000003553 ) ) ;
#1812 = EDGE_LOOP ( 'NONE', ( #2720, #3443 ) ) ;
#1811 = FACE_OUTER_BOUND ( 'NONE', #1278, .T. ) ;
#1813 = AXIS2_PLACEMENT_3D ( 'NONE', #1896, #3466, #3672 ) ;
#1814 = LINE ( 'NONE', #2716, #3009 ) ;
#1816 = ORIENTED_EDGE ( 'NONE', *, *, #2513, .T. ) ;
#1815 = PLANE ( 'NONE',  #1087 ) ;
#1817 = ORIENTED_EDGE ( 'NONE', *, *, #2566, .F. ) ;
#1818 = CIRCLE ( 'NONE', #138, 1.750000000000001554 ) ;
#1819 = EDGE_CURVE ( 'NONE', #1475, #30, #1078, .T. ) ;
#1820 = CARTESIAN_POINT ( 'NONE',  ( 31.81980515339461490, -1.447831160671513082E-14, 3.000000000000000000 ) ) ;
#1821 = VERTEX_POINT ( 'NONE', #1163 ) ;
#1822 = CIRCLE ( 'NONE', #647, 9.999999999999994671 ) ;
#1823 = EDGE_CURVE ( 'NONE', #3220, #2537, #3320, .T. ) ;
#1824 = DIRECTION ( 'NONE',  ( 1.000000000000000000, 0.000000000000000000, 0.000000000000000000 ) ) ;
#1826 = ORIENTED_EDGE ( 'NONE', *, *, #3352, .F. ) ;
#1825 = DIRECTION ( 'NONE',  ( 1.000000000000000000, 0.000000000000000000, 0.000000000000000000 ) ) ;
#1827 = CIRCLE ( 'NONE', #3129, 1.750000000000001554 ) ;
#1828 = DIRECTION ( 'NONE',  ( 0.7071067811865409114, -0.7071067811865541231, 0.000000000000000000 ) ) ;
#1829 = FACE_OUTER_BOUND ( 'NONE', #185, .T. ) ;
#1831 = ORIENTED_EDGE ( 'NONE', *, *, #560, .F. ) ;
#1830 = LINE ( 'NONE', #1544, #1513 ) ;
#1832 = EDGE_CURVE ( 'NONE', #1493, #2665, #1830, .T. ) ;
#1833 = LINE ( 'NONE', #3024, #759 ) ;
#1835 = ORIENTED_EDGE ( 'NONE', *, *, #2851, .T. ) ;
#1834 = DIRECTION ( 'NONE',  ( -0.000000000000000000, -0.000000000000000000, -1.000000000000000000 ) ) ;
#1836 = ORIENTED_EDGE ( 'NONE', *, *, #2999, .T. ) ;
#1837 = AXIS2_PLACEMENT_3D ( 'NONE', #3319, #3058, #2153 ) ;
#1838 = CARTESIAN_POINT ( 'NONE',  ( 40.00178566874065922, 40.00178566873292851, -8.000000000000000000 ) ) ;
#1839 = AXIS2_PLACEMENT_3D ( 'NONE', #1340, #1698, #1674 ) ;
#1840 = ORIENTED_EDGE ( 'NONE', *, *, #3539, .F. ) ;
#1841 = ADVANCED_FACE ( 'NONE', ( #867 ), #2197, .F. ) ;
#1842 = LINE ( 'NONE', #2169, #2515 ) ;
#1844 = ORIENTED_EDGE ( 'NONE', *, *, #2209, .T. ) ;
#1843 = CARTESIAN_POINT ( 'NONE',  ( -34.74873734152950533, -19.19238815542602694, 9.000000000000001776 ) ) ;
#1845 = DIRECTION ( 'NONE',  ( 1.000000000000000000, 0.000000000000000000, 0.000000000000000000 ) ) ;
#1846 = DIRECTION ( 'NONE',  ( 0.7071067811865475727, 0.7071067811865474617, -0.000000000000000000 ) ) ;
#1847 = VECTOR ( 'NONE', #2431, 1000.000000000000000 ) ;
#1849 = ORIENTED_EDGE ( 'NONE', *, *, #2224, .T. ) ;
#1848 = CYLINDRICAL_SURFACE ( 'NONE', #2696, 10.00000000000000178 ) ;
#1850 = DIRECTION ( 'NONE',  ( -0.000000000000000000, -0.000000000000000000, -1.000000000000000000 ) ) ;
#1851 = ADVANCED_FACE ( 'NONE', ( #1304, #1597 ), #3377, .T. ) ;
#1853 = ORIENTED_EDGE ( 'NONE', *, *, #864, .F. ) ;
#1852 = CARTESIAN_POINT ( 'NONE',  ( -19.19238815544207810, -34.74873734153007376, 9.000000000000001776 ) ) ;
#1854 = ORIENTED_EDGE ( 'NONE', *, *, #2803, .T. ) ;
#1855 = AXIS2_PLACEMENT_3D ( 'NONE', #2637, #1211, #1483 ) ;
#1856 = DIRECTION ( 'NONE',  ( -1.000000000000000000, 0.000000000000000000, 0.000000000000000000 ) ) ;
#1857 = EDGE_LOOP ( 'NONE', ( #3210, #2666, #714, #3412 ) ) ;
#1858 = AXIS2_PLACEMENT_3D ( 'NONE', #3034, #388, #2763 ) ;
#1859 = DIRECTION ( 'NONE',  ( 1.000000000000000000, 0.000000000000000000, 0.000000000000000000 ) ) ;
#1861 = ORIENTED_EDGE ( 'NONE', *, *, #3752, .F. ) ;
#1860 = DIRECTION ( 'NONE',  ( -1.000000000000000000, 0.000000000000000000, 0.000000000000000000 ) ) ;
#1862 = VECTOR ( 'NONE', #2152, 1000.000000000000000 ) ;
#1863 = ADVANCED_FACE ( 'NONE', ( #3677 ), #722, .F. ) ;
#1864 = LINE ( 'NONE', #2726, #2109 ) ;
#1865 = PLANE ( 'NONE',  #1590 ) ;
#1866 = CIRCLE ( 'NONE', #3369, 6.000000000000003553 ) ;
#1868 = ORIENTED_EDGE ( 'NONE', *, *, #1572, .F. ) ;
#1867 = PLANE ( 'NONE',  #391 ) ;
#1869 = CARTESIAN_POINT ( 'NONE',  ( -23.66295090390275391, -10.00000000000000000, 3.000000000000000000 ) ) ;
#1871 = EDGE_LOOP ( 'NONE', ( #336, #2706 ) ) ;
#1870 = DIRECTION ( 'NONE',  ( 0.000000000000000000, 0.000000000000000000, 1.000000000000000000 ) ) ;
#1872 = CIRCLE ( 'NONE', #2635, 1.750000000000008438 ) ;
#1873 = DIRECTION ( 'NONE',  ( 1.000000000000000000, 0.000000000000000000, 0.000000000000000000 ) ) ;
#1874 =( LENGTH_UNIT ( ) NAMED_UNIT ( * ) SI_UNIT ( .MILLI., .METRE. ) );
#1875 = CIRCLE ( 'NONE', #1319, 1.749999999999999778 ) ;
#1876 = AXIS2_PLACEMENT_3D ( 'NONE', #3411, #3040, #737 ) ;
#1877 = ORIENTED_EDGE ( 'NONE', *, *, #2174, .T. ) ;
#1878 = ADVANCED_FACE ( 'NONE', ( #3660 ), #2768, .F. ) ;
#1879 = AXIS2_PLACEMENT_3D ( 'NONE', #3843, #3485, #528 ) ;
#1880 = CIRCLE ( 'NONE', #3194, 10.00000000000000355 ) ;
#1881 = CARTESIAN_POINT ( 'NONE',  ( -40.30508652763334254, 51.61879502661891905, 3.000000000000000000 ) ) ;
#1883 = ORIENTED_EDGE ( 'NONE', *, *, #1279, .T. ) ;
#1882 = CARTESIAN_POINT ( 'NONE',  ( -19.19238815544207810, -34.74873734153007376, 9.000000000000001776 ) ) ;
#1884 = AXIS2_PLACEMENT_3D ( 'NONE', #29, #290, #886 ) ;
#1885 = CARTESIAN_POINT ( 'NONE',  ( 40.00178566874065922, 40.00178566873292851, -8.000000000000000000 ) ) ;
#1887 = ORIENTED_EDGE ( 'NONE', *, *, #3285, .F. ) ;
#1886 = CARTESIAN_POINT ( 'NONE',  ( -12.12132034357656885, -41.81980515339552795, 3.000000000000000000 ) ) ;
#1888 = CARTESIAN_POINT ( 'NONE',  ( -12.12132034357656885, 41.81980515339552795, 3.000000000000000000 ) ) ;
#1889 = ADVANCED_FACE ( 'NONE', ( #2749 ), #957, .F. ) ;
#1891 = ORIENTED_EDGE ( 'NONE', *, *, #3237, .T. ) ;
#1890 = LINE ( 'NONE', #106, #2448 ) ;
#1892 = LINE ( 'NONE', #73, #2395 ) ;
#1893 = CARTESIAN_POINT ( 'NONE',  ( 45.25483399593931466, 60.81118318204386242, 3.000000000000000000 ) ) ;
#1894 = CIRCLE ( 'NONE', #3462, 1.750000000000008438 ) ;
#1895 = ORIENTED_EDGE ( 'NONE', *, *, #2776, .F. ) ;
#1896 = CARTESIAN_POINT ( 'NONE',  ( -51.61879502661800956, 40.30508652763449362, 9.000000000000003553 ) ) ;
#1897 = EDGE_CURVE ( 'NONE', #1612, #1134, #3001, .T. ) ;
#1898 = CARTESIAN_POINT ( 'NONE',  ( 53.03300858899109471, -53.03300858899225290, 0.000000000000000000 ) ) ;
#1900 = ORIENTED_EDGE ( 'NONE', *, *, #2060, .T. ) ;
#1899 = DIRECTION ( 'NONE',  ( 1.000000000000000000, 0.000000000000000000, 0.000000000000000000 ) ) ;
#1901 = DIRECTION ( 'NONE',  ( -0.000000000000000000, 0.000000000000000000, 1.000000000000000000 ) ) ;
#1903 = EDGE_LOOP ( 'NONE', ( #599, #1719 ) ) ;
#1902 = DIRECTION ( 'NONE',  ( -0.000000000000000000, -0.000000000000000000, -1.000000000000000000 ) ) ;
#1904 = LINE ( 'NONE', #724, #3657 ) ;
#1906 = ORIENTED_EDGE ( 'NONE', *, *, #3683, .F. ) ;
#1905 = CARTESIAN_POINT ( 'NONE',  ( 40.00178566874065922, -40.00178566873292851, -8.000000000000000000 ) ) ;
#1907 = EDGE_CURVE ( 'NONE', #146, #3105, #688, .T. ) ;
#1908 = CARTESIAN_POINT ( 'NONE',  ( 39.22665940288765540, -26.16295090390296352, 9.000000000000003553 ) ) ;
#1909 = LINE ( 'NONE', #2485, #1750 ) ;
#1910 = ORIENTED_EDGE ( 'NONE', *, *, #888, .F. ) ;
#1911 = CARTESIAN_POINT ( 'NONE',  ( -19.19238815544207810, 34.74873734153007376, 9.000000000000001776 ) ) ;
#1912 = DIRECTION ( 'NONE',  ( 1.000000000000000000, 3.469446951953616161E-15, 0.000000000000000000 ) ) ;
#1914 = ORIENTED_EDGE ( 'NONE', *, *, #468, .F. ) ;
#1913 = CYLINDRICAL_SURFACE ( 'NONE', #489, 9.999999999999994671 ) ;
#1915 = ADVANCED_FACE ( 'NONE', ( #1632 ), #1867, .T. ) ;
#1916 = LINE ( 'NONE', #795, #2908 ) ;
#1918 = ORIENTED_EDGE ( 'NONE', *, *, #1607, .T. ) ;
#1917 = DIRECTION ( 'NONE',  ( -0.000000000000000000, -0.000000000000000000, -1.000000000000000000 ) ) ;
#1920 = ORIENTED_EDGE ( 'NONE', *, *, #3544, .F. ) ;
#1919 = VECTOR ( 'NONE', #3823, 1000.000000000000000 ) ;
#1921 = ADVANCED_FACE ( 'NONE', ( #2155, #3093, #2476 ), #1615, .T. ) ;
#1923 = LINE ( 'NONE', #450, #1798 ) ;
#1922 = AXIS2_PLACEMENT_3D ( 'NONE', #1534, #2993, #74 ) ;
#1925 = ORIENTED_EDGE ( 'NONE', *, *, #1135, .T. ) ;
#1924 = DIRECTION ( 'NONE',  ( 1.000000000000000000, 0.000000000000000000, 0.000000000000000000 ) ) ;
#1926 = DIRECTION ( 'NONE',  ( 0.000000000000000000, 0.000000000000000000, 1.000000000000000000 ) ) ;
#1927 = CARTESIAN_POINT ( 'NONE',  ( -28.66295090390276101, -10.00000000000000000, 0.000000000000000000 ) ) ;
#1928 = VERTEX_POINT ( 'NONE', #2138 ) ;
#1929 = AXIS2_PLACEMENT_3D ( 'NONE', #2962, #1127, #1150 ) ;
#1931 = CYLINDRICAL_SURFACE ( 'NONE', #2326, 1.749999999999999778 ) ;
#1930 = CARTESIAN_POINT ( 'NONE',  ( -61.17619643385552308, -68.88982074412768952, 9.000000000000001776 ) ) ;
#1933 = VERTEX_POINT ( 'NONE', #2806 ) ;
#1932 = FACE_OUTER_BOUND ( 'NONE', #370, .T. ) ;
#1934 = EDGE_CURVE ( 'NONE', #379, #546, #3566, .T. ) ;
#1935 = ADVANCED_FACE ( 'NONE', ( #64 ), #2217, .F. ) ;
#1937 = ORIENTED_EDGE ( 'NONE', *, *, #2819, .T. ) ;
#1936 = CARTESIAN_POINT ( 'NONE',  ( 35.72665940288764119, 26.16295090390296352, 0.000000000000000000 ) ) ;
#1938 = CIRCLE ( 'NONE', #21, 1.750000000000001554 ) ;
#1939 = VECTOR ( 'NONE', #2669, 1000.000000000000000 ) ;
#1940 = LINE ( 'NONE', #3130, #3023 ) ;
#1942 = ORIENTED_EDGE ( 'NONE', *, *, #2490, .F. ) ;
#1941 = DIRECTION ( 'NONE',  ( -0.000000000000000000, -0.000000000000000000, -1.000000000000000000 ) ) ;
#1943 = ORIENTED_EDGE ( 'NONE', *, *, #1202, .F. ) ;
#1944 = AXIS2_PLACEMENT_3D ( 'NONE', #783, #804, #1096 ) ;
#1945 = FACE_BOUND ( 'NONE', #399, .T. ) ;
#1946 = DIRECTION ( 'NONE',  ( -1.000000000000000000, 0.000000000000000000, 0.000000000000000000 ) ) ;
#1948 = EDGE_LOOP ( 'NONE', ( #1769, #1133, #2571, #3032, #1441 ) ) ;
#1947 = CARTESIAN_POINT ( 'NONE',  ( 45.25483399594766354, -60.81118318203566275, 9.000000000000001776 ) ) ;
#1949 = ADVANCED_FACE ( 'NONE', ( #2458 ), #1848, .F. ) ;
#1950 = AXIS2_PLACEMENT_3D ( 'NONE', #272, #2347, #292 ) ;
#1951 = DIRECTION ( 'NONE',  ( 1.000000000000000000, 0.000000000000000000, 0.000000000000000000 ) ) ;
#1952 = VECTOR ( 'NONE', #3507, 1000.000000000000000 ) ;
#1953 = COORDINATED_UNIVERSAL_TIME_OFFSET ( 5, 30, .AHEAD. ) ;
#1954 = ORIENTED_EDGE ( 'NONE', *, *, #2091, .F. ) ;
#1956 = CARTESIAN_POINT ( 'NONE',  ( 34.74873734152950533, 19.19238815542602694, 9.000000000000001776 ) ) ;
#1955 = LINE ( 'NONE', #2414, #995 ) ;
#1958 = EDGE_LOOP ( 'NONE', ( #2862, #3832 ) ) ;
#1957 = CARTESIAN_POINT ( 'NONE',  ( 47.50178566874065922, -40.00178566873292851, -8.000000000000000000 ) ) ;
#1960 = VERTEX_POINT ( 'NONE', #446 ) ;
#1959 = CYLINDRICAL_SURFACE ( 'NONE', #1417, 1.750000000000008438 ) ;
#1961 = ADVANCED_FACE ( 'NONE', ( #3644 ), #1579, .F. ) ;
#1962 = FACE_OUTER_BOUND ( 'NONE', #1700, .T. ) ;
#1964 = ORIENTED_EDGE ( 'NONE', *, *, #513, .T. ) ;
#1963 = DIRECTION ( 'NONE',  ( -0.000000000000000000, 0.000000000000000000, 1.000000000000000000 ) ) ;
#1965 = EDGE_LOOP ( 'NONE', ( #3364, #2198 ) ) ;
#1966 = ADVANCED_FACE ( 'NONE', ( #1342 ), #3789, .F. ) ;
#1967 = FACE_BOUND ( 'NONE', #1742, .T. ) ;
#1968 = DIRECTION ( 'NONE',  ( 1.000000000000000000, 0.000000000000000000, 0.000000000000000000 ) ) ;
#1970 = VERTEX_POINT ( 'NONE', #2257 ) ;
#1969 = DIRECTION ( 'NONE',  ( 1.000000000000000000, 0.000000000000000000, 0.000000000000000000 ) ) ;
#1971 = VECTOR ( 'NONE', #2511, 1000.000000000000000 ) ;
#1972 = EDGE_CURVE ( 'NONE', #2977, #346, #3770, .T. ) ;
#1973 = FACE_OUTER_BOUND ( 'NONE', #3786, .T. ) ;
#1974 = COORDINATED_UNIVERSAL_TIME_OFFSET ( 5, 30, .AHEAD. ) ;
#1975 = ORIENTED_EDGE ( 'NONE', *, *, #87, .T. ) ;
#1977 = DIRECTION ( 'NONE',  ( -1.000000000000000000, 0.000000000000000000, 0.000000000000000000 ) ) ;
#1976 = CARTESIAN_POINT ( 'NONE',  ( 17.00000000000000355, -15.25000000000000000, 3.000000000000000000 ) ) ;
#1979 = EDGE_LOOP ( 'NONE', ( #2629, #3416 ) ) ;
#1978 = CARTESIAN_POINT ( 'NONE',  ( -40.00178566874065922, -40.00178566873292851, -8.000000000000000000 ) ) ;
#1981 = EDGE_LOOP ( 'NONE', ( #1026, #525, #2240, #3094 ) ) ;
#1980 = DIRECTION ( 'NONE',  ( 0.7071067811865467956, 0.7071067811865483499, 0.000000000000000000 ) ) ;
#1982 = AXIS2_PLACEMENT_3D ( 'NONE', #1774, #3569, #1465 ) ;
#1983 = AXIS2_PLACEMENT_3D ( 'NONE', #2480, #2460, #3380 ) ;
#1984 = DIRECTION ( 'NONE',  ( -0.000000000000000000, -0.000000000000000000, -1.000000000000000000 ) ) ;
#1986 = ORIENTED_EDGE ( 'NONE', *, *, #3048, .F. ) ;
#1985 = CYLINDRICAL_SURFACE ( 'NONE', #2479, 1.750000000000008438 ) ;
#1987 = ORIENTED_EDGE ( 'NONE', *, *, #183, .F. ) ;
#1988 = EDGE_CURVE ( 'NONE', #1484, #3671, #3259, .T. ) ;
#1989 = FACE_BOUND ( 'NONE', #645, .T. ) ;
#1990 = CARTESIAN_POINT ( 'NONE',  ( 39.22665940288765540, 26.16295090390296352, 9.000000000000003553 ) ) ;
#1991 = AXIS2_PLACEMENT_3D ( 'NONE', #2710, #1270, #372 ) ;
#1993 = ORIENTED_EDGE ( 'NONE', *, *, #2776, .T. ) ;
#1992 = PLANE ( 'NONE',  #22 ) ;
#1994 = EDGE_CURVE ( 'NONE', #1928, #2436, #3453, .T. ) ;
#1995 = VECTOR ( 'NONE', #2668, 1000.000000000000000 ) ;
#1996 = DIRECTION ( 'NONE',  ( -0.000000000000000000, 0.000000000000000000, 1.000000000000000000 ) ) ;
#1997 = APPROVAL_STATUS ( 'not_yet_approved' ) ;
#1998 = ORIENTED_EDGE ( 'NONE', *, *, #3352, .T. ) ;
#2000 = CARTESIAN_POINT ( 'NONE',  ( 39.22665940288765540, 26.16295090390296352, 0.000000000000000000 ) ) ;
#1999 = DIRECTION ( 'NONE',  ( -0.000000000000000000, -0.000000000000000000, -1.000000000000000000 ) ) ;
#2001 = DIRECTION ( 'NONE',  ( -0.000000000000000000, -0.000000000000000000, -1.000000000000000000 ) ) ;
#2002 = ORIENTED_EDGE ( 'NONE', *, *, #2445, .F. ) ;
#2003 = EDGE_CURVE ( 'NONE', #1444, #1634, #3197, .T. ) ;
#2004 = CLOSED_SHELL ( 'NONE', ( #3379, #3461, #425, #2664, #3593, #1200, #876, #1497, #504, #1532, #341, #770, #2382, #1091, #2888, #2162, #1841, #2419, #3306, #2717, #877, #2130, #1540, #3606, #1863, #66, #3260, #1244, #998, #113, #2428, #1221, #1797, #2050, #3331, #3480, #276, #1595, #359, #1935, #1889, #671, #573, #715, #1915, #55, #1878, #2023, #2439, #3311, #2273, #2301, #3501, #3728, #1949, #19, #2672, #646, #3221, #1310, #1255, #1527, #1321, #3597, #1009, #1961, #904, #1591, #3012, #1195, #3557, #1966, #1153, #2455, #350, #897, #3022, #76, #2016, #976, #117, #2183, #2645, #533, #1753, #349, #2083, #3164, #3581, #942, #3069, #3211, #435, #1851, #2740, #31, #1455, #261, #2796, #2135, #2108, #675, #331, #159, #825, #2856, #613, #2337, #1921, #1407, #1656, #192, #3101, #1627, #3232, #1330 ) ) ;
#2005 = DIRECTION ( 'NONE',  ( -0.7071067811865466846, -0.7071067811865483499, 0.000000000000000000 ) ) ;
#2007 = ORIENTED_EDGE ( 'NONE', *, *, #241, .T. ) ;
#2006 = DIRECTION ( 'NONE',  ( 0.000000000000000000, -0.000000000000000000, -1.000000000000000000 ) ) ;
#2008 = DIRECTION ( 'NONE',  ( 1.000000000000000000, 0.000000000000000000, 0.000000000000000000 ) ) ;
#2009 = VECTOR ( 'NONE', #1362, 1000.000000000000000 ) ;
#2010 = DIRECTION ( 'NONE',  ( 1.000000000000000000, 0.000000000000000000, 0.000000000000000000 ) ) ;
#2011 = CARTESIAN_POINT ( 'NONE',  ( 42.05508652763382571, -51.61879502661854247, 0.000000000000000000 ) ) ;
#2013 = ORIENTED_EDGE ( 'NONE', *, *, #2190, .F. ) ;
#2012 = PLANE ( 'NONE',  #2894 ) ;
#2014 = DIRECTION ( 'NONE',  ( 1.000000000000000000, 0.000000000000000000, 0.000000000000000000 ) ) ;
#2015 = EDGE_CURVE ( 'NONE', #3549, #1649, #3708, .T. ) ;
#2016 = ADVANCED_FACE ( 'NONE', ( #842 ), #1985, .F. ) ;
#2017 = VERTEX_POINT ( 'NONE', #1111 ) ;
#2019 = LINE ( 'NONE', #296, #1939 ) ;
#2018 = LINE ( 'NONE', #2650, #2864 ) ;
#2020 = DIRECTION ( 'NONE',  ( 0.000000000000000000, 0.000000000000000000, 1.000000000000000000 ) ) ;
#2021 = VERTEX_POINT ( 'NONE', #470 ) ;
#2022 = AXIS2_PLACEMENT_3D ( 'NONE', #240, #2422, #2058 ) ;
#2023 = ADVANCED_FACE ( 'NONE', ( #1653 ), #796, .F. ) ;
#2024 = DIRECTION ( 'NONE',  ( -1.000000000000000000, 0.000000000000000000, 0.000000000000000000 ) ) ;
#2026 = ORIENTED_EDGE ( 'NONE', *, *, #416, .F. ) ;
#2025 = CARTESIAN_POINT ( 'NONE',  ( 26.97056274848191748, -26.97056274848191748, 11.50000000000000000 ) ) ;
#2027 = ORIENTED_EDGE ( 'NONE', *, *, #553, .T. ) ;
#2028 = FACE_OUTER_BOUND ( 'NONE', #3168, .T. ) ;
#2029 = AXIS2_PLACEMENT_3D ( 'NONE', #1045, #2909, #1403 ) ;
#2030 = FACE_OUTER_BOUND ( 'NONE', #3074, .T. ) ;
#2032 = ORIENTED_EDGE ( 'NONE', *, *, #3617, .F. ) ;
#2031 = CARTESIAN_POINT ( 'NONE',  ( 35.72665940288764119, -26.16295090390296352, 0.000000000000000000 ) ) ;
#2033 = FACE_OUTER_BOUND ( 'NONE', #2875, .T. ) ;
#2034 = DATE_AND_TIME ( #235, #1439 ) ;
#2035 = ORIENTED_EDGE ( 'NONE', *, *, #3572, .F. ) ;
#2036 = EDGE_CURVE ( 'NONE', #3500, #2128, #1110, .T. ) ;
#2038 = DIRECTION ( 'NONE',  ( 1.000000000000000000, 0.000000000000000000, 0.000000000000000000 ) ) ;
#2037 = CYLINDRICAL_SURFACE ( 'NONE', #3490, 10.00000000000000178 ) ;
#2039 = LINE ( 'NONE', #858, #839 ) ;
#2040 = VERTEX_POINT ( 'NONE', #2237 ) ;
#2041 = CARTESIAN_POINT ( 'NONE',  ( 49.86879502661849983, -40.30508652763388966, 9.000000000000003553 ) ) ;
#2043 = EDGE_LOOP ( 'NONE', ( #3638, #670 ) ) ;
#2042 = DIRECTION ( 'NONE',  ( -0.000000000000000000, -0.000000000000000000, -1.000000000000000000 ) ) ;
#2044 = EDGE_CURVE ( 'NONE', #3750, #542, #1426, .T. ) ;
#2045 = AXIS2_PLACEMENT_3D ( 'NONE', #2114, #917, #5 ) ;
#2046 = PLANE ( 'NONE',  #1802 ) ;
#2047 = DIRECTION ( 'NONE',  ( -0.000000000000000000, -0.000000000000000000, -1.000000000000000000 ) ) ;
#2049 = VERTEX_POINT ( 'NONE', #3749 ) ;
#2048 = LINE ( 'NONE', #1525, #2187 ) ;
#2050 = ADVANCED_FACE ( 'NONE', ( #2866, #3730, #2280, #1068, #3432, #1132, #3218, #2822 ), #244, .T. ) ;
#2051 = DIRECTION ( 'NONE',  ( 0.7071067811865550112, 0.7071067811865399122, 8.673617379884030542E-16 ) ) ;
#2052 = ORIENTED_EDGE ( 'NONE', *, *, #3237, .F. ) ;
#2053 = ORIENTED_EDGE ( 'NONE', *, *, #1418, .F. ) ;
#2054 = CIRCLE ( 'NONE', #7, 7.500000000000000000 ) ;
#2056 = CARTESIAN_POINT ( 'NONE',  ( -40.30508652763334254, -51.61879502661891905, 9.000000000000003553 ) ) ;
#2055 = CARTESIAN_POINT ( 'NONE',  ( 26.16295090390276101, -37.47665940288759856, 9.000000000000003553 ) ) ;
#2057 = AXIS2_PLACEMENT_3D ( 'NONE', #605, #946, #3615 ) ;
#2058 = DIRECTION ( 'NONE',  ( 1.000000000000000000, 0.000000000000000000, 0.000000000000000000 ) ) ;
#2059 = ORIENTED_EDGE ( 'NONE', *, *, #439, .T. ) ;
#2060 = EDGE_CURVE ( 'NONE', #346, #2148, #3656, .T. ) ;
#2061 = CARTESIAN_POINT ( 'NONE',  ( -45.25483399594766354, -60.81118318203566275, 9.000000000000001776 ) ) ;
#2063 = VERTEX_POINT ( 'NONE', #200 ) ;
#2062 = CARTESIAN_POINT ( 'NONE',  ( -37.47665940288732855, 26.16295090390314471, 0.000000000000000000 ) ) ;
#2064 = CARTESIAN_POINT ( 'NONE',  ( 0.000000000000000000, 0.000000000000000000, 0.000000000000000000 ) ) ;
#2065 = CARTESIAN_POINT ( 'NONE',  ( -53.36879502661794561, -40.30508652763449362, 3.000000000000000000 ) ) ;
#2066 = AXIS2_PLACEMENT_3D ( 'NONE', #669, #1012, #703 ) ;
#2068 = VERTEX_POINT ( 'NONE', #1383 ) ;
#2067 = CARTESIAN_POINT ( 'NONE',  ( 44.75178566874065211, 40.00178566873292851, -8.000000000000000000 ) ) ;
#2069 = AXIS2_PLACEMENT_3D ( 'NONE', #2317, #2006, #224 ) ;
#2070 = LINE ( 'NONE', #14, #2514 ) ;
#2071 = EDGE_CURVE ( 'NONE', #449, #1043, #2576, .T. ) ;
#2072 = ORIENTED_EDGE ( 'NONE', *, *, #2606, .T. ) ;
#2073 = VERTEX_POINT ( 'NONE', #2910 ) ;
#2074 = AXIS2_PLACEMENT_3D ( 'NONE', #374, #974, #394 ) ;
#2076 = PLANE ( 'NONE',  #2887 ) ;
#2075 = CYLINDRICAL_SURFACE ( 'NONE', #1804, 1.750000000000001554 ) ;
#2077 = ORIENTED_EDGE ( 'NONE', *, *, #3294, .T. ) ;
#2078 = VECTOR ( 'NONE', #950, 1000.000000000000000 ) ;
#2079 = DIRECTION ( 'NONE',  ( 1.000000000000000000, 0.000000000000000000, -0.000000000000000000 ) ) ;
#2081 = ORIENTED_EDGE ( 'NONE', *, *, #2260, .F. ) ;
#2080 = CARTESIAN_POINT ( 'NONE',  ( 60.81118318204337925, -45.25483399593993994, 9.000000000000001776 ) ) ;
#2082 = CIRCLE ( 'NONE', #2201, 1.750000000000001554 ) ;
#2083 = ADVANCED_FACE ( 'NONE', ( #1423 ), #2618, .F. ) ;
#2084 = CARTESIAN_POINT ( 'NONE',  ( 15.25000000000000355, 15.25000000000000000, 0.000000000000000000 ) ) ;
#2085 = CARTESIAN_POINT ( 'NONE',  ( 12.12132034356017130, 31.81980515339509452, 3.000000000000000000 ) ) ;
#2087 = VERTEX_POINT ( 'NONE', #627 ) ;
#2086 = DIRECTION ( 'NONE',  ( 0.000000000000000000, -0.000000000000000000, -1.000000000000000000 ) ) ;
#2088 = CARTESIAN_POINT ( 'NONE',  ( -12.12132034357652977, -31.81980515339552440, 0.000000000000000000 ) ) ;
#2089 = ORIENTED_EDGE ( 'NONE', *, *, #3285, .T. ) ;
#2090 = EDGE_LOOP ( 'NONE', ( #2299, #2366, #863, #2709 ) ) ;
#2091 = EDGE_CURVE ( 'NONE', #3556, #2828, #1044, .T. ) ;
#2092 = CARTESIAN_POINT ( 'NONE',  ( 5.646762578720663782E-13, -31.81980515339531124, 0.000000000000000000 ) ) ;
#2093 = ORIENTED_EDGE ( 'NONE', *, *, #1473, .T. ) ;
#2094 = DIRECTION ( 'NONE',  ( 0.000000000000000000, 0.000000000000000000, 1.000000000000000000 ) ) ;
#2096 = VERTEX_POINT ( 'NONE', #2080 ) ;
#2095 = DIRECTION ( 'NONE',  ( 1.000000000000000000, 0.000000000000000000, 0.000000000000000000 ) ) ;
#2097 = CC_DESIGN_PERSON_AND_ORGANIZATION_ASSIGNMENT ( #2587, #1663, ( #3494 ) ) ;
#2098 = CARTESIAN_POINT ( 'NONE',  ( 27.91295090390275746, 37.47665940288759856, 0.000000000000000000 ) ) ;
#2099 = DIRECTION ( 'NONE',  ( -1.000000000000000000, 0.000000000000000000, 0.000000000000000000 ) ) ;
#2100 = EDGE_CURVE ( 'NONE', #739, #1821, #59, .T. ) ;
#2102 = ORIENTED_EDGE ( 'NONE', *, *, #1421, .F. ) ;
#2101 = CARTESIAN_POINT ( 'NONE',  ( -40.00178566874065922, 40.00178566873292851, -8.000000000000000000 ) ) ;
#2103 = CARTESIAN_POINT ( 'NONE',  ( -23.66295090390275391, 10.00000000000000000, 3.000000000000000000 ) ) ;
#2104 = VERTEX_POINT ( 'NONE', #2930 ) ;
#2105 = EDGE_CURVE ( 'NONE', #1960, #3652, #800, .T. ) ;
#2106 = ORIENTED_EDGE ( 'NONE', *, *, #1146, .T. ) ;
#2107 = DIRECTION ( 'NONE',  ( -0.000000000000000000, -0.000000000000000000, -1.000000000000000000 ) ) ;
#2108 = ADVANCED_FACE ( 'NONE', ( #575 ), #933, .T. ) ;
#2109 = VECTOR ( 'NONE', #3018, 1000.000000000000000 ) ;
#2110 = ORIENTED_EDGE ( 'NONE', *, *, #3651, .F. ) ;
#2111 = AXIS2_PLACEMENT_3D ( 'NONE', #2408, #1223, #3328 ) ;
#2112 = EDGE_CURVE ( 'NONE', #44, #2558, #3601, .T. ) ;
#2113 = FACE_OUTER_BOUND ( 'NONE', #3448, .T. ) ;
#2115 = ORIENTED_EDGE ( 'NONE', *, *, #1141, .F. ) ;
#2114 = CARTESIAN_POINT ( 'NONE',  ( 37.47665940288764830, -26.16295090390296352, 3.000000000000000000 ) ) ;
#2116 = CARTESIAN_POINT ( 'NONE',  ( 37.47665940288764830, 26.16295090390296352, 9.000000000000003553 ) ) ;
#2117 = CARTESIAN_POINT ( 'NONE',  ( -31.81980515339495597, 12.12132034356053722, 3.000000000000000000 ) ) ;
#2119 = EDGE_LOOP ( 'NONE', ( #2966, #918, #458, #3661 ) ) ;
#2118 = CARTESIAN_POINT ( 'NONE',  ( 23.66295090390276812, 9.999999999999996447, 0.000000000000000000 ) ) ;
#2120 = AXIS2_PLACEMENT_3D ( 'NONE', #481, #2815, #1667 ) ;
#2121 = AXIS2_PLACEMENT_3D ( 'NONE', #3178, #1050, #2539 ) ;
#2122 = DIRECTION ( 'NONE',  ( 1.000000000000000000, 0.000000000000000000, 0.000000000000000000 ) ) ;
#2124 = EDGE_LOOP ( 'NONE', ( #2193, #1511, #2577, #1660 ) ) ;
#2123 = DIRECTION ( 'NONE',  ( -1.774606271628325875E-14, -1.000000000000000000, 0.000000000000000000 ) ) ;
#2125 = AXIS2_PLACEMENT_3D ( 'NONE', #3301, #2968, #1524 ) ;
#2126 = ORIENTED_EDGE ( 'NONE', *, *, #2044, .T. ) ;
#2127 = CARTESIAN_POINT ( 'NONE',  ( 27.91295090390275746, 37.47665940288759856, 9.000000000000003553 ) ) ;
#2128 = VERTEX_POINT ( 'NONE', #3548 ) ;
#2129 = CIRCLE ( 'NONE', #2262, 9.999999999999994671 ) ;
#2130 = ADVANCED_FACE ( 'NONE', ( #263 ), #2692, .F. ) ;
#2131 = FACE_OUTER_BOUND ( 'NONE', #821, .T. ) ;
#2133 = ORIENTED_EDGE ( 'NONE', *, *, #987, .F. ) ;
#2132 = CARTESIAN_POINT ( 'NONE',  ( 34.74873734152950533, -19.19238815542602694, 9.000000000000001776 ) ) ;
#2134 = AXIS2_PLACEMENT_3D ( 'NONE', #1881, #96, #351 ) ;
#2135 = ADVANCED_FACE ( 'NONE', ( #3812 ), #1755, .F. ) ;
#2136 = CARTESIAN_POINT ( 'NONE',  ( 47.50178566874065922, -40.00178566873292851, 0.000000000000000000 ) ) ;
#2137 = FACE_BOUND ( 'NONE', #3403, .T. ) ;
#2139 = VERTEX_POINT ( 'NONE', #1157 ) ;
#2138 = CARTESIAN_POINT ( 'NONE',  ( -23.11375059334859827, 30.82737490361932942, 9.000000000000001776 ) ) ;
#2140 = AXIS2_PLACEMENT_3D ( 'NONE', #1019, #743, #3365 ) ;
#2141 = CARTESIAN_POINT ( 'NONE',  ( -49.86879502661806640, 40.30508652763449362, 0.000000000000000000 ) ) ;
#2143 = ORIENTED_EDGE ( 'NONE', *, *, #3826, .T. ) ;
#2142 = CARTESIAN_POINT ( 'NONE',  ( 41.81980515339541427, -12.12132034357700228, 0.000000000000000000 ) ) ;
#2144 = EDGE_LOOP ( 'NONE', ( #2921, #665, #2405, #194 ) ) ;
#2145 = DIRECTION ( 'NONE',  ( 0.000000000000000000, 0.000000000000000000, 1.000000000000000000 ) ) ;
#2146 = LINE ( 'NONE', #2185, #814 ) ;
#2147 = EDGE_CURVE ( 'NONE', #2665, #2275, #2708, .T. ) ;
#2148 = VERTEX_POINT ( 'NONE', #2965 ) ;
#2149 = DIRECTION ( 'NONE',  ( 0.000000000000000000, 1.000000000000000000, -0.000000000000000000 ) ) ;
#2151 = ORIENTED_EDGE ( 'NONE', *, *, #1202, .T. ) ;
#2150 = DIRECTION ( 'NONE',  ( -0.7071067811865474617, -0.7071067811865476838, 0.000000000000000000 ) ) ;
#2152 = DIRECTION ( 'NONE',  ( -0.000000000000000000, -0.000000000000000000, -1.000000000000000000 ) ) ;
#2153 = DIRECTION ( 'NONE',  ( 1.000000000000000000, 0.000000000000000000, 0.000000000000000000 ) ) ;
#2154 = CIRCLE ( 'NONE', #921, 7.500000000000000000 ) ;
#2156 = ORIENTED_EDGE ( 'NONE', *, *, #2071, .F. ) ;
#2155 = FACE_OUTER_BOUND ( 'NONE', #3321, .T. ) ;
#2157 = EDGE_CURVE ( 'NONE', #1301, #2685, #2730, .T. ) ;
#2158 = CIRCLE ( 'NONE', #2671, 1.750000000000008438 ) ;
#2159 = LINE ( 'NONE', #1254, #212 ) ;
#2161 = VERTEX_POINT ( 'NONE', #2657 ) ;
#2160 = DIRECTION ( 'NONE',  ( 1.000000000000000000, 0.000000000000000000, 0.000000000000000000 ) ) ;
#2162 = ADVANCED_FACE ( 'NONE', ( #3831 ), #1174, .F. ) ;
#2163 = CIRCLE ( 'NONE', #499, 1.750000000000001554 ) ;
#2164 = CIRCLE ( 'NONE', #2677, 1.749999999999939160 ) ;
#2165 = LINE ( 'NONE', #1624, #227 ) ;
#2166 = DIRECTION ( 'NONE',  ( -0.000000000000000000, -0.000000000000000000, -1.000000000000000000 ) ) ;
#2167 = EDGE_LOOP ( 'NONE', ( #2318, #1097 ) ) ;
#2168 = AXIS2_PLACEMENT_3D ( 'NONE', #1739, #2342, #3532 ) ;
#2169 = CARTESIAN_POINT ( 'NONE',  ( 45.25483399594766354, -60.81118318203566275, 9.000000000000001776 ) ) ;
#2171 = ORIENTED_EDGE ( 'NONE', *, *, #2563, .T. ) ;
#2170 = CARTESIAN_POINT ( 'NONE',  ( 13.50000000000000178, 15.25000000000000000, 0.000000000000000000 ) ) ;
#2172 = CIRCLE ( 'NONE', #1922, 9.999999999999994671 ) ;
#2173 = EDGE_CURVE ( 'NONE', #1003, #1445, #3313, .T. ) ;
#2174 = EDGE_CURVE ( 'NONE', #1536, #3756, #301, .T. ) ;
#2175 = FACE_BOUND ( 'NONE', #264, .T. ) ;
#2177 = ORIENTED_EDGE ( 'NONE', *, *, #2845, .T. ) ;
#2176 = CARTESIAN_POINT ( 'NONE',  ( 26.16295090390276101, 37.47665940288759856, 3.000000000000000000 ) ) ;
#2178 = FACE_OUTER_BOUND ( 'NONE', #1420, .T. ) ;
#2180 = EDGE_LOOP ( 'NONE', ( #908, #2295, #2093, #923 ) ) ;
#2179 = PLANE ( 'NONE',  #2646 ) ;
#2181 = CIRCLE ( 'NONE', #444, 1.750000000000001554 ) ;
#2182 = CIRCLE ( 'NONE', #2125, 4.749999999999997335 ) ;
#2183 = ADVANCED_FACE ( 'NONE', ( #2996 ), #2674, .F. ) ;
#2184 = CARTESIAN_POINT ( 'NONE',  ( -35.25178566874065922, 40.00178566873292851, 0.000000000000000000 ) ) ;
#2185 = CARTESIAN_POINT ( 'NONE',  ( -27.91295090390257272, 37.47665940288790409, 3.000000000000000000 ) ) ;
#2186 = DESIGN_CONTEXT ( 'detailed design', #3546, 'design' ) ;
#2187 = VECTOR ( 'NONE', #1794, 1000.000000000000000 ) ;
#2188 = ORIENTED_EDGE ( 'NONE', *, *, #40, .T. ) ;
#2189 = DIRECTION ( 'NONE',  ( 1.000000000000000000, 0.000000000000000000, 0.000000000000000000 ) ) ;
#2190 = EDGE_CURVE ( 'NONE', #1247, #2644, #1738, .T. ) ;
#2191 = CARTESIAN_POINT ( 'NONE',  ( 53.36879502661851404, -40.30508652763388966, 0.000000000000000000 ) ) ;
#2193 = ORIENTED_EDGE ( 'NONE', *, *, #1381, .F. ) ;
#2192 = PLANE ( 'NONE',  #3238 ) ;
#2194 = AXIS2_PLACEMENT_3D ( 'NONE', #1510, #307, #2700 ) ;
#2195 = CIRCLE ( 'NONE', #3010, 1.750000000000001554 ) ;
#2196 = CARTESIAN_POINT ( 'NONE',  ( 42.05508652763382571, 51.61879502661854247, 0.000000000000000000 ) ) ;
#2198 = ORIENTED_EDGE ( 'NONE', *, *, #313, .F. ) ;
#2197 = CYLINDRICAL_SURFACE ( 'NONE', #2760, 1.749999999999994671 ) ;
#2199 = EDGE_CURVE ( 'NONE', #3083, #2139, #681, .T. ) ;
#2200 = DIRECTION ( 'NONE',  ( 0.000000000000000000, 0.000000000000000000, 1.000000000000000000 ) ) ;
#2201 = AXIS2_PLACEMENT_3D ( 'NONE', #1603, #677, #1856 ) ;
#2203 = ORIENTED_EDGE ( 'NONE', *, *, #855, .F. ) ;
#2202 = DIRECTION ( 'NONE',  ( 0.7071067811865479058, 0.7071067811865472397, -0.000000000000000000 ) ) ;
#2204 = AXIS2_PLACEMENT_3D ( 'NONE', #711, #1569, #2756 ) ;
#2205 = LINE ( 'NONE', #2525, #2770 ) ;
#2206 = MECHANICAL_CONTEXT ( 'NONE', #1076, 'mechanical' ) ;
#2207 = ORIENTED_EDGE ( 'NONE', *, *, #1433, .F. ) ;
#2208 = AXIS2_PLACEMENT_3D ( 'NONE', #1716, #3107, #1651 ) ;
#2209 = EDGE_CURVE ( 'NONE', #2269, #2128, #644, .T. ) ;
#2210 = AXIS2_PLACEMENT_3D ( 'NONE', #154, #469, #515 ) ;
#2211 = FACE_OUTER_BOUND ( 'NONE', #1424, .T. ) ;
#2212 = DIRECTION ( 'NONE',  ( -0.000000000000000000, -0.000000000000000000, -1.000000000000000000 ) ) ;
#2214 = ORIENTED_EDGE ( 'NONE', *, *, #1280, .F. ) ;
#2213 = CARTESIAN_POINT ( 'NONE',  ( -40.30508652763334254, 51.61879502661891905, 9.000000000000003553 ) ) ;
#2215 = EDGE_CURVE ( 'NONE', #3284, #146, #2163, .T. ) ;
#2216 = CARTESIAN_POINT ( 'NONE',  ( -38.55508652763334254, -51.61879502661891905, 9.000000000000003553 ) ) ;
#2218 = ORIENTED_EDGE ( 'NONE', *, *, #1832, .T. ) ;
#2217 = PLANE ( 'NONE',  #1876 ) ;
#2219 = ORIENTED_EDGE ( 'NONE', *, *, #397, .T. ) ;
#2220 = DIRECTION ( 'NONE',  ( -0.7071067811865476838, 0.7071067811865473507, -0.000000000000000000 ) ) ;
#2222 = ORIENTED_EDGE ( 'NONE', *, *, #625, .T. ) ;
#2221 = CARTESIAN_POINT ( 'NONE',  ( -31.81980515339495597, 0.000000000000000000, 3.000000000000000000 ) ) ;
#2223 = CARTESIAN_POINT ( 'NONE',  ( -26.16295090390257272, -37.47665940288790409, 0.000000000000000000 ) ) ;
#2224 = EDGE_CURVE ( 'NONE', #15, #2040, #3354, .T. ) ;
#2225 = CARTESIAN_POINT ( 'NONE',  ( 37.47665940288764830, -26.16295090390296352, 9.000000000000003553 ) ) ;
#2226 = ORIENTED_EDGE ( 'NONE', *, *, #1287, .F. ) ;
#2227 = AXIS2_PLACEMENT_3D ( 'NONE', #2062, #1500, #3235 ) ;
#2229 = CYLINDRICAL_SURFACE ( 'NONE', #2998, 1.750000000000008438 ) ;
#2228 = FACE_OUTER_BOUND ( 'NONE', #1368, .T. ) ;
#2231 = ORIENTED_EDGE ( 'NONE', *, *, #2913, .F. ) ;
#2230 = CARTESIAN_POINT ( 'NONE',  ( 38.55508652763381860, 51.61879502661854247, 0.000000000000000000 ) ) ;
#2233 = ORIENTED_EDGE ( 'NONE', *, *, #1564, .T. ) ;
#2232 = DIRECTION ( 'NONE',  ( -0.000000000000000000, -0.000000000000000000, -1.000000000000000000 ) ) ;
#2234 = AXIS2_PLACEMENT_3D ( 'NONE', #1611, #683, #951 ) ;
#2235 = EDGE_CURVE ( 'NONE', #2269, #1493, #2470, .T. ) ;
#2236 = CARTESIAN_POINT ( 'NONE',  ( 37.47665940288764830, 26.16295090390296352, 0.000000000000000000 ) ) ;
#2238 = ORIENTED_EDGE ( 'NONE', *, *, #3662, .F. ) ;
#2237 = CARTESIAN_POINT ( 'NONE',  ( 35.25178566874065922, 40.00178566873292851, 0.000000000000000000 ) ) ;
#2240 = ORIENTED_EDGE ( 'NONE', *, *, #170, .T. ) ;
#2239 = AXIS2_PLACEMENT_3D ( 'NONE', #3337, #1059, #2250 ) ;
#2241 = PRODUCT ( 'Bottom_Plate', 'Bottom_Plate', '', ( #2206 ) ) ;
#2242 = FACE_BOUND ( 'NONE', #2371, .T. ) ;
#2243 = FACE_OUTER_BOUND ( 'NONE', #179, .T. ) ;
#2245 = EDGE_LOOP ( 'NONE', ( #3828, #1225 ) ) ;
#2244 = CARTESIAN_POINT ( 'NONE',  ( 0.000000000000000000, 10.00000000000000000, 3.000000000000000000 ) ) ;
#2246 = LINE ( 'NONE', #2544, #1463 ) ;
#2247 = VERTEX_POINT ( 'NONE', #97 ) ;
#2248 = EDGE_CURVE ( 'NONE', #576, #2522, #2615, .T. ) ;
#2249 = VECTOR ( 'NONE', #3517, 1000.000000000000000 ) ;
#2251 = DIRECTION ( 'NONE',  ( -1.000000000000000000, 0.000000000000000000, 0.000000000000000000 ) ) ;
#2250 = DIRECTION ( 'NONE',  ( -1.000000000000000000, 0.000000000000000000, 0.000000000000000000 ) ) ;
#2253 = VERTEX_POINT ( 'NONE', #2170 ) ;
#2252 = CYLINDRICAL_SURFACE ( 'NONE', #3070, 1.750000000000001554 ) ;
#2255 = VERTEX_POINT ( 'NONE', #1556 ) ;
#2254 = CARTESIAN_POINT ( 'NONE',  ( 44.75178566874065211, 40.00178566873292851, -8.000000000000000000 ) ) ;
#2256 = DIRECTION ( 'NONE',  ( 1.000000000000000000, 0.000000000000000000, 0.000000000000000000 ) ) ;
#2258 = EDGE_LOOP ( 'NONE', ( #2901, #1693, #1576, #1167 ) ) ;
#2257 = CARTESIAN_POINT ( 'NONE',  ( -12.12132034357652977, -31.81980515339552440, 3.000000000000000000 ) ) ;
#2259 = ORIENTED_EDGE ( 'NONE', *, *, #3081, .F. ) ;
#2260 = EDGE_CURVE ( 'NONE', #1790, #766, #3421, .T. ) ;
#2261 = VECTOR ( 'NONE', #2683, 1000.000000000000000 ) ;
#2262 = AXIS2_PLACEMENT_3D ( 'NONE', #2285, #1411, #1969 ) ;
#2263 = FACE_BOUND ( 'NONE', #3275, .T. ) ;
#2264 = LINE ( 'NONE', #2322, #2249 ) ;
#2266 = ORIENTED_EDGE ( 'NONE', *, *, #695, .F. ) ;
#2265 = FACE_OUTER_BOUND ( 'NONE', #2090, .T. ) ;
#2267 = VECTOR ( 'NONE', #2149, 1000.000000000000000 ) ;
#2268 = DIRECTION ( 'NONE',  ( 1.000000000000000000, 0.000000000000000000, 0.000000000000000000 ) ) ;
#2269 = VERTEX_POINT ( 'NONE', #2724 ) ;
#2270 = CIRCLE ( 'NONE', #2140, 7.500000000000000000 ) ;
#2272 = DIRECTION ( 'NONE',  ( -0.000000000000000000, -0.000000000000000000, -1.000000000000000000 ) ) ;
#2271 = DIRECTION ( 'NONE',  ( -0.000000000000000000, -0.000000000000000000, -1.000000000000000000 ) ) ;
#2273 = ADVANCED_FACE ( 'NONE', ( #3654 ), #1317, .T. ) ;
#2275 = VERTEX_POINT ( 'NONE', #3619 ) ;
#2274 = CARTESIAN_POINT ( 'NONE',  ( 27.91295090390275746, 37.47665940288759856, 3.000000000000000000 ) ) ;
#2277 = VERTEX_POINT ( 'NONE', #1882 ) ;
#2276 = CARTESIAN_POINT ( 'NONE',  ( 53.03300858899109471, 53.03300858899225290, 0.000000000000000000 ) ) ;
#2278 = AXIS2_PLACEMENT_3D ( 'NONE', #1885, #3676, #2434 ) ;
#2279 = CARTESIAN_POINT ( 'NONE',  ( 23.66295090390276812, -10.00000000000000355, 3.000000000000000000 ) ) ;
#2281 = ORIENTED_EDGE ( 'NONE', *, *, #448, .T. ) ;
#2280 = FACE_BOUND ( 'NONE', #3464, .T. ) ;
#2282 = ORIENTED_EDGE ( 'NONE', *, *, #799, .F. ) ;
#2283 = FACE_BOUND ( 'NONE', #169, .T. ) ;
#2284 = CARTESIAN_POINT ( 'NONE',  ( 44.75178566874065211, -40.00178566873292851, 0.000000000000000000 ) ) ;
#2286 = EDGE_LOOP ( 'NONE', ( #963, #700, #3110, #3288 ) ) ;
#2285 = CARTESIAN_POINT ( 'NONE',  ( -41.81980515339495241, -12.12132034356053367, 3.000000000000000000 ) ) ;
#2287 = CYLINDRICAL_SURFACE ( 'NONE', #1104, 1.750000000000001554 ) ;
#2288 = EDGE_CURVE ( 'NONE', #3133, #522, #3487, .T. ) ;
#2289 = DATE_AND_TIME ( #3800, #3670 ) ;
#2290 = EDGE_LOOP ( 'NONE', ( #3692, #1338, #213, #844 ) ) ;
#2292 = CARTESIAN_POINT ( 'NONE',  ( 13.50000000000000355, 15.25000000000000000, 3.000000000000000000 ) ) ;
#2291 = DIRECTION ( 'NONE',  ( -0.000000000000000000, -0.000000000000000000, -1.000000000000000000 ) ) ;
#2293 = FACE_BOUND ( 'NONE', #1979, .T. ) ;
#2295 = ORIENTED_EDGE ( 'NONE', *, *, #2593, .T. ) ;
#2294 = DIRECTION ( 'NONE',  ( 0.000000000000000000, -0.000000000000000000, -1.000000000000000000 ) ) ;
#2296 = AXIS2_PLACEMENT_3D ( 'NONE', #900, #1443, #2949 ) ;
#2297 = LINE ( 'NONE', #1382, #3527 ) ;
#2299 = ORIENTED_EDGE ( 'NONE', *, *, #1994, .T. ) ;
#2298 = CARTESIAN_POINT ( 'NONE',  ( 19.19238815544207810, -34.74873734153007376, 9.000000000000001776 ) ) ;
#2300 = CARTESIAN_POINT ( 'NONE',  ( 7.778174593044107077, -7.778174593043938323, 3.000000000000000000 ) ) ;
#2301 = ADVANCED_FACE ( 'NONE', ( #60 ), #2192, .T. ) ;
#2302 = LINE ( 'NONE', #1792, #1687 ) ;
#2303 = CARTESIAN_POINT ( 'NONE',  ( 24.41295090390276812, 37.47665940288759856, 3.000000000000000000 ) ) ;
#2304 = VECTOR ( 'NONE', #2271, 1000.000000000000000 ) ;
#2306 = VERTEX_POINT ( 'NONE', #3055 ) ;
#2305 = FACE_OUTER_BOUND ( 'NONE', #3425, .T. ) ;
#2307 = CIRCLE ( 'NONE', #1561, 6.000000000000003553 ) ;
#2308 = CARTESIAN_POINT ( 'NONE',  ( -7.778174593051745411, -7.778174593051739194, 0.000000000000000000 ) ) ;
#2309 = ORIENTED_EDGE ( 'NONE', *, *, #3037, .F. ) ;
#2310 = EDGE_CURVE ( 'NONE', #2255, #2556, #624, .T. ) ;
#2312 = CARTESIAN_POINT ( 'NONE',  ( 41.81980515339541427, -12.12132034357700228, 3.000000000000000000 ) ) ;
#2311 = DIRECTION ( 'NONE',  ( -1.000000000000000000, 0.000000000000000000, 0.000000000000000000 ) ) ;
#2313 = LINE ( 'NONE', #3525, #1952 ) ;
#2314 = ORIENTED_EDGE ( 'NONE', *, *, #2323, .T. ) ;
#2315 = VECTOR ( 'NONE', #248, 1000.000000000000000 ) ;
#2316 = DIRECTION ( 'NONE',  ( 0.000000000000000000, -0.000000000000000000, 1.000000000000000000 ) ) ;
#2318 = ORIENTED_EDGE ( 'NONE', *, *, #3435, .F. ) ;
#2317 = CARTESIAN_POINT ( 'NONE',  ( -26.16295090390257272, 37.47665940288790409, 0.000000000000000000 ) ) ;
#2319 = EDGE_LOOP ( 'NONE', ( #779, #3427 ) ) ;
#2320 = VECTOR ( 'NONE', #3020, 1000.000000000000000 ) ;
#2321 = LINE ( 'NONE', #1776, #1306 ) ;
#2322 = CARTESIAN_POINT ( 'NONE',  ( 28.66295090390276812, 0.000000000000000000, 3.000000000000000000 ) ) ;
#2323 = EDGE_CURVE ( 'NONE', #1928, #1052, #2488, .T. ) ;
#2325 = ORIENTED_EDGE ( 'NONE', *, *, #1819, .T. ) ;
#2324 = DIRECTION ( 'NONE',  ( -0.7071067811865475727, 0.7071067811865474617, 0.000000000000000000 ) ) ;
#2326 = AXIS2_PLACEMENT_3D ( 'NONE', #3121, #148, #3701 ) ;
#2327 = CARTESIAN_POINT ( 'NONE',  ( 7.778174593044001384, -7.778174593044001384, 0.000000000000000000 ) ) ;
#2328 = VECTOR ( 'NONE', #343, 999.9999999999998863 ) ;
#2329 = APPROVAL_DATE_TIME ( #545, #3440 ) ;
#2330 = ORIENTED_EDGE ( 'NONE', *, *, #1071, .F. ) ;
#2331 = CIRCLE ( 'NONE', #3014, 4.749999999999997335 ) ;
#2333 = DIRECTION ( 'NONE',  ( 1.000000000000000000, 0.000000000000000000, 0.000000000000000000 ) ) ;
#2332 = DIRECTION ( 'NONE',  ( -0.000000000000000000, -0.000000000000000000, -1.000000000000000000 ) ) ;
#2334 = EDGE_CURVE ( 'NONE', #546, #1247, #408, .T. ) ;
#2335 = DIRECTION ( 'NONE',  ( 1.000000000000000000, 0.000000000000000000, 0.000000000000000000 ) ) ;
#2336 = ORIENTED_EDGE ( 'NONE', *, *, #2091, .T. ) ;
#2337 = ADVANCED_FACE ( 'NONE', ( #115 ), #2452, .F. ) ;
#2338 = LINE ( 'NONE', #2964, #45 ) ;
#2340 = ORIENTED_EDGE ( 'NONE', *, *, #143, .F. ) ;
#2339 = CARTESIAN_POINT ( 'NONE',  ( 5.204170427930421283E-15, 1.734723475976807094E-15, 3.000000000000000000 ) ) ;
#2341 = DIRECTION ( 'NONE',  ( 0.7071067811865552333, -0.7071067811865398012, 0.000000000000000000 ) ) ;
#2342 = DIRECTION ( 'NONE',  ( -0.000000000000000000, -0.000000000000000000, -1.000000000000000000 ) ) ;
#2343 = AXIS2_PLACEMENT_3D ( 'NONE', #3431, #3769, #1109 ) ;
#2344 = CARTESIAN_POINT ( 'NONE',  ( -42.05508652763334254, -51.61879502661891905, 9.000000000000003553 ) ) ;
#2346 = ORIENTED_EDGE ( 'NONE', *, *, #2699, .F. ) ;
#2345 = DIRECTION ( 'NONE',  ( 1.000000000000000000, 0.000000000000000000, 0.000000000000000000 ) ) ;
#2347 = DIRECTION ( 'NONE',  ( -0.000000000000000000, 0.000000000000000000, 1.000000000000000000 ) ) ;
#2348 = EDGE_LOOP ( 'NONE', ( #1677, #2911, #1494, #3803 ) ) ;
#2349 = VERTEX_POINT ( 'NONE', #1843 ) ;
#2350 = EDGE_CURVE ( 'NONE', #1030, #324, #2154, .T. ) ;
#2352 = CARTESIAN_POINT ( 'NONE',  ( 23.66295090390276812, 0.000000000000000000, 3.000000000000000000 ) ) ;
#2351 = CYLINDRICAL_SURFACE ( 'NONE', #2494, 7.500000000000000000 ) ;
#2353 = AXIS2_PLACEMENT_3D ( 'NONE', #2647, #616, #1491 ) ;
#2354 = CARTESIAN_POINT ( 'NONE',  ( -65.03300858899093839, -65.03300858899235948, 11.50000000000000000 ) ) ;
#2355 = ORIENTED_EDGE ( 'NONE', *, *, #228, .T. ) ;
#2356 = PLANE ( 'NONE',  #2529 ) ;
#2358 = ORIENTED_EDGE ( 'NONE', *, *, #385, .F. ) ;
#2357 = CARTESIAN_POINT ( 'NONE',  ( 15.25000000000000355, -15.25000000000000000, 0.000000000000000000 ) ) ;
#2359 = EDGE_CURVE ( 'NONE', #3648, #1057, #2744, .T. ) ;
#2360 = DIRECTION ( 'NONE',  ( 0.000000000000000000, -0.000000000000000000, -1.000000000000000000 ) ) ;
#2361 = LINE ( 'NONE', #2085, #891 ) ;
#2363 = VERTEX_POINT ( 'NONE', #3089 ) ;
#2362 = LINE ( 'NONE', #2067, #710 ) ;
#2364 = CARTESIAN_POINT ( 'NONE',  ( 5.204170427930421283E-15, 1.734723475976807094E-15, 0.000000000000000000 ) ) ;
#2365 = ORIENTED_EDGE ( 'NONE', *, *, #2407, .F. ) ;
#2366 = ORIENTED_EDGE ( 'NONE', *, *, #3792, .T. ) ;
#2367 = AXIS2_PLACEMENT_3D ( 'NONE', #1126, #1102, #2923 ) ;
#2369 = CARTESIAN_POINT ( 'NONE',  ( 40.30508652763382571, -51.61879502661854247, 0.000000000000000000 ) ) ;
#2368 = LINE ( 'NONE', #3562, #320 ) ;
#2370 = EDGE_CURVE ( 'NONE', #3655, #1003, #3639, .T. ) ;
#2371 = EDGE_LOOP ( 'NONE', ( #1159, #1683 ) ) ;
#2372 = DIRECTION ( 'NONE',  ( -0.7071067811865475727, -0.7071067811865474617, -0.000000000000000000 ) ) ;
#2374 = ORIENTED_EDGE ( 'NONE', *, *, #1541, .F. ) ;
#2373 = DIRECTION ( 'NONE',  ( -0.000000000000000000, -0.000000000000000000, -1.000000000000000000 ) ) ;
#2375 = CIRCLE ( 'NONE', #1065, 1.750000000000001554 ) ;
#2376 = DIRECTION ( 'NONE',  ( 1.000000000000000000, 0.000000000000000000, 0.000000000000000000 ) ) ;
#2377 = CIRCLE ( 'NONE', #3118, 1.749999999999999778 ) ;
#2378 = CARTESIAN_POINT ( 'NONE',  ( 40.30508652763382571, 51.61879502661854247, 9.000000000000003553 ) ) ;
#2379 = CIRCLE ( 'NONE', #1884, 1.750000000000001554 ) ;
#2381 = ORIENTED_EDGE ( 'NONE', *, *, #2913, .T. ) ;
#2380 = DIRECTION ( 'NONE',  ( 0.000000000000000000, 0.000000000000000000, -1.000000000000000000 ) ) ;
#2382 = ADVANCED_FACE ( 'NONE', ( #3704 ), #1959, .F. ) ;
#2383 = CARTESIAN_POINT ( 'NONE',  ( 35.25178566874065922, -40.00178566873292851, -8.000000000000000000 ) ) ;
#2384 = VERTEX_POINT ( 'NONE', #464 ) ;
#2385 = VERTEX_POINT ( 'NONE', #2254 ) ;
#2386 = AXIS2_PLACEMENT_3D ( 'NONE', #3568, #554, #3529 ) ;
#2387 = CARTESIAN_POINT ( 'NONE',  ( -53.36879502661794561, -40.30508652763449362, 0.000000000000000000 ) ) ;
#2388 = ORIENTED_EDGE ( 'NONE', *, *, #2594, .T. ) ;
#2389 = AXIS2_PLACEMENT_3D ( 'NONE', #2800, #3764, #1912 ) ;
#2390 = EDGE_CURVE ( 'NONE', #1062, #1168, #3290, .T. ) ;
#2391 = CIRCLE ( 'NONE', #1588, 7.500000000000000000 ) ;
#2392 = CARTESIAN_POINT ( 'NONE',  ( -37.47665940288732855, -26.16295090390314471, 3.000000000000000000 ) ) ;
#2394 = ORIENTED_EDGE ( 'NONE', *, *, #786, .T. ) ;
#2393 = DIRECTION ( 'NONE',  ( 0.7071067811865401342, -0.7071067811865549002, 0.000000000000000000 ) ) ;
#2395 = VECTOR ( 'NONE', #3384, 1000.000000000000000 ) ;
#2396 = CARTESIAN_POINT ( 'NONE',  ( 42.05508652763382571, 51.61879502661854247, 3.000000000000000000 ) ) ;
#2397 = DIRECTION ( 'NONE',  ( -0.7071067811861698749, 0.7071067811869252706, -0.000000000000000000 ) ) ;
#2398 = CIRCLE ( 'NONE', #2902, 13.00000000000000178 ) ;
#2400 = VERTEX_POINT ( 'NONE', #441 ) ;
#2399 = CARTESIAN_POINT ( 'NONE',  ( 17.00000000000000355, 15.25000000000000000, 0.000000000000000000 ) ) ;
#2401 = EDGE_CURVE ( 'NONE', #784, #104, #729, .T. ) ;
#2402 = VECTOR ( 'NONE', #1846, 1000.000000000000000 ) ;
#2403 = EDGE_CURVE ( 'NONE', #3105, #3041, #1599, .T. ) ;
#2404 = DIRECTION ( 'NONE',  ( -1.000000000000000000, 0.000000000000000000, 0.000000000000000000 ) ) ;
#2405 = ORIENTED_EDGE ( 'NONE', *, *, #2390, .F. ) ;
#2406 = ORIENTED_EDGE ( 'NONE', *, *, #3572, .T. ) ;
#2407 = EDGE_CURVE ( 'NONE', #1736, #3160, #1648, .T. ) ;
#2408 = CARTESIAN_POINT ( 'NONE',  ( 40.00178566874065922, -40.00178566873292851, -8.000000000000000000 ) ) ;
#2409 = EDGE_LOOP ( 'NONE', ( #1920, #1877, #492, #1471 ) ) ;
#2410 = CARTESIAN_POINT ( 'NONE',  ( 24.41295090390276812, -37.47665940288759856, 0.000000000000000000 ) ) ;
#2412 = ORIENTED_EDGE ( 'NONE', *, *, #2147, .T. ) ;
#2411 = CARTESIAN_POINT ( 'NONE',  ( 7.778174593044088425, 7.778174593043925888, 0.000000000000000000 ) ) ;
#2413 = AXIS2_PLACEMENT_3D ( 'NONE', #3246, #3594, #2404 ) ;
#2414 = CARTESIAN_POINT ( 'NONE',  ( 49.86879502661849983, -40.30508652763388966, 3.000000000000000000 ) ) ;
#2415 = FACE_OUTER_BOUND ( 'NONE', #3740, .T. ) ;
#2417 = ORIENTED_EDGE ( 'NONE', *, *, #2015, .F. ) ;
#2416 = DIRECTION ( 'NONE',  ( -0.000000000000000000, 0.000000000000000000, 1.000000000000000000 ) ) ;
#2418 = EDGE_CURVE ( 'NONE', #2400, #424, #1358, .T. ) ;
#2419 = ADVANCED_FACE ( 'NONE', ( #3488 ), #773, .F. ) ;
#2420 = AXIS2_PLACEMENT_3D ( 'NONE', #3530, #881, #2981 ) ;
#2421 = CARTESIAN_POINT ( 'NONE',  ( -34.74873734152950533, 19.19238815542602694, 9.000000000000001776 ) ) ;
#2423 = ORIENTED_EDGE ( 'NONE', *, *, #3718, .F. ) ;
#2422 = DIRECTION ( 'NONE',  ( -0.000000000000000000, 0.000000000000000000, 1.000000000000000000 ) ) ;
#2424 = EDGE_LOOP ( 'NONE', ( #3813, #1390 ) ) ;
#2425 = CARTESIAN_POINT ( 'NONE',  ( -32.50178566874065922, 40.00178566873292851, -8.000000000000000000 ) ) ;
#2426 = VECTOR ( 'NONE', #1748, 1000.000000000000000 ) ;
#2427 = ORIENTED_EDGE ( 'NONE', *, *, #2523, .F. ) ;
#2428 = ADVANCED_FACE ( 'NONE', ( #816, #3408, #3469 ), #793, .F. ) ;
#2429 = LOCAL_TIME ( 18, 37, 2.000000000000000000, #3162 ) ;
#2430 = LINE ( 'NONE', #1005, #2267 ) ;
#2432 = ORIENTED_EDGE ( 'NONE', *, *, #2036, .T. ) ;
#2431 = DIRECTION ( 'NONE',  ( 0.000000000000000000, 0.000000000000000000, 1.000000000000000000 ) ) ;
#2433 = DIRECTION ( 'NONE',  ( -0.000000000000000000, 0.000000000000000000, 1.000000000000000000 ) ) ;
#2434 = DIRECTION ( 'NONE',  ( -1.000000000000000000, 0.000000000000000000, 0.000000000000000000 ) ) ;
#2436 = VERTEX_POINT ( 'NONE', #151 ) ;
#2435 = DIRECTION ( 'NONE',  ( -0.000000000000000000, -0.000000000000000000, -1.000000000000000000 ) ) ;
#2437 = VECTOR ( 'NONE', #1785, 1000.000000000000000 ) ;
#2438 = CARTESIAN_POINT ( 'NONE',  ( 44.75178566874065211, -40.00178566873292851, -8.000000000000000000 ) ) ;
#2439 = ADVANCED_FACE ( 'NONE', ( #511 ), #1913, .F. ) ;
#2441 = EDGE_LOOP ( 'NONE', ( #1079, #1795 ) ) ;
#2440 = CARTESIAN_POINT ( 'NONE',  ( -35.25178566874065922, 40.00178566873292851, -8.000000000000000000 ) ) ;
#2442 = AXIS2_PLACEMENT_3D ( 'NONE', #10, #885, #304 ) ;
#2443 = ORIENTED_EDGE ( 'NONE', *, *, #2003, .T. ) ;
#2444 = DIRECTION ( 'NONE',  ( -0.000000000000000000, 0.000000000000000000, 1.000000000000000000 ) ) ;
#2445 = EDGE_CURVE ( 'NONE', #1634, #242, #1085, .T. ) ;
#2446 = DIRECTION ( 'NONE',  ( 0.000000000000000000, 0.000000000000000000, 1.000000000000000000 ) ) ;
#2447 = EDGE_LOOP ( 'NONE', ( #1017, #1625, #958, #280 ) ) ;
#2448 = VECTOR ( 'NONE', #1348, 999.9999999999998863 ) ;
#2449 = EDGE_CURVE ( 'NONE', #1134, #1612, #2158, .T. ) ;
#2451 = ORIENTED_EDGE ( 'NONE', *, *, #3315, .F. ) ;
#2450 = CARTESIAN_POINT ( 'NONE',  ( -49.86879502661806640, -40.30508652763449362, 3.000000000000000000 ) ) ;
#2453 = ORIENTED_EDGE ( 'NONE', *, *, #639, .F. ) ;
#2452 = PLANE ( 'NONE',  #363 ) ;
#2454 = VECTOR ( 'NONE', #3353, 1000.000000000000000 ) ;
#2455 = ADVANCED_FACE ( 'NONE', ( #1042 ), #1694, .F. ) ;
#2456 = DIRECTION ( 'NONE',  ( -1.000000000000000000, 0.000000000000000000, 0.000000000000000000 ) ) ;
#2457 = CARTESIAN_POINT ( 'NONE',  ( 17.00000000000000355, 15.25000000000000000, 3.000000000000000000 ) ) ;
#2459 = EDGE_LOOP ( 'NONE', ( #3303, #975, #1075, #805 ) ) ;
#2458 = FACE_OUTER_BOUND ( 'NONE', #2290, .T. ) ;
#2460 = DIRECTION ( 'NONE',  ( -0.000000000000000000, -0.000000000000000000, -1.000000000000000000 ) ) ;
#2462 = VERTEX_POINT ( 'NONE', #1936 ) ;
#2461 = DIRECTION ( 'NONE',  ( -0.000000000000000000, -0.000000000000000000, -1.000000000000000000 ) ) ;
#2463 = ORIENTED_EDGE ( 'NONE', *, *, #776, .T. ) ;
#2464 = VECTOR ( 'NONE', #1303, 1000.000000000000000 ) ;
#2465 = CIRCLE ( 'NONE', #2742, 1.750000000000008438 ) ;
#2466 = DIRECTION ( 'NONE',  ( -1.000000000000000000, 0.000000000000000000, 0.000000000000000000 ) ) ;
#2467 = DIRECTION ( 'NONE',  ( 1.000000000000000000, 0.000000000000000000, 0.000000000000000000 ) ) ;
#2468 = ORIENTED_EDGE ( 'NONE', *, *, #2687, .F. ) ;
#2469 = DIRECTION ( 'NONE',  ( -0.000000000000000000, -0.000000000000000000, -1.000000000000000000 ) ) ;
#2471 = ORIENTED_EDGE ( 'NONE', *, *, #617, .F. ) ;
#2470 = LINE ( 'NONE', #970, #1114 ) ;
#2472 = EDGE_CURVE ( 'NONE', #1701, #1638, #3125, .T. ) ;
#2473 = CIRCLE ( 'NONE', #979, 1.749999999999999778 ) ;
#2474 = CARTESIAN_POINT ( 'NONE',  ( -37.47665940288732855, -26.16295090390314471, 9.000000000000003553 ) ) ;
#2475 = CARTESIAN_POINT ( 'NONE',  ( -7.778174593051834229, 7.778174593051682351, 3.000000000000000000 ) ) ;
#2477 = EDGE_LOOP ( 'NONE', ( #89, #2406, #1783, #1623 ) ) ;
#2476 = FACE_BOUND ( 'NONE', #322, .T. ) ;
#2478 = EDGE_CURVE ( 'NONE', #2946, #3350, #467, .T. ) ;
#2479 = AXIS2_PLACEMENT_3D ( 'NONE', #1046, #178, #1675 ) ;
#2480 = CARTESIAN_POINT ( 'NONE',  ( -51.61879502661800956, -40.30508652763449362, 3.000000000000000000 ) ) ;
#2482 = VERTEX_POINT ( 'NONE', #433 ) ;
#2481 = CARTESIAN_POINT ( 'NONE',  ( -23.66295090390275391, -10.00000000000000000, 0.000000000000000000 ) ) ;
#2483 = AXIS2_PLACEMENT_3D ( 'NONE', #536, #819, #555 ) ;
#2484 = CARTESIAN_POINT ( 'NONE',  ( -44.75178566874065211, 40.00178566873292851, 0.000000000000000000 ) ) ;
#2485 = CARTESIAN_POINT ( 'NONE',  ( -12.99999999999999645, 1.734723475976807094E-15, 3.000000000000000000 ) ) ;
#2486 = ORIENTED_EDGE ( 'NONE', *, *, #2630, .F. ) ;
#2487 = LINE ( 'NONE', #1004, #947 ) ;
#2488 = CIRCLE ( 'NONE', #1436, 6.000000000000003553 ) ;
#2489 = AXIS2_PLACEMENT_3D ( 'NONE', #2084, #611, #846 ) ;
#2490 = EDGE_CURVE ( 'NONE', #1695, #1718, #2205, .T. ) ;
#2491 = DIRECTION ( 'NONE',  ( 0.7071067811865474617, 0.7071067811865476838, 0.000000000000000000 ) ) ;
#2493 = ORIENTED_EDGE ( 'NONE', *, *, #1606, .T. ) ;
#2492 = CARTESIAN_POINT ( 'NONE',  ( -34.74873734152950533, -19.19238815542602694, 9.000000000000001776 ) ) ;
#2494 = AXIS2_PLACEMENT_3D ( 'NONE', #3540, #873, #480 ) ;
#2495 = CARTESIAN_POINT ( 'NONE',  ( 37.47665940288764830, 26.16295090390296352, 9.000000000000003553 ) ) ;
#2497 = ORIENTED_EDGE ( 'NONE', *, *, #595, .F. ) ;
#2496 = DIRECTION ( 'NONE',  ( 1.000000000000000000, 0.000000000000000000, 0.000000000000000000 ) ) ;
#2498 = DIRECTION ( 'NONE',  ( 0.000000000000000000, -0.000000000000000000, -1.000000000000000000 ) ) ;
#2499 = EDGE_CURVE ( 'NONE', #610, #1172, #909, .T. ) ;
#2501 = EDGE_LOOP ( 'NONE', ( #395, #1183, #2032, #174, #1964, #788 ) ) ;
#2500 = DIRECTION ( 'NONE',  ( 0.000000000000000000, -0.000000000000000000, -1.000000000000000000 ) ) ;
#2502 = VECTOR ( 'NONE', #1038, 1000.000000000000000 ) ;
#2503 = DIRECTION ( 'NONE',  ( -0.000000000000000000, -0.000000000000000000, -1.000000000000000000 ) ) ;
#2504 = LINE ( 'NONE', #713, #3367 ) ;
#2505 = VECTOR ( 'NONE', #1215, 1000.000000000000000 ) ;
#2506 = AXIS2_PLACEMENT_3D ( 'NONE', #1290, #1252, #2496 ) ;
#2507 = ORIENTED_EDGE ( 'NONE', *, *, #2100, .T. ) ;
#2508 = LINE ( 'NONE', #3404, #18 ) ;
#2509 = APPROVAL ( #1434, 'UNSPECIFIED' ) ;
#2510 = DIRECTION ( 'NONE',  ( 0.000000000000000000, 0.000000000000000000, 1.000000000000000000 ) ) ;
#2512 = EDGE_LOOP ( 'NONE', ( #1914, #3310 ) ) ;
#2511 = DIRECTION ( 'NONE',  ( -0.000000000000000000, -0.000000000000000000, -1.000000000000000000 ) ) ;
#2513 = EDGE_CURVE ( 'NONE', #491, #756, #2082, .T. ) ;
#2514 = VECTOR ( 'NONE', #1763, 1000.000000000000000 ) ;
#2515 = VECTOR ( 'NONE', #2491, 1000.000000000000000 ) ;
#2516 = CARTESIAN_POINT ( 'NONE',  ( 42.05508652763382571, 51.61879502661854247, 9.000000000000003553 ) ) ;
#2518 = ORIENTED_EDGE ( 'NONE', *, *, #3768, .T. ) ;
#2517 = DIRECTION ( 'NONE',  ( 0.000000000000000000, 0.000000000000000000, 1.000000000000000000 ) ) ;
#2519 = EDGE_CURVE ( 'NONE', #2537, #3434, #405, .T. ) ;
#2520 = CARTESIAN_POINT ( 'NONE',  ( 0.000000000000000000, 0.000000000000000000, 0.000000000000000000 ) ) ;
#2522 = VERTEX_POINT ( 'NONE', #2812 ) ;
#2521 = LINE ( 'NONE', #2221, #282 ) ;
#2523 = EDGE_CURVE ( 'NONE', #3570, #763, #1892, .T. ) ;
#2524 = VECTOR ( 'NONE', #2777, 1000.000000000000000 ) ;
#2525 = CARTESIAN_POINT ( 'NONE',  ( 23.66295090390276812, 0.000000000000000000, 0.000000000000000000 ) ) ;
#2526 = APPROVAL_STATUS ( 'not_yet_approved' ) ;
#2527 = EDGE_LOOP ( 'NONE', ( #2729, #330, #2898, #3393 ) ) ;
#2528 = EDGE_CURVE ( 'NONE', #2161, #3154, #2165, .T. ) ;
#2529 = AXIS2_PLACEMENT_3D ( 'NONE', #1191, #2094, #2079 ) ;
#2530 = DIRECTION ( 'NONE',  ( 1.000000000000000000, 0.000000000000000000, 0.000000000000000000 ) ) ;
#2531 = CARTESIAN_POINT ( 'NONE',  ( -12.12132034357656885, 41.81980515339552795, 3.000000000000000000 ) ) ;
#2533 = VERTEX_POINT ( 'NONE', #1908 ) ;
#2532 = DIRECTION ( 'NONE',  ( -0.000000000000000000, 0.000000000000000000, 1.000000000000000000 ) ) ;
#2534 = DIRECTION ( 'NONE',  ( 0.7071067811865477948, -0.7071067811865473507, 0.000000000000000000 ) ) ;
#2536 = ORIENTED_EDGE ( 'NONE', *, *, #3641, .T. ) ;
#2535 = DIRECTION ( 'NONE',  ( -0.7071067811865477948, 0.7071067811865473507, -0.000000000000000000 ) ) ;
#2537 = VERTEX_POINT ( 'NONE', #142 ) ;
#2538 = CARTESIAN_POINT ( 'NONE',  ( -26.16295090390257272, -37.47665940288790409, 0.000000000000000000 ) ) ;
#2539 = DIRECTION ( 'NONE',  ( -1.000000000000000000, 0.000000000000000000, 0.000000000000000000 ) ) ;
#2540 = EDGE_CURVE ( 'NONE', #324, #1030, #2391, .T. ) ;
#2542 = ORIENTED_EDGE ( 'NONE', *, *, #1014, .T. ) ;
#2541 = PLANE ( 'NONE',  #3322 ) ;
#2543 = AXIS2_PLACEMENT_3D ( 'NONE', #3148, #2552, #3725 ) ;
#2544 = CARTESIAN_POINT ( 'NONE',  ( 5.646762578720663782E-13, -31.81980515339531124, 3.000000000000000000 ) ) ;
#2545 = CARTESIAN_POINT ( 'NONE',  ( 28.66295090390276812, -10.00000000000000355, 3.000000000000000000 ) ) ;
#2546 = ORIENTED_EDGE ( 'NONE', *, *, #3036, .F. ) ;
#2548 = DIRECTION ( 'NONE',  ( -0.000000000000000000, 0.000000000000000000, 1.000000000000000000 ) ) ;
#2547 = DIRECTION ( 'NONE',  ( -1.000000000000000000, 0.000000000000000000, 0.000000000000000000 ) ) ;
#2549 = EDGE_CURVE ( 'NONE', #1344, #1517, #3698, .T. ) ;
#2551 = VERTEX_POINT ( 'NONE', #2484 ) ;
#2550 = DIRECTION ( 'NONE',  ( -1.000000000000000000, 0.000000000000000000, 0.000000000000000000 ) ) ;
#2553 = ORIENTED_EDGE ( 'NONE', *, *, #3741, .F. ) ;
#2552 = DIRECTION ( 'NONE',  ( -0.000000000000000000, -0.000000000000000000, -1.000000000000000000 ) ) ;
#2554 = DIRECTION ( 'NONE',  ( -0.000000000000000000, 0.000000000000000000, 1.000000000000000000 ) ) ;
#2556 = VERTEX_POINT ( 'NONE', #1311 ) ;
#2555 = DIRECTION ( 'NONE',  ( 1.000000000000000000, 0.000000000000000000, 0.000000000000000000 ) ) ;
#2558 = VERTEX_POINT ( 'NONE', #108 ) ;
#2557 = AXIS2_PLACEMENT_3D ( 'NONE', #549, #3465, #2631 ) ;
#2559 = CARTESIAN_POINT ( 'NONE',  ( -34.74873734152950533, -19.19238815542602694, 9.000000000000001776 ) ) ;
#2560 = CYLINDRICAL_SURFACE ( 'NONE', #1697, 7.500000000000000000 ) ;
#2562 = ORIENTED_EDGE ( 'NONE', *, *, #2513, .F. ) ;
#2561 = DIRECTION ( 'NONE',  ( 0.000000000000000000, -0.000000000000000000, -1.000000000000000000 ) ) ;
#2563 = EDGE_CURVE ( 'NONE', #510, #887, #3631, .T. ) ;
#2564 = DIRECTION ( 'NONE',  ( 1.000000000000000000, 0.000000000000000000, 0.000000000000000000 ) ) ;
#2565 = ORIENTED_EDGE ( 'NONE', *, *, #1345, .T. ) ;
#2566 = EDGE_CURVE ( 'NONE', #1217, #409, #2794, .T. ) ;
#2568 = FACE_OUTER_BOUND ( 'NONE', #2527, .T. ) ;
#2567 = FACE_OUTER_BOUND ( 'NONE', #3665, .T. ) ;
#2569 = CIRCLE ( 'NONE', #893, 1.750000000000001554 ) ;
#2571 = ORIENTED_EDGE ( 'NONE', *, *, #3804, .F. ) ;
#2570 = CARTESIAN_POINT ( 'NONE',  ( -31.81980515339495597, -12.12132034356049282, 3.000000000000000000 ) ) ;
#2573 = VERTEX_POINT ( 'NONE', #2736 ) ;
#2572 = DIRECTION ( 'NONE',  ( -1.000000000000000000, 0.000000000000000000, 0.000000000000000000 ) ) ;
#2574 = EDGE_CURVE ( 'NONE', #1517, #3756, #2655, .T. ) ;
#2575 = DIRECTION ( 'NONE',  ( -0.7071067811865474617, -0.7071067811865476838, 0.000000000000000000 ) ) ;
#2577 = ORIENTED_EDGE ( 'NONE', *, *, #1122, .T. ) ;
#2576 = LINE ( 'NONE', #3173, #1241 ) ;
#2578 = PLANE ( 'NONE',  #1136 ) ;
#2579 = EDGE_CURVE ( 'NONE', #312, #2610, #3079, .T. ) ;
#2580 = AXIS2_PLACEMENT_3D ( 'NONE', #1759, #1216, #651 ) ;
#2581 = FACE_OUTER_BOUND ( 'NONE', #3021, .T. ) ;
#2582 = LINE ( 'NONE', #268, #1201 ) ;
#2584 = ORIENTED_EDGE ( 'NONE', *, *, #241, .F. ) ;
#2583 = CARTESIAN_POINT ( 'NONE',  ( -26.16295090390257272, 37.47665940288790409, 9.000000000000003553 ) ) ;
#2585 = VECTOR ( 'NONE', #3702, 1000.000000000000000 ) ;
#2586 = CARTESIAN_POINT ( 'NONE',  ( -51.61879502661800956, 40.30508652763449362, 0.000000000000000000 ) ) ;
#2587 = PERSON_AND_ORGANIZATION ( #558, #1251 ) ;
#2588 = ORIENTED_EDGE ( 'NONE', *, *, #1265, .T. ) ;
#2590 = DIRECTION ( 'NONE',  ( -0.000000000000000000, 0.000000000000000000, 1.000000000000000000 ) ) ;
#2589 = DIRECTION ( 'NONE',  ( -0.7071067811861698749, -0.7071067811869252706, 0.000000000000000000 ) ) ;
#2592 = ORIENTED_EDGE ( 'NONE', *, *, #2288, .T. ) ;
#2591 = CARTESIAN_POINT ( 'NONE',  ( -45.25483399594766354, -60.81118318203566986, 0.000000000000000000 ) ) ;
#2593 = EDGE_CURVE ( 'NONE', #1435, #2247, #92, .T. ) ;
#2594 = EDGE_CURVE ( 'NONE', #1435, #1512, #1894, .T. ) ;
#2596 = ORIENTED_EDGE ( 'NONE', *, *, #2235, .F. ) ;
#2595 = DIRECTION ( 'NONE',  ( 1.000000000000000000, 0.000000000000000000, 0.000000000000000000 ) ) ;
#2597 = CIRCLE ( 'NONE', #161, 4.749999999999997335 ) ;
#2598 = DIRECTION ( 'NONE',  ( -0.000000000000000000, -0.000000000000000000, -1.000000000000000000 ) ) ;
#2600 = VERTEX_POINT ( 'NONE', #3650 ) ;
#2599 = CARTESIAN_POINT ( 'NONE',  ( -40.00178566874065922, 40.00178566873292851, -8.000000000000000000 ) ) ;
#2601 = PLANE ( 'NONE',  #1325 ) ;
#2602 = DIRECTION ( 'NONE',  ( 1.000000000000000000, 0.000000000000000000, 0.000000000000000000 ) ) ;
#2603 = PLANE ( 'NONE',  #329 ) ;
#2605 = EDGE_LOOP ( 'NONE', ( #3325, #3439, #207, #2725 ) ) ;
#2604 = CARTESIAN_POINT ( 'NONE',  ( 26.16295090390276101, 37.47665940288759856, 9.000000000000003553 ) ) ;
#2606 = EDGE_CURVE ( 'NONE', #522, #3133, #2270, .T. ) ;
#2607 = DIRECTION ( 'NONE',  ( -0.000000000000000000, -0.000000000000000000, -1.000000000000000000 ) ) ;
#2608 = DATE_AND_TIME ( #830, #2429 ) ;
#2609 = VECTOR ( 'NONE', #1337, 1000.000000000000000 ) ;
#2610 = VERTEX_POINT ( 'NONE', #696 ) ;
#2612 = CARTESIAN_POINT ( 'NONE',  ( 0.000000000000000000, 0.000000000000000000, 0.000000000000000000 ) ) ;
#2611 = LINE ( 'NONE', #1730, #1919 ) ;
#2613 = DIRECTION ( 'NONE',  ( 1.000000000000000000, 0.000000000000000000, 0.000000000000000000 ) ) ;
#2614 = EDGE_LOOP ( 'NONE', ( #872, #1425 ) ) ;
#2615 = CIRCLE ( 'NONE', #500, 1.750000000000001554 ) ;
#2616 = EDGE_CURVE ( 'NONE', #2734, #44, #1294, .T. ) ;
#2617 = DIRECTION ( 'NONE',  ( 1.000000000000000000, 0.000000000000000000, 0.000000000000000000 ) ) ;
#2619 = ORIENTED_EDGE ( 'NONE', *, *, #3207, .T. ) ;
#2618 = CYLINDRICAL_SURFACE ( 'NONE', #3360, 1.750000000000001554 ) ;
#2620 = VERTEX_POINT ( 'NONE', #2184 ) ;
#2621 = CARTESIAN_POINT ( 'NONE',  ( 12.12132034356010202, 41.81980515339508742, 3.000000000000000000 ) ) ;
#2622 = LINE ( 'NONE', #1636, #445 ) ;
#2623 = AXIS2_PLACEMENT_3D ( 'NONE', #812, #1457, #1415 ) ;
#2625 = ORIENTED_EDGE ( 'NONE', *, *, #1805, .T. ) ;
#2624 = DIRECTION ( 'NONE',  ( -1.000000000000000000, 0.000000000000000000, 0.000000000000000000 ) ) ;
#2626 = LOCAL_TIME ( 18, 37, 2.000000000000000000, #1953 ) ;
#2627 = EDGE_CURVE ( 'NONE', #104, #784, #2398, .T. ) ;
#2628 = CARTESIAN_POINT ( 'NONE',  ( -40.00178566874065922, 40.00178566873292851, -8.000000000000000000 ) ) ;
#2629 = ORIENTED_EDGE ( 'NONE', *, *, #2215, .T. ) ;
#2630 = EDGE_CURVE ( 'NONE', #2139, #3083, #2899, .T. ) ;
#2632 = DIRECTION ( 'NONE',  ( 0.7071067811869252706, 0.7071067811861698749, -0.000000000000000000 ) ) ;
#2631 = DIRECTION ( 'NONE',  ( 1.000000000000000000, 0.000000000000000000, 0.000000000000000000 ) ) ;
#2633 = CARTESIAN_POINT ( 'NONE',  ( -34.74873734152950533, 19.19238815542602694, 9.000000000000001776 ) ) ;
#2634 = ORIENTED_EDGE ( 'NONE', *, *, #2248, .F. ) ;
#2635 = AXIS2_PLACEMENT_3D ( 'NONE', #1170, #1398, #813 ) ;
#2636 = DIRECTION ( 'NONE',  ( -0.000000000000000000, -0.000000000000000000, -1.000000000000000000 ) ) ;
#2638 = ORIENTED_EDGE ( 'NONE', *, *, #1054, .F. ) ;
#2637 = CARTESIAN_POINT ( 'NONE',  ( 40.00178566874065922, 40.00178566873292851, -8.000000000000000000 ) ) ;
#2639 = ORIENTED_EDGE ( 'NONE', *, *, #1185, .T. ) ;
#2640 = DIRECTION ( 'NONE',  ( 0.7071067811865398012, 0.7071067811865552333, -0.000000000000000000 ) ) ;
#2641 = VECTOR ( 'NONE', #88, 999.9999999999998863 ) ;
#2642 = DIRECTION ( 'NONE',  ( -0.000000000000000000, 0.000000000000000000, 1.000000000000000000 ) ) ;
#2644 = VERTEX_POINT ( 'NONE', #478 ) ;
#2643 = LINE ( 'NONE', #2244, #1320 ) ;
#2645 = ADVANCED_FACE ( 'NONE', ( #501 ), #455, .F. ) ;
#2646 = AXIS2_PLACEMENT_3D ( 'NONE', #3681, #2202, #414 ) ;
#2647 = CARTESIAN_POINT ( 'NONE',  ( 26.97056274848161195, 26.97056274848220880, 11.50000000000000000 ) ) ;
#2648 = CIRCLE ( 'NONE', #1950, 1.749999999999994671 ) ;
#2649 = ORIENTED_EDGE ( 'NONE', *, *, #855, .T. ) ;
#2651 = DIRECTION ( 'NONE',  ( 1.000000000000000000, 0.000000000000000000, -0.000000000000000000 ) ) ;
#2650 = CARTESIAN_POINT ( 'NONE',  ( 13.00000000000000711, 3.326764314868366781E-15, 3.000000000000000000 ) ) ;
#2652 = DIRECTION ( 'NONE',  ( -0.000000000000000000, 0.000000000000000000, 1.000000000000000000 ) ) ;
#2653 = ORIENTED_EDGE ( 'NONE', *, *, #1396, .F. ) ;
#2654 = EDGE_CURVE ( 'NONE', #1970, #1567, #2246, .T. ) ;
#2655 = CIRCLE ( 'NONE', #1334, 1.750000000000001554 ) ;
#2656 = CARTESIAN_POINT ( 'NONE',  ( 23.66295090390276812, 9.999999999999996447, 3.000000000000000000 ) ) ;
#2658 = ORIENTED_EDGE ( 'NONE', *, *, #3374, .F. ) ;
#2657 = CARTESIAN_POINT ( 'NONE',  ( 31.81980515339462201, 12.12132034357700938, 3.000000000000000000 ) ) ;
#2659 = DIRECTION ( 'NONE',  ( -0.000000000000000000, -0.000000000000000000, -1.000000000000000000 ) ) ;
#2660 = DIRECTION ( 'NONE',  ( 1.000000000000000000, 0.000000000000000000, 0.000000000000000000 ) ) ;
#2662 = ORIENTED_EDGE ( 'NONE', *, *, #3471, .F. ) ;
#2661 = CARTESIAN_POINT ( 'NONE',  ( 0.000000000000000000, 0.000000000000000000, 9.000000000000001776 ) ) ;
#2663 = LINE ( 'NONE', #1781, #531 ) ;
#2664 = ADVANCED_FACE ( 'NONE', ( #1055 ), #1099, .T. ) ;
#2665 = VERTEX_POINT ( 'NONE', #3182 ) ;
#2666 = ORIENTED_EDGE ( 'NONE', *, *, #2627, .T. ) ;
#2667 = EDGE_CURVE ( 'NONE', #463, #2363, #2916, .T. ) ;
#2669 = DIRECTION ( 'NONE',  ( 4.550094363217855288E-16, 1.000000000000000000, 0.000000000000000000 ) ) ;
#2668 = DIRECTION ( 'NONE',  ( 1.000000000000000000, 1.774606271628325875E-14, 0.000000000000000000 ) ) ;
#2670 = ORIENTED_EDGE ( 'NONE', *, *, #2173, .F. ) ;
#2671 = AXIS2_PLACEMENT_3D ( 'NONE', #1629, #2532, #3169 ) ;
#2672 = ADVANCED_FACE ( 'NONE', ( #1973 ), #234, .F. ) ;
#2673 = DIRECTION ( 'NONE',  ( -0.000000000000000000, 0.000000000000000000, 1.000000000000000000 ) ) ;
#2675 = ORIENTED_EDGE ( 'NONE', *, *, #1428, .T. ) ;
#2674 = CYLINDRICAL_SURFACE ( 'NONE', #2045, 1.750000000000008438 ) ;
#2676 = VECTOR ( 'NONE', #1285, 1000.000000000000000 ) ;
#2677 = AXIS2_PLACEMENT_3D ( 'NONE', #1326, #2498, #959 ) ;
#2678 = CARTESIAN_POINT ( 'NONE',  ( -42.05508652763334254, 51.61879502661891905, 9.000000000000003553 ) ) ;
#2679 = CYLINDRICAL_SURFACE ( 'NONE', #2442, 1.750000000000001554 ) ;
#2681 = ORIENTED_EDGE ( 'NONE', *, *, #3544, .T. ) ;
#2680 = CARTESIAN_POINT ( 'NONE',  ( -12.12132034357652977, 31.81980515339552440, 3.000000000000000000 ) ) ;
#2683 = DIRECTION ( 'NONE',  ( -0.000000000000000000, -0.000000000000000000, -1.000000000000000000 ) ) ;
#2682 = VECTOR ( 'NONE', #2659, 1000.000000000000000 ) ;
#2684 = EDGE_LOOP ( 'NONE', ( #2330, #2989 ) ) ;
#2685 = VERTEX_POINT ( 'NONE', #3441 ) ;
#2686 = VECTOR ( 'NONE', #2107, 1000.000000000000000 ) ;
#2687 = EDGE_CURVE ( 'NONE', #1466, #2096, #764, .T. ) ;
#2688 = LINE ( 'NONE', #2425, #265 ) ;
#2689 = ORIENTED_EDGE ( 'NONE', *, *, #3840, .T. ) ;
#2690 = EDGE_CURVE ( 'NONE', #689, #1273, #3405, .T. ) ;
#2691 = DIRECTION ( 'NONE',  ( 0.000000000000000000, 1.000000000000000000, -0.000000000000000000 ) ) ;
#2693 = VERTEX_POINT ( 'NONE', #1662 ) ;
#2692 = CYLINDRICAL_SURFACE ( 'NONE', #620, 13.00000000000000178 ) ;
#2694 = CARTESIAN_POINT ( 'NONE',  ( -49.17619643385570782, -56.88982074412761136, 9.000000000000001776 ) ) ;
#2695 = DIRECTION ( 'NONE',  ( 0.000000000000000000, 0.000000000000000000, 1.000000000000000000 ) ) ;
#2696 = AXIS2_PLACEMENT_3D ( 'NONE', #3059, #1917, #3108 ) ;
#2698 = ORIENTED_EDGE ( 'NONE', *, *, #548, .T. ) ;
#2697 = DIRECTION ( 'NONE',  ( -0.7071067811865477948, 0.7071067811865473507, -0.000000000000000000 ) ) ;
#2699 = EDGE_CURVE ( 'NONE', #1638, #1043, #2473, .T. ) ;
#2700 = DIRECTION ( 'NONE',  ( -1.000000000000000000, 0.000000000000000000, 0.000000000000000000 ) ) ;
#2701 = ORIENTED_EDGE ( 'NONE', *, *, #2969, .F. ) ;
#2702 = EDGE_LOOP ( 'NONE', ( #1297, #3293, #982, #1861 ) ) ;
#2703 = CIRCLE ( 'NONE', #653, 1.749999999999999778 ) ;
#2704 = VECTOR ( 'NONE', #3755, 1000.000000000000000 ) ;
#2705 = CARTESIAN_POINT ( 'NONE',  ( 44.75178566874065211, 40.00178566873292851, 0.000000000000000000 ) ) ;
#2706 = ORIENTED_EDGE ( 'NONE', *, *, #139, .T. ) ;
#2707 = DIRECTION ( 'NONE',  ( -0.000000000000000000, -0.000000000000000000, -1.000000000000000000 ) ) ;
#2709 = ORIENTED_EDGE ( 'NONE', *, *, #2323, .F. ) ;
#2708 = LINE ( 'NONE', #2411, #2980 ) ;
#2710 = CARTESIAN_POINT ( 'NONE',  ( 28.66295090390276812, 0.000000000000000000, 3.000000000000000000 ) ) ;
#2711 = CARTESIAN_POINT ( 'NONE',  ( 51.61879502661850694, 40.30508652763388966, 9.000000000000003553 ) ) ;
#2712 = CIRCLE ( 'NONE', #2343, 1.749999999999939160 ) ;
#2714 = ORIENTED_EDGE ( 'NONE', *, *, #1641, .F. ) ;
#2713 = CARTESIAN_POINT ( 'NONE',  ( -38.55508652763334254, -51.61879502661891905, 3.000000000000000000 ) ) ;
#2715 = CIRCLE ( 'NONE', #2029, 4.749999999999997335 ) ;
#2716 = CARTESIAN_POINT ( 'NONE',  ( 0.000000000000000000, 10.00000000000000000, 0.000000000000000000 ) ) ;
#2717 = ADVANCED_FACE ( 'NONE', ( #2876 ), #2287, .F. ) ;
#2719 = ORIENTED_EDGE ( 'NONE', *, *, #1972, .F. ) ;
#2718 = CARTESIAN_POINT ( 'NONE',  ( 40.30508652763382571, -51.61879502661854247, 9.000000000000003553 ) ) ;
#2720 = ORIENTED_EDGE ( 'NONE', *, *, #1897, .T. ) ;
#2721 = DIRECTION ( 'NONE',  ( 0.7071067811865398012, 0.7071067811865552333, 0.000000000000000000 ) ) ;
#2722 = EDGE_LOOP ( 'NONE', ( #78, #3645, #1803, #1900 ) ) ;
#2723 = CARTESIAN_POINT ( 'NONE',  ( -16.99999999999999645, 15.25000000000000000, 0.000000000000000000 ) ) ;
#2725 = ORIENTED_EDGE ( 'NONE', *, *, #3793, .F. ) ;
#2724 = CARTESIAN_POINT ( 'NONE',  ( 34.74873734152950533, -19.19238815542602694, 9.000000000000001776 ) ) ;
#2726 = CARTESIAN_POINT ( 'NONE',  ( -34.74873734152950533, -19.19238815542603049, 3.000000000000000000 ) ) ;
#2727 = DIRECTION ( 'NONE',  ( -1.000000000000000000, 0.000000000000000000, 0.000000000000000000 ) ) ;
#2729 = ORIENTED_EDGE ( 'NONE', *, *, #3027, .T. ) ;
#2728 = DIRECTION ( 'NONE',  ( 0.000000000000000000, 0.000000000000000000, 1.000000000000000000 ) ) ;
#2730 = CIRCLE ( 'NONE', #2420, 1.750000000000001554 ) ;
#2731 = CARTESIAN_POINT ( 'NONE',  ( 23.66295090390276812, 0.000000000000000000, 3.000000000000000000 ) ) ;
#2733 = ORIENTED_EDGE ( 'NONE', *, *, #2566, .T. ) ;
#2732 = DIRECTION ( 'NONE',  ( -1.000000000000000000, 0.000000000000000000, 0.000000000000000000 ) ) ;
#2734 = VERTEX_POINT ( 'NONE', #3520 ) ;
#2735 = EDGE_CURVE ( 'NONE', #878, #1779, #1480, .T. ) ;
#2736 = CARTESIAN_POINT ( 'NONE',  ( -13.49999999999999645, -15.25000000000000000, 0.000000000000000000 ) ) ;
#2737 = CARTESIAN_POINT ( 'NONE',  ( -56.88982074412705714, 49.17619643385626205, 9.000000000000001776 ) ) ;
#2738 = AXIS2_PLACEMENT_3D ( 'NONE', #9, #3222, #905 ) ;
#2739 = ORIENTED_EDGE ( 'NONE', *, *, #8, .F. ) ;
#2740 = ADVANCED_FACE ( 'NONE', ( #1684 ), #3779, .F. ) ;
#2741 = VECTOR ( 'NONE', #2778, 1000.000000000000000 ) ;
#2742 = AXIS2_PLACEMENT_3D ( 'NONE', #630, #2360, #1486 ) ;
#2743 = CYLINDRICAL_SURFACE ( 'NONE', #287, 1.750000000000001554 ) ;
#2745 = ORIENTED_EDGE ( 'NONE', *, *, #2969, .T. ) ;
#2744 = LINE ( 'NONE', #1267, #1971 ) ;
#2746 = CC_DESIGN_PERSON_AND_ORGANIZATION_ASSIGNMENT ( #3442, #3142, ( #3428 ) ) ;
#2747 = LINE ( 'NONE', #100, #3050 ) ;
#2748 = CARTESIAN_POINT ( 'NONE',  ( 28.66295090390276812, 9.999999999999996447, 0.000000000000000000 ) ) ;
#2750 = ORIENTED_EDGE ( 'NONE', *, *, #1665, .T. ) ;
#2749 = FACE_OUTER_BOUND ( 'NONE', #3035, .T. ) ;
#2751 = CYLINDRICAL_SURFACE ( 'NONE', #801, 1.749999999999999778 ) ;
#2752 = EDGE_CURVE ( 'NONE', #1291, #1220, #1143, .T. ) ;
#2754 = ORIENTED_EDGE ( 'NONE', *, *, #924, .F. ) ;
#2753 = CARTESIAN_POINT ( 'NONE',  ( -24.41295090390256917, 37.47665940288790409, 9.000000000000003553 ) ) ;
#2755 = EDGE_LOOP ( 'NONE', ( #1557, #1460, #1007, #2346 ) ) ;
#2756 = DIRECTION ( 'NONE',  ( -1.000000000000000000, 0.000000000000000000, 0.000000000000000000 ) ) ;
#2757 = LINE ( 'NONE', #109, #2741 ) ;
#2758 = AXIS2_PLACEMENT_3D ( 'NONE', #1905, #1622, #2160 ) ;
#2759 = ORIENTED_EDGE ( 'NONE', *, *, #1235, .F. ) ;
#2760 = AXIS2_PLACEMENT_3D ( 'NONE', #2176, #3340, #1029 ) ;
#2761 = EDGE_CURVE ( 'NONE', #1352, #1445, #1123, .T. ) ;
#2762 = CARTESIAN_POINT ( 'NONE',  ( -39.22665940288732855, -26.16295090390314471, 3.000000000000000000 ) ) ;
#2764 = VERTEX_POINT ( 'NONE', #829 ) ;
#2763 = DIRECTION ( 'NONE',  ( 1.000000000000000000, 6.938893903907232322E-16, 0.000000000000000000 ) ) ;
#2765 = VECTOR ( 'NONE', #2707, 1000.000000000000000 ) ;
#2766 = FACE_OUTER_BOUND ( 'NONE', #2477, .T. ) ;
#2767 = LINE ( 'NONE', #3075, #297 ) ;
#2769 = VERTEX_POINT ( 'NONE', #544 ) ;
#2768 = CYLINDRICAL_SURFACE ( 'NONE', #828, 10.00000000000000355 ) ;
#2770 = VECTOR ( 'NONE', #3348, 1000.000000000000000 ) ;
#2771 = VECTOR ( 'NONE', #3668, 1000.000000000000000 ) ;
#2772 = DIRECTION ( 'NONE',  ( -0.000000000000000000, -0.000000000000000000, -1.000000000000000000 ) ) ;
#2774 = ORIENTED_EDGE ( 'NONE', *, *, #3768, .F. ) ;
#2773 = FACE_OUTER_BOUND ( 'NONE', #634, .T. ) ;
#2775 = AXIS2_PLACEMENT_3D ( 'NONE', #2495, #1901, #2805 ) ;
#2776 = EDGE_CURVE ( 'NONE', #542, #3750, #1485, .T. ) ;
#2777 = DIRECTION ( 'NONE',  ( -0.000000000000000000, -0.000000000000000000, -1.000000000000000000 ) ) ;
#2778 = DIRECTION ( 'NONE',  ( 0.000000000000000000, 0.000000000000000000, 1.000000000000000000 ) ) ;
#2779 = VERTEX_POINT ( 'NONE', #2383 ) ;
#2780 = DIRECTION ( 'NONE',  ( -0.000000000000000000, -0.000000000000000000, -1.000000000000000000 ) ) ;
#2782 = ORIENTED_EDGE ( 'NONE', *, *, #513, .F. ) ;
#2781 = CARTESIAN_POINT ( 'NONE',  ( -47.50178566874065922, -40.00178566873292851, -8.000000000000000000 ) ) ;
#2783 = VECTOR ( 'NONE', #1639, 1000.000000000000000 ) ;
#2784 = EDGE_CURVE ( 'NONE', #1344, #1536, #925, .T. ) ;
#2785 = DIRECTION ( 'NONE',  ( -0.000000000000000000, 0.000000000000000000, -1.000000000000000000 ) ) ;
#2787 = ORIENTED_EDGE ( 'NONE', *, *, #448, .F. ) ;
#2786 = DIRECTION ( 'NONE',  ( -0.000000000000000000, -0.000000000000000000, -1.000000000000000000 ) ) ;
#2788 = DIRECTION ( 'NONE',  ( -0.000000000000000000, 0.000000000000000000, 1.000000000000000000 ) ) ;
#2790 = ORIENTED_EDGE ( 'NONE', *, *, #2735, .T. ) ;
#2789 = LINE ( 'NONE', #3382, #1269 ) ;
#2791 = AXIS2_PLACEMENT_3D ( 'NONE', #24, #2373, #3586 ) ;
#2792 = CC_DESIGN_DATE_AND_TIME_ASSIGNMENT ( #2608, #808, ( #3139 ) ) ;
#2793 = CIRCLE ( 'NONE', #1121, 1.749999999999994671 ) ;
#2794 = LINE ( 'NONE', #126, #1162 ) ;
#2795 = DIRECTION ( 'NONE',  ( -1.000000000000000000, 0.000000000000000000, 0.000000000000000000 ) ) ;
#2796 = ADVANCED_FACE ( 'NONE', ( #1744 ), #1452, .F. ) ;
#2797 = VERTEX_POINT ( 'NONE', #3821 ) ;
#2798 = FACE_BOUND ( 'NONE', #2043, .T. ) ;
#2799 = CIRCLE ( 'NONE', #572, 1.750000000000001554 ) ;
#2800 = CARTESIAN_POINT ( 'NONE',  ( 12.12132034356010202, -41.81980515339508742, 3.000000000000000000 ) ) ;
#2802 = EDGE_LOOP ( 'NONE', ( #2714, #1412, #1669, #1130 ) ) ;
#2801 = CARTESIAN_POINT ( 'NONE',  ( -26.97056274848191748, 26.97056274848189261, 11.50000000000000000 ) ) ;
#2803 = EDGE_CURVE ( 'NONE', #2068, #2073, #2922, .T. ) ;
#2804 = CIRCLE ( 'NONE', #1194, 1.749999999999994671 ) ;
#2805 = DIRECTION ( 'NONE',  ( -1.000000000000000000, 0.000000000000000000, 0.000000000000000000 ) ) ;
#2807 = ORIENTED_EDGE ( 'NONE', *, *, #1219, .T. ) ;
#2806 = CARTESIAN_POINT ( 'NONE',  ( -30.82737490361494892, -23.11375059334477911, 9.000000000000001776 ) ) ;
#2808 = LINE ( 'NONE', #137, #368 ) ;
#2810 = ORIENTED_EDGE ( 'NONE', *, *, #1058, .F. ) ;
#2809 = DIRECTION ( 'NONE',  ( 0.7071067811869252706, -0.7071067811861698749, 0.000000000000000000 ) ) ;
#2811 = EDGE_CURVE ( 'NONE', #3154, #3522, #3351, .T. ) ;
#2812 = CARTESIAN_POINT ( 'NONE',  ( -35.72665940288732855, 26.16295090390314471, 9.000000000000003553 ) ) ;
#2813 = CIRCLE ( 'NONE', #273, 1.749999999999999778 ) ;
#2814 = VERTEX_POINT ( 'NONE', #889 ) ;
#2815 = DIRECTION ( 'NONE',  ( 0.000000000000000000, 0.000000000000000000, -1.000000000000000000 ) ) ;
#2816 = CARTESIAN_POINT ( 'NONE',  ( 34.74873734152989613, 19.19238815544243337, 3.000000000000000000 ) ) ;
#2818 = EDGE_LOOP ( 'NONE', ( #176, #2942, #353, #1405 ) ) ;
#2817 = CARTESIAN_POINT ( 'NONE',  ( 5.204170427930421283E-15, 1.734723475976807094E-15, 3.000000000000000000 ) ) ;
#2819 = EDGE_CURVE ( 'NONE', #3114, #98, #2070, .T. ) ;
#2820 = VECTOR ( 'NONE', #1245, 1000.000000000000000 ) ;
#2821 = FACE_BOUND ( 'NONE', #1871, .T. ) ;
#2823 = ORIENTED_EDGE ( 'NONE', *, *, #1743, .T. ) ;
#2822 = FACE_OUTER_BOUND ( 'NONE', #361, .T. ) ;
#2824 = EDGE_LOOP ( 'NONE', ( #3489, #2937 ) ) ;
#2825 = CARTESIAN_POINT ( 'NONE',  ( 47.50178566874065922, 40.00178566873292851, 0.000000000000000000 ) ) ;
#2826 = CARTESIAN_POINT ( 'NONE',  ( -34.74873734152950533, -19.19238815542603049, 0.000000000000000000 ) ) ;
#2828 = VERTEX_POINT ( 'NONE', #3536 ) ;
#2827 = LINE ( 'NONE', #123, #1453 ) ;
#2829 = EDGE_CURVE ( 'NONE', #2349, #657, #323, .T. ) ;
#2830 = DIRECTION ( 'NONE',  ( -0.000000000000000000, 0.000000000000000000, 1.000000000000000000 ) ) ;
#2831 = LINE ( 'NONE', #1642, #3052 ) ;
#2832 = ORIENTED_EDGE ( 'NONE', *, *, #3135, .F. ) ;
#2833 = VECTOR ( 'NONE', #3659, 1000.000000000000000 ) ;
#2834 = VECTOR ( 'NONE', #2636, 1000.000000000000000 ) ;
#2836 = CARTESIAN_POINT ( 'NONE',  ( -35.72665940288732855, -26.16295090390314471, 0.000000000000000000 ) ) ;
#2835 = DIRECTION ( 'NONE',  ( 0.000000000000000000, -0.000000000000000000, -1.000000000000000000 ) ) ;
#2838 = VERTEX_POINT ( 'NONE', #2103 ) ;
#2837 = DIRECTION ( 'NONE',  ( 0.000000000000000000, 0.000000000000000000, 1.000000000000000000 ) ) ;
#2840 = VERTEX_POINT ( 'NONE', #34 ) ;
#2839 = DIRECTION ( 'NONE',  ( -0.000000000000000000, 0.000000000000000000, 1.000000000000000000 ) ) ;
#2841 = LINE ( 'NONE', #2279, #1224 ) ;
#2843 = VERTEX_POINT ( 'NONE', #1472 ) ;
#2842 = DIRECTION ( 'NONE',  ( 0.000000000000000000, 0.000000000000000000, 1.000000000000000000 ) ) ;
#2844 = VERTEX_POINT ( 'NONE', #1165 ) ;
#2845 = EDGE_CURVE ( 'NONE', #491, #3556, #3305, .T. ) ;
#2846 = AXIS2_PLACEMENT_3D ( 'NONE', #2853, #186, #2014 ) ;
#2847 = FACE_BOUND ( 'NONE', #1812, .T. ) ;
#2848 = CARTESIAN_POINT ( 'NONE',  ( -26.16295090390257272, 37.47665940288790409, 9.000000000000003553 ) ) ;
#2850 = EDGE_LOOP ( 'NONE', ( #1633, #652, #442, #1084, #603 ) ) ;
#2849 = DIRECTION ( 'NONE',  ( -1.000000000000000000, 0.000000000000000000, 0.000000000000000000 ) ) ;
#2851 = EDGE_CURVE ( 'NONE', #966, #1220, #1203, .T. ) ;
#2852 = AXIS2_PLACEMENT_3D ( 'NONE', #486, #733, #1063 ) ;
#2853 = CARTESIAN_POINT ( 'NONE',  ( 40.00178566874065922, -40.00178566873292851, -8.000000000000000000 ) ) ;
#2854 = CALENDAR_DATE ( 2026, 2, 5 ) ;
#2855 = VERTEX_POINT ( 'NONE', #2088 ) ;
#2856 = ADVANCED_FACE ( 'NONE', ( #2033 ), #3559, .F. ) ;
#2858 = CARTESIAN_POINT ( 'NONE',  ( 13.00000000000000711, 3.326764314868366781E-15, 3.000000000000000000 ) ) ;
#2857 = LINE ( 'NONE', #189, #2870 ) ;
#2860 = EDGE_LOOP ( 'NONE', ( #294, #2832, #3627, #2266, #1835 ) ) ;
#2859 = LINE ( 'NONE', #732, #2893 ) ;
#2862 = ORIENTED_EDGE ( 'NONE', *, *, #2350, .T. ) ;
#2861 = DIRECTION ( 'NONE',  ( 1.000000000000000000, 0.000000000000000000, 0.000000000000000000 ) ) ;
#2863 = EDGE_CURVE ( 'NONE', #431, #3013, #1529, .T. ) ;
#2864 = VECTOR ( 'NONE', #1999, 1000.000000000000000 ) ;
#2865 = CARTESIAN_POINT ( 'NONE',  ( -39.22665940288732855, 26.16295090390314471, 0.000000000000000000 ) ) ;
#2867 = ORIENTED_EDGE ( 'NONE', *, *, #1550, .F. ) ;
#2866 = FACE_BOUND ( 'NONE', #3247, .T. ) ;
#2869 = DIRECTION ( 'NONE',  ( 0.7071067811865398012, 0.7071067811865552333, 0.000000000000000000 ) ) ;
#2868 = AXIS2_PLACEMENT_3D ( 'NONE', #3783, #1081, #3484 ) ;
#2871 = PLANE ( 'NONE',  #1621 ) ;
#2870 = VECTOR ( 'NONE', #1374, 1000.000000000000000 ) ;
#2872 = CIRCLE ( 'NONE', #198, 4.749999999999997335 ) ;
#2873 = CARTESIAN_POINT ( 'NONE',  ( -28.66295090390276101, 10.00000000000000000, 3.000000000000000000 ) ) ;
#2875 = EDGE_LOOP ( 'NONE', ( #485, #2314, #3613, #3771, #2171, #3051 ) ) ;
#2874 = CARTESIAN_POINT ( 'NONE',  ( 26.16295090390276101, 37.47665940288759856, 0.000000000000000000 ) ) ;
#2876 = FACE_OUTER_BOUND ( 'NONE', #2409, .T. ) ;
#2877 = AXIS2_PLACEMENT_3D ( 'NONE', #3713, #1366, #782 ) ;
#2878 = ORIENTED_EDGE ( 'NONE', *, *, #2359, .T. ) ;
#2879 = VECTOR ( 'NONE', #834, 1000.000000000000000 ) ;
#2881 = CARTESIAN_POINT ( 'NONE',  ( -37.47665940288732855, 26.16295090390314471, 0.000000000000000000 ) ) ;
#2880 = DIRECTION ( 'NONE',  ( 0.000000000000000000, 0.000000000000000000, 1.000000000000000000 ) ) ;
#2882 = AXIS2_PLACEMENT_3D ( 'NONE', #1488, #2416, #3607 ) ;
#2884 = ORIENTED_EDGE ( 'NONE', *, *, #2190, .T. ) ;
#2883 = FACE_BOUND ( 'NONE', #1268, .T. ) ;
#2886 = ORIENTED_EDGE ( 'NONE', *, *, #1280, .T. ) ;
#2885 = CARTESIAN_POINT ( 'NONE',  ( 37.47665940288764830, -26.16295090390296352, 3.000000000000000000 ) ) ;
#2887 = AXIS2_PLACEMENT_3D ( 'NONE', #2352, #1458, #3213 ) ;
#2888 = ADVANCED_FACE ( 'NONE', ( #1236 ), #3004, .F. ) ;
#2889 = CARTESIAN_POINT ( 'NONE',  ( -40.00178566874065922, 40.00178566873292851, -8.000000000000000000 ) ) ;
#2891 = EDGE_LOOP ( 'NONE', ( #750, #792 ) ) ;
#2890 = DIRECTION ( 'NONE',  ( 1.000000000000000000, 0.000000000000000000, 0.000000000000000000 ) ) ;
#2892 = CARTESIAN_POINT ( 'NONE',  ( -7.778174593051834229, 7.778174593051682351, 0.000000000000000000 ) ) ;
#2893 = VECTOR ( 'NONE', #193, 1000.000000000000000 ) ;
#2894 = AXIS2_PLACEMENT_3D ( 'NONE', #1119, #1430, #2561 ) ;
#2895 = DIRECTION ( 'NONE',  ( 0.000000000000000000, 0.000000000000000000, 1.000000000000000000 ) ) ;
#2896 = DIRECTION ( 'NONE',  ( -0.000000000000000000, -0.000000000000000000, -1.000000000000000000 ) ) ;
#2898 = ORIENTED_EDGE ( 'NONE', *, *, #1503, .T. ) ;
#2897 = FACE_OUTER_BOUND ( 'NONE', #2982, .T. ) ;
#2899 = CIRCLE ( 'NONE', #1711, 1.749999999999939160 ) ;
#2900 = DIRECTION ( 'NONE',  ( -0.7071067811865474617, -0.7071067811865474617, 0.000000000000000000 ) ) ;
#2901 = ORIENTED_EDGE ( 'NONE', *, *, #2616, .F. ) ;
#2902 = AXIS2_PLACEMENT_3D ( 'NONE', #1432, #2830, #2564 ) ;
#2903 = EDGE_CURVE ( 'NONE', #188, #2021, #2663, .T. ) ;
#2905 = CARTESIAN_POINT ( 'NONE',  ( 19.19238815544207810, 34.74873734153007376, 3.000000000000000000 ) ) ;
#2904 = DIRECTION ( 'NONE',  ( 1.000000000000000000, 0.000000000000000000, 0.000000000000000000 ) ) ;
#2906 = LINE ( 'NONE', #2633, #1275 ) ;
#2907 = ORIENTED_EDGE ( 'NONE', *, *, #2370, .F. ) ;
#2908 = VECTOR ( 'NONE', #1984, 1000.000000000000000 ) ;
#2909 = DIRECTION ( 'NONE',  ( 0.000000000000000000, 0.000000000000000000, 1.000000000000000000 ) ) ;
#2911 = ORIENTED_EDGE ( 'NONE', *, *, #3342, .F. ) ;
#2910 = CARTESIAN_POINT ( 'NONE',  ( 23.11375059334829274, 30.82737490361964916, 9.000000000000001776 ) ) ;
#2912 = EDGE_LOOP ( 'NONE', ( #3258, #3797, #233, #1887 ) ) ;
#2913 = EDGE_CURVE ( 'NONE', #479, #3013, #1814, .T. ) ;
#2914 = FACE_BOUND ( 'NONE', #2614, .T. ) ;
#2915 = CYLINDRICAL_SURFACE ( 'NONE', #3254, 1.749999999999939160 ) ;
#2916 = CIRCLE ( 'NONE', #1661, 1.749999999999994671 ) ;
#2918 = VERTEX_POINT ( 'NONE', #2972 ) ;
#2917 = CARTESIAN_POINT ( 'NONE',  ( -27.91295090390257272, 37.47665940288790409, 9.000000000000003553 ) ) ;
#2919 = DIRECTION ( 'NONE',  ( 0.7071067811865552333, -0.7071067811865398012, 0.000000000000000000 ) ) ;
#2920 = PERSON_AND_ORGANIZATION ( #558, #1251 ) ;
#2921 = ORIENTED_EDGE ( 'NONE', *, *, #2667, .T. ) ;
#2922 = CIRCLE ( 'NONE', #2353, 6.000000000000003553 ) ;
#2924 = CARTESIAN_POINT ( 'NONE',  ( 40.00178566874065922, -40.00178566873292851, -8.000000000000000000 ) ) ;
#2923 = DIRECTION ( 'NONE',  ( 0.000000000000000000, -0.000000000000000000, 1.000000000000000000 ) ) ;
#2925 = EDGE_CURVE ( 'NONE', #1466, #3732, #3630, .T. ) ;
#2926 = CARTESIAN_POINT ( 'NONE',  ( -27.91295090390257272, -37.47665940288790409, 9.000000000000003553 ) ) ;
#2927 = VERTEX_POINT ( 'NONE', #3837 ) ;
#2928 = EDGE_CURVE ( 'NONE', #1168, #1062, #2648, .T. ) ;
#2929 = CARTESIAN_POINT ( 'NONE',  ( 0.000000000000000000, 9.999999999999996447, 3.000000000000000000 ) ) ;
#2931 = EDGE_LOOP ( 'NONE', ( #3839, #2453, #362, #3705 ) ) ;
#2930 = CARTESIAN_POINT ( 'NONE',  ( 49.86879502661849983, 40.30508652763388966, 0.000000000000000000 ) ) ;
#2932 = CARTESIAN_POINT ( 'NONE',  ( 35.25178566874065922, 40.00178566873292851, -8.000000000000000000 ) ) ;
#2933 = CARTESIAN_POINT ( 'NONE',  ( -65.03300858899093839, -65.03300858899235948, 11.50000000000000000 ) ) ;
#2934 = CARTESIAN_POINT ( 'NONE',  ( -16.99999999999999645, 15.25000000000000000, 3.000000000000000000 ) ) ;
#2935 = VECTOR ( 'NONE', #1427, 1000.000000000000000 ) ;
#2937 = ORIENTED_EDGE ( 'NONE', *, *, #3826, .F. ) ;
#2936 = DIRECTION ( 'NONE',  ( -0.7071067811865475727, -0.7071067811865475727, 0.000000000000000000 ) ) ;
#2938 = VECTOR ( 'NONE', #1186, 1000.000000000000000 ) ;
#2939 = CARTESIAN_POINT ( 'NONE',  ( 40.00178566874065922, -40.00178566873292851, -8.000000000000000000 ) ) ;
#2940 = EDGE_CURVE ( 'NONE', #30, #1475, #286, .T. ) ;
#2941 = APPROVAL_DATE_TIME ( #1745, #149 ) ;
#2942 = ORIENTED_EDGE ( 'NONE', *, *, #130, .F. ) ;
#2944 = FACE_BOUND ( 'NONE', #3368, .T. ) ;
#2943 = LINE ( 'NONE', #277, #1248 ) ;
#2945 = DIRECTION ( 'NONE',  ( 0.7071067811865477948, -0.7071067811865473507, 0.000000000000000000 ) ) ;
#2946 = VERTEX_POINT ( 'NONE', #1582 ) ;
#2947 = DIRECTION ( 'NONE',  ( 0.7071067811865477948, 0.7071067811865473507, -0.000000000000000000 ) ) ;
#2948 = AXIS2_PLACEMENT_3D ( 'NONE', #2711, #1487, #1505 ) ;
#2950 = ORIENTED_EDGE ( 'NONE', *, *, #454, .T. ) ;
#2949 = DIRECTION ( 'NONE',  ( 1.000000000000000000, 0.000000000000000000, 0.000000000000000000 ) ) ;
#2951 = EDGE_CURVE ( 'NONE', #3220, #887, #1880, .T. ) ;
#2952 = DIRECTION ( 'NONE',  ( -0.7071067811865541231, -0.7071067811865409114, 0.000000000000000000 ) ) ;
#2953 = VECTOR ( 'NONE', #430, 1000.000000000000000 ) ;
#2954 = DIRECTION ( 'NONE',  ( -0.000000000000000000, -0.000000000000000000, -1.000000000000000000 ) ) ;
#2956 = ORIENTED_EDGE ( 'NONE', *, *, #1116, .T. ) ;
#2955 = LINE ( 'NONE', #579, #33 ) ;
#2957 = DIRECTION ( 'NONE',  ( -0.000000000000000000, -0.000000000000000000, -1.000000000000000000 ) ) ;
#2958 = ORIENTED_EDGE ( 'NONE', *, *, #1071, .T. ) ;
#2959 = ORIENTED_EDGE ( 'NONE', *, *, #3342, .T. ) ;
#2960 = EDGE_CURVE ( 'NONE', #1718, #615, #1833, .T. ) ;
#2962 = CARTESIAN_POINT ( 'NONE',  ( -40.00178566874065922, -40.00178566873292851, 0.000000000000000000 ) ) ;
#2961 = CARTESIAN_POINT ( 'NONE',  ( -40.30508652763334254, 51.61879502661891905, 3.000000000000000000 ) ) ;
#2963 = EDGE_LOOP ( 'NONE', ( #3100, #637, #1836, #2973 ) ) ;
#2964 = CARTESIAN_POINT ( 'NONE',  ( 32.50178566874065922, -40.00178566873292851, -8.000000000000000000 ) ) ;
#2966 = ORIENTED_EDGE ( 'NONE', *, *, #1469, .F. ) ;
#2965 = CARTESIAN_POINT ( 'NONE',  ( 35.25178566874065922, -40.00178566873292851, 0.000000000000000000 ) ) ;
#2967 = CARTESIAN_POINT ( 'NONE',  ( 19.19238815544207810, -34.74873734153007376, 9.000000000000001776 ) ) ;
#2968 = DIRECTION ( 'NONE',  ( -0.000000000000000000, 0.000000000000000000, 1.000000000000000000 ) ) ;
#2969 = EDGE_CURVE ( 'NONE', #1189, #763, #2159, .T. ) ;
#2971 = ORIENTED_EDGE ( 'NONE', *, *, #3267, .F. ) ;
#2970 = DIRECTION ( 'NONE',  ( 0.000000000000000000, 0.000000000000000000, 1.000000000000000000 ) ) ;
#2972 = CARTESIAN_POINT ( 'NONE',  ( -23.11375059334830695, -30.82737490361965627, 9.000000000000001776 ) ) ;
#2973 = ORIENTED_EDGE ( 'NONE', *, *, #949, .T. ) ;
#2974 = EDGE_LOOP ( 'NONE', ( #1630, #2701, #378, #2219 ) ) ;
#2976 = CARTESIAN_POINT ( 'NONE',  ( -49.86879502661806640, -40.30508652763449362, 9.000000000000003553 ) ) ;
#2975 = DIRECTION ( 'NONE',  ( -0.7071067811869252706, -0.7071067811861698749, 0.000000000000000000 ) ) ;
#2977 = VERTEX_POINT ( 'NONE', #2438 ) ;
#2978 = EDGE_CURVE ( 'NONE', #54, #1431, #1565, .T. ) ;
#2979 = CARTESIAN_POINT ( 'NONE',  ( 40.30508652763382571, -51.61879502661854247, 3.000000000000000000 ) ) ;
#2980 = VECTOR ( 'NONE', #2393, 1000.000000000000000 ) ;
#2982 = EDGE_LOOP ( 'NONE', ( #2958, #915, #1987, #1069 ) ) ;
#2981 = DIRECTION ( 'NONE',  ( 1.000000000000000000, 0.000000000000000000, 0.000000000000000000 ) ) ;
#2983 = FACE_OUTER_BOUND ( 'NONE', #3719, .T. ) ;
#2984 = CYLINDRICAL_SURFACE ( 'NONE', #3810, 9.999999999999994671 ) ;
#2986 = ORIENTED_EDGE ( 'NONE', *, *, #2472, .T. ) ;
#2985 = DIRECTION ( 'NONE',  ( 1.000000000000000000, 0.000000000000000000, 0.000000000000000000 ) ) ;
#2988 = CARTESIAN_POINT ( 'NONE',  ( -60.81118318204337925, -45.25483399593993994, 9.000000000000001776 ) ) ;
#2987 = AXIS2_PLACEMENT_3D ( 'NONE', #954, #686, #1644 ) ;
#2989 = ORIENTED_EDGE ( 'NONE', *, *, #1371, .F. ) ;
#2990 = EDGE_LOOP ( 'NONE', ( #1840, #2432, #1328, #6, #1193, #2971 ) ) ;
#2991 = AXIS2_PLACEMENT_3D ( 'NONE', #1282, #3099, #2467 ) ;
#2992 = EDGE_CURVE ( 'NONE', #1273, #689, #3318, .T. ) ;
#2993 = DIRECTION ( 'NONE',  ( -0.000000000000000000, 0.000000000000000000, 1.000000000000000000 ) ) ;
#2994 = ORIENTED_EDGE ( 'NONE', *, *, #46, .T. ) ;
#2995 = CARTESIAN_POINT ( 'NONE',  ( 45.25483399593931466, -60.81118318204386242, 0.000000000000000000 ) ) ;
#2997 = ORIENTED_EDGE ( 'NONE', *, *, #3091, .F. ) ;
#2996 = FACE_OUTER_BOUND ( 'NONE', #1981, .T. ) ;
#2998 = AXIS2_PLACEMENT_3D ( 'NONE', #1375, #1315, #3743 ) ;
#2999 = EDGE_CURVE ( 'NONE', #927, #3790, #1904, .T. ) ;
#3000 = DIRECTION ( 'NONE',  ( 0.000000000000000000, 0.000000000000000000, 1.000000000000000000 ) ) ;
#3001 = CIRCLE ( 'NONE', #2506, 1.750000000000008438 ) ;
#3003 = ORIENTED_EDGE ( 'NONE', *, *, #3579, .F. ) ;
#3002 = PLANE ( 'NONE',  #3189 ) ;
#3004 = CYLINDRICAL_SURFACE ( 'NONE', #2194, 1.750000000000001554 ) ;
#3005 = VECTOR ( 'NONE', #226, 1000.000000000000114 ) ;
#3007 = EDGE_LOOP ( 'NONE', ( #2052, #3772 ) ) ;
#3006 = LINE ( 'NONE', #1530, #3196 ) ;
#3008 = EDGE_LOOP ( 'NONE', ( #3454, #1021, #2214, #2878 ) ) ;
#3009 = VECTOR ( 'NONE', #850, 1000.000000000000000 ) ;
#3010 = AXIS2_PLACEMENT_3D ( 'NONE', #217, #1399, #1024 ) ;
#3011 = CARTESIAN_POINT ( 'NONE',  ( -24.41295090390256917, 37.47665940288790409, 0.000000000000000000 ) ) ;
#3012 = ADVANCED_FACE ( 'NONE', ( #3080 ), #2751, .F. ) ;
#3013 = VERTEX_POINT ( 'NONE', #105 ) ;
#3014 = AXIS2_PLACEMENT_3D ( 'NONE', #3626, #1257, #3324 ) ;
#3015 = CARTESIAN_POINT ( 'NONE',  ( 40.30508652763382571, 51.61879502661854247, 3.000000000000000000 ) ) ;
#3017 = ORIENTED_EDGE ( 'NONE', *, *, #2928, .T. ) ;
#3016 = DIRECTION ( 'NONE',  ( -1.000000000000000000, 0.000000000000000000, 0.000000000000000000 ) ) ;
#3018 = DIRECTION ( 'NONE',  ( -0.000000000000000000, -0.000000000000000000, -1.000000000000000000 ) ) ;
#3019 = PLANE ( 'NONE',  #1780 ) ;
#3021 = EDGE_LOOP ( 'NONE', ( #157, #1234, #3582, #1400, #498, #1563, #619, #3132, #2002, #3629, #36, #141, #868, #2412, #1199, #674, #583, #2110, #3314, #3709, #794, #472, #3620, #2427 ) ) ;
#3020 = DIRECTION ( 'NONE',  ( -0.000000000000000000, -0.000000000000000000, -1.000000000000000000 ) ) ;
#3022 = ADVANCED_FACE ( 'NONE', ( #2178 ), #3095, .F. ) ;
#3023 = VECTOR ( 'NONE', #2575, 1000.000000000000000 ) ;
#3024 = CARTESIAN_POINT ( 'NONE',  ( -0.000000000000000000, 9.999999999999996447, 0.000000000000000000 ) ) ;
#3026 = ORIENTED_EDGE ( 'NONE', *, *, #1022, .T. ) ;
#3025 = DIRECTION ( 'NONE',  ( -0.000000000000000000, 0.000000000000000000, 1.000000000000000000 ) ) ;
#3027 = EDGE_CURVE ( 'NONE', #657, #1520, #706, .T. ) ;
#3028 = ORIENTED_EDGE ( 'NONE', *, *, #2310, .T. ) ;
#3029 = CARTESIAN_POINT ( 'NONE',  ( -13.49999999999999645, 15.25000000000000000, 3.000000000000000000 ) ) ;
#3030 = DIRECTION ( 'NONE',  ( -0.7071067811865550112, 0.7071067811865399122, 0.000000000000000000 ) ) ;
#3031 = CC_DESIGN_PERSON_AND_ORGANIZATION_ASSIGNMENT ( #1727, #851, ( #3494 ) ) ;
#3032 = ORIENTED_EDGE ( 'NONE', *, *, #705, .F. ) ;
#3033 = CARTESIAN_POINT ( 'NONE',  ( 51.61879502661850694, -40.30508652763388966, 3.000000000000000000 ) ) ;
#3035 = EDGE_LOOP ( 'NONE', ( #2238, #236, #1975, #3409 ) ) ;
#3034 = CARTESIAN_POINT ( 'NONE',  ( 12.12132034356010202, -41.81980515339508742, 0.000000000000000000 ) ) ;
#3036 = EDGE_CURVE ( 'NONE', #2797, #948, #1546, .T. ) ;
#3037 = EDGE_CURVE ( 'NONE', #2017, #2073, #396, .T. ) ;
#3038 = CARTESIAN_POINT ( 'NONE',  ( -32.50178566874065922, 40.00178566873292851, -8.000000000000000000 ) ) ;
#3039 = LINE ( 'NONE', #956, #3825 ) ;
#3041 = VERTEX_POINT ( 'NONE', #3646 ) ;
#3040 = DIRECTION ( 'NONE',  ( 0.000000000000000000, -1.000000000000000000, 0.000000000000000000 ) ) ;
#3042 = AXIS2_PLACEMENT_3D ( 'NONE', #2357, #3277, #2095 ) ;
#3043 = AXIS2_PLACEMENT_3D ( 'NONE', #2538, #3156, #519 ) ;
#3044 = FACE_OUTER_BOUND ( 'NONE', #780, .T. ) ;
#3046 = ORIENTED_EDGE ( 'NONE', *, *, #183, .T. ) ;
#3045 = CARTESIAN_POINT ( 'NONE',  ( 34.74873734152950533, -19.19238815542602694, 9.000000000000001776 ) ) ;
#3047 = EDGE_LOOP ( 'NONE', ( #2592, #2072 ) ) ;
#3048 = EDGE_CURVE ( 'NONE', #1520, #1933, #122, .T. ) ;
#3049 = CARTESIAN_POINT ( 'NONE',  ( -40.00178566874065922, 40.00178566873292851, 0.000000000000000000 ) ) ;
#3050 = VECTOR ( 'NONE', #991, 1000.000000000000000 ) ;
#3051 = ORIENTED_EDGE ( 'NONE', *, *, #99, .F. ) ;
#3052 = VECTOR ( 'NONE', #1002, 999.9999999999998863 ) ;
#3054 = VERTEX_POINT ( 'NONE', #1620 ) ;
#3053 = CYLINDRICAL_SURFACE ( 'NONE', #93, 1.750000000000008438 ) ;
#3056 = VERTEX_POINT ( 'NONE', #68 ) ;
#3055 = CARTESIAN_POINT ( 'NONE',  ( -34.74873734152950533, 19.19238815542602694, 9.000000000000001776 ) ) ;
#3057 = DIRECTION ( 'NONE',  ( 0.000000000000000000, 0.000000000000000000, -1.000000000000000000 ) ) ;
#3058 = DIRECTION ( 'NONE',  ( -0.000000000000000000, 0.000000000000000000, 1.000000000000000000 ) ) ;
#3060 = ORIENTED_EDGE ( 'NONE', *, *, #3792, .F. ) ;
#3059 = CARTESIAN_POINT ( 'NONE',  ( 41.81980515339541427, 12.12132034357700583, 3.000000000000000000 ) ) ;
#3061 = EDGE_CURVE ( 'NONE', #2927, #3199, #2164, .T. ) ;
#3062 = CARTESIAN_POINT ( 'NONE',  ( -45.25483399594766354, -60.81118318203566275, 9.000000000000001776 ) ) ;
#3063 = AXIS2_PLACEMENT_3D ( 'NONE', #2661, #2380, #3574 ) ;
#3065 = EDGE_LOOP ( 'NONE', ( #3493, #298, #3765, #1364 ) ) ;
#3064 = FACE_OUTER_BOUND ( 'NONE', #1414, .T. ) ;
#3066 = DIRECTION ( 'NONE',  ( -0.000000000000000000, -0.000000000000000000, -1.000000000000000000 ) ) ;
#3067 = CARTESIAN_POINT ( 'NONE',  ( 35.72665940288764119, 26.16295090390296352, 3.000000000000000000 ) ) ;
#3068 = ORIENTED_EDGE ( 'NONE', *, *, #758, .F. ) ;
#3069 = ADVANCED_FACE ( 'NONE', ( #3679 ), #358, .F. ) ;
#3070 = AXIS2_PLACEMENT_3D ( 'NONE', #484, #2212, #3687 ) ;
#3071 = CIRCLE ( 'NONE', #91, 4.749999999999997335 ) ;
#3072 = CARTESIAN_POINT ( 'NONE',  ( -15.24999999999999645, -15.25000000000000000, 3.000000000000000000 ) ) ;
#3074 = EDGE_LOOP ( 'NONE', ( #3595, #1598, #3355, #734 ) ) ;
#3073 = DIRECTION ( 'NONE',  ( -0.7071067811869252706, 0.7071067811861698749, 0.000000000000000000 ) ) ;
#3075 = CARTESIAN_POINT ( 'NONE',  ( -0.000000000000000000, -10.00000000000000000, 0.000000000000000000 ) ) ;
#3077 = EDGE_LOOP ( 'NONE', ( #981, #2026, #3397, #16 ) ) ;
#3076 = DIRECTION ( 'NONE',  ( -1.000000000000000000, 0.000000000000000000, 0.000000000000000000 ) ) ;
#3078 = AXIS2_PLACEMENT_3D ( 'NONE', #401, #364, #417 ) ;
#3079 = CIRCLE ( 'NONE', #2204, 1.749999999999939160 ) ;
#3080 = FACE_OUTER_BOUND ( 'NONE', #2459, .T. ) ;
#3081 = EDGE_CURVE ( 'NONE', #2693, #13, #2808, .T. ) ;
#3083 = VERTEX_POINT ( 'NONE', #2141 ) ;
#3082 = DIRECTION ( 'NONE',  ( 0.7071067811861698749, 0.7071067811869252706, 0.000000000000000000 ) ) ;
#3084 = CARTESIAN_POINT ( 'NONE',  ( 40.00178566874065922, -40.00178566873292851, 0.000000000000000000 ) ) ;
#3085 =( NAMED_UNIT ( * ) PLANE_ANGLE_UNIT ( ) SI_UNIT ( $, .RADIAN. ) );
#3086 = ORIENTED_EDGE ( 'NONE', *, *, #1108, .T. ) ;
#3087 = DIRECTION ( 'NONE',  ( -0.000000000000000000, -0.000000000000000000, -1.000000000000000000 ) ) ;
#3088 = CARTESIAN_POINT ( 'NONE',  ( -53.36879502661794561, 40.30508652763449362, 3.000000000000000000 ) ) ;
#3090 = ORIENTED_EDGE ( 'NONE', *, *, #1265, .F. ) ;
#3089 = CARTESIAN_POINT ( 'NONE',  ( 27.91295090390275746, -37.47665940288759856, 9.000000000000003553 ) ) ;
#3091 = EDGE_CURVE ( 'NONE', #948, #1718, #3344, .T. ) ;
#3092 = DIRECTION ( 'NONE',  ( -0.7071067811865543451, 0.7071067811865406894, 0.000000000000000000 ) ) ;
#3094 = ORIENTED_EDGE ( 'NONE', *, *, #2449, .F. ) ;
#3093 = FACE_BOUND ( 'NONE', #302, .T. ) ;
#3095 = CYLINDRICAL_SURFACE ( 'NONE', #1983, 1.749999999999939160 ) ;
#3097 = ORIENTED_EDGE ( 'NONE', *, *, #2563, .F. ) ;
#3096 = CARTESIAN_POINT ( 'NONE',  ( 60.81118318204337925, 45.25483399593993994, 9.000000000000001776 ) ) ;
#3098 = CARTESIAN_POINT ( 'NONE',  ( 51.61879502661850694, 40.30508652763388966, 9.000000000000003553 ) ) ;
#3099 = DIRECTION ( 'NONE',  ( 0.000000000000000000, 0.000000000000000000, 1.000000000000000000 ) ) ;
#3100 = ORIENTED_EDGE ( 'NONE', *, *, #3037, .T. ) ;
#3101 = ADVANCED_FACE ( 'NONE', ( #3044 ), #1031, .F. ) ;
#3102 = CYLINDRICAL_SURFACE ( 'NONE', #3801, 1.749999999999994671 ) ;
#3103 = CYLINDRICAL_SURFACE ( 'NONE', #534, 1.750000000000001554 ) ;
#3105 = VERTEX_POINT ( 'NONE', #1635 ) ;
#3104 = CARTESIAN_POINT ( 'NONE',  ( 12.12132034356010202, -41.81980515339508742, 3.000000000000000000 ) ) ;
#3106 = APPROVAL_PERSON_ORGANIZATION ( #2920, #2509, #787 ) ;
#3107 = DIRECTION ( 'NONE',  ( -0.000000000000000000, -0.000000000000000000, -1.000000000000000000 ) ) ;
#3109 = EDGE_LOOP ( 'NONE', ( #225, #2810, #843, #3777, #2358, #2468 ) ) ;
#3108 = DIRECTION ( 'NONE',  ( -1.000000000000000000, 0.000000000000000000, 0.000000000000000000 ) ) ;
#3110 = ORIENTED_EDGE ( 'NONE', *, *, #913, .T. ) ;
#3111 = EDGE_CURVE ( 'NONE', #2349, #2049, #3694, .T. ) ;
#3112 = DIRECTION ( 'NONE',  ( -0.000000000000000000, -0.000000000000000000, -1.000000000000000000 ) ) ;
#3114 = VERTEX_POINT ( 'NONE', #740 ) ;
#3113 = LINE ( 'NONE', #1637, #457 ) ;
#3115 = DIRECTION ( 'NONE',  ( -1.000000000000000000, 0.000000000000000000, 0.000000000000000000 ) ) ;
#3116 = DIRECTION ( 'NONE',  ( 0.000000000000000000, 0.000000000000000000, 1.000000000000000000 ) ) ;
#3117 = VECTOR ( 'NONE', #3230, 1000.000000000000000 ) ;
#3118 = AXIS2_PLACEMENT_3D ( 'NONE', #597, #1777, #1449 ) ;
#3119 = EDGE_LOOP ( 'NONE', ( #1277, #293, #3271, #2518 ) ) ;
#3121 = CARTESIAN_POINT ( 'NONE',  ( 15.25000000000000355, 15.25000000000000000, 3.000000000000000000 ) ) ;
#3120 = CARTESIAN_POINT ( 'NONE',  ( -45.25483399594766354, -60.81118318203566275, 9.000000000000001776 ) ) ;
#3122 = EDGE_CURVE ( 'NONE', #2844, #615, #1923, .T. ) ;
#3124 = ORIENTED_EDGE ( 'NONE', *, *, #2960, .F. ) ;
#3123 = CARTESIAN_POINT ( 'NONE',  ( 42.05508652763382571, -51.61879502661854247, 9.000000000000003553 ) ) ;
#3126 = ORIENTED_EDGE ( 'NONE', *, *, #735, .F. ) ;
#3125 = LINE ( 'NONE', #3029, #845 ) ;
#3127 = AXIS2_PLACEMENT_3D ( 'NONE', #377, #2500, #398 ) ;
#3128 = AXIS2_PLACEMENT_3D ( 'NONE', #2364, #2788, #997 ) ;
#3129 = AXIS2_PLACEMENT_3D ( 'NONE', #3585, #3296, #1806 ) ;
#3130 = CARTESIAN_POINT ( 'NONE',  ( -45.25483399594766354, 60.81118318203566275, 9.000000000000001776 ) ) ;
#3132 = ORIENTED_EDGE ( 'NONE', *, *, #8, .T. ) ;
#3131 = DIRECTION ( 'NONE',  ( -1.000000000000000000, -1.774606271628325875E-14, 0.000000000000000000 ) ) ;
#3133 = VERTEX_POINT ( 'NONE', #2825 ) ;
#3134 = DIRECTION ( 'NONE',  ( -0.000000000000000000, 0.000000000000000000, 1.000000000000000000 ) ) ;
#3135 = EDGE_CURVE ( 'NONE', #517, #1291, #160, .T. ) ;
#3136 = DIRECTION ( 'NONE',  ( 0.000000000000000000, 0.000000000000000000, 1.000000000000000000 ) ) ;
#3138 = ORIENTED_EDGE ( 'NONE', *, *, #3141, .T. ) ;
#3137 = CYLINDRICAL_SURFACE ( 'NONE', #1944, 1.749999999999998002 ) ;
#3139 = PRODUCT_DEFINITION ( 'UNKNOWN', '', #3494, #2186 ) ;
#3140 = DIRECTION ( 'NONE',  ( -1.000000000000000000, 0.000000000000000000, 0.000000000000000000 ) ) ;
#3141 = EDGE_CURVE ( 'NONE', #567, #3233, #2793, .T. ) ;
#3142 = PERSON_AND_ORGANIZATION_ROLE ( 'classification_officer' ) ;
#3143 = ORIENTED_EDGE ( 'NONE', *, *, #3267, .T. ) ;
#3145 = CARTESIAN_POINT ( 'NONE',  ( 40.30508652763382571, 51.61879502661854247, 0.000000000000000000 ) ) ;
#3144 = DIRECTION ( 'NONE',  ( -0.000000000000000000, -0.000000000000000000, -1.000000000000000000 ) ) ;
#3147 = ORIENTED_EDGE ( 'NONE', *, *, #3141, .F. ) ;
#3146 = CARTESIAN_POINT ( 'NONE',  ( 27.91295090390275746, -37.47665940288759856, 0.000000000000000000 ) ) ;
#3149 = ORIENTED_EDGE ( 'NONE', *, *, #1262, .F. ) ;
#3148 = CARTESIAN_POINT ( 'NONE',  ( -51.61879502661800956, -40.30508652763449362, 3.000000000000000000 ) ) ;
#3150 = DIRECTION ( 'NONE',  ( 0.000000000000000000, -0.000000000000000000, -1.000000000000000000 ) ) ;
#3152 = ORIENTED_EDGE ( 'NONE', *, *, #158, .F. ) ;
#3151 = CARTESIAN_POINT ( 'NONE',  ( 5.646762578720663782E-13, -31.81980515339531124, 3.000000000000000000 ) ) ;
#3153 = AXIS2_PLACEMENT_3D ( 'NONE', #2817, #2839, #2861 ) ;
#3154 = VERTEX_POINT ( 'NONE', #1657 ) ;
#3155 = EDGE_CURVE ( 'NONE', #3756, #1517, #3299, .T. ) ;
#3156 = DIRECTION ( 'NONE',  ( -0.000000000000000000, 0.000000000000000000, 1.000000000000000000 ) ) ;
#3157 = VECTOR ( 'NONE', #3502, 999.9999999999998863 ) ;
#3158 = FACE_OUTER_BOUND ( 'NONE', #1948, .T. ) ;
#3160 = VERTEX_POINT ( 'NONE', #495 ) ;
#3159 = CYLINDRICAL_SURFACE ( 'NONE', #1018, 5.999999999999998224 ) ;
#3161 = CARTESIAN_POINT ( 'NONE',  ( -15.24999999999999645, 15.25000000000000000, 0.000000000000000000 ) ) ;
#3162 = COORDINATED_UNIVERSAL_TIME_OFFSET ( 5, 30, .AHEAD. ) ;
#3163 = ORIENTED_EDGE ( 'NONE', *, *, #3295, .T. ) ;
#3164 = ADVANCED_FACE ( 'NONE', ( #3733, #3712, #1072, #3202, #2581, #2914, #1967, #3177, #2847, #2283, #3497, #203, #1678, #1049, #247, #2242, #539, #1989, #3476, #1408, #181, #802, #1721, #1387, #3436, #760, #1945, #2263 ), #2871, .F. ) ;
#3166 = FACE_OUTER_BOUND ( 'NONE', #3479, .T. ) ;
#3165 = FACE_OUTER_BOUND ( 'NONE', #2286, .T. ) ;
#3168 = EDGE_LOOP ( 'NONE', ( #3689, #284 ) ) ;
#3167 = CARTESIAN_POINT ( 'NONE',  ( 0.000000000000000000, 0.000000000000000000, 9.000000000000001776 ) ) ;
#3170 = ORIENTED_EDGE ( 'NONE', *, *, #2784, .T. ) ;
#3169 = DIRECTION ( 'NONE',  ( 1.000000000000000000, 0.000000000000000000, 0.000000000000000000 ) ) ;
#3171 = AXIS2_PLACEMENT_3D ( 'NONE', #392, #47, #354 ) ;
#3172 = LINE ( 'NONE', #3748, #3214 ) ;
#3174 = ORIENTED_EDGE ( 'NONE', *, *, #2157, .F. ) ;
#3173 = CARTESIAN_POINT ( 'NONE',  ( -16.99999999999999645, 15.25000000000000000, 3.000000000000000000 ) ) ;
#3176 = ORIENTED_EDGE ( 'NONE', *, *, #3752, .T. ) ;
#3175 = APPROVAL_PERSON_ORGANIZATION ( #502, #3440, #1685 ) ;
#3177 = FACE_BOUND ( 'NONE', #952, .T. ) ;
#3178 = CARTESIAN_POINT ( 'NONE',  ( -26.16295090390257272, -37.47665940288790409, 3.000000000000000000 ) ) ;
#3179 = EDGE_CURVE ( 'NONE', #2814, #13, #2872, .T. ) ;
#3181 = ORIENTED_EDGE ( 'NONE', *, *, #403, .F. ) ;
#3180 = CARTESIAN_POINT ( 'NONE',  ( -23.66295090390275391, 0.000000000000000000, 0.000000000000000000 ) ) ;
#3182 = CARTESIAN_POINT ( 'NONE',  ( 34.74873734152989613, -19.19238815544243337, 0.000000000000000000 ) ) ;
#3183 = SHAPE_DEFINITION_REPRESENTATION ( #1339, #274 ) ;
#3184 = AXIS2_PLACEMENT_3D ( 'NONE', #2612, #1438, #606 ) ;
#3185 = AXIS2_PLACEMENT_3D ( 'NONE', #1703, #803, #1347 ) ;
#3186 = ORIENTED_EDGE ( 'NONE', *, *, #3401, .F. ) ;
#3188 = DIRECTION ( 'NONE',  ( 0.000000000000000000, 0.000000000000000000, -1.000000000000000000 ) ) ;
#3187 = LINE ( 'NONE', #568, #935 ) ;
#3189 = AXIS2_PLACEMENT_3D ( 'NONE', #598, #2970, #339 ) ;
#3190 = EDGE_CURVE ( 'NONE', #1217, #3114, #3370, .T. ) ;
#3191 = DIRECTION ( 'NONE',  ( -1.000000000000000000, 0.000000000000000000, 0.000000000000000000 ) ) ;
#3192 = ORIENTED_EDGE ( 'NONE', *, *, #170, .F. ) ;
#3193 = AXIS2_PLACEMENT_3D ( 'NONE', #338, #3000, #3643 ) ;
#3194 = AXIS2_PLACEMENT_3D ( 'NONE', #1888, #3398, #691 ) ;
#3195 = DIRECTION ( 'NONE',  ( -1.000000000000000000, 1.774606271628325875E-14, 0.000000000000000000 ) ) ;
#3196 = VECTOR ( 'NONE', #1440, 1000.000000000000000 ) ;
#3198 = ORIENTED_EDGE ( 'NONE', *, *, #3435, .T. ) ;
#3197 = LINE ( 'NONE', #3513, #1672 ) ;
#3199 = VERTEX_POINT ( 'NONE', #1117 ) ;
#3200 = AXIS2_PLACEMENT_3D ( 'NONE', #1356, #1105, #2550 ) ;
#3201 = AXIS2_PLACEMENT_3D ( 'NONE', #2101, #1470, #3591 ) ;
#3202 = FACE_BOUND ( 'NONE', #1958, .T. ) ;
#3203 = DIRECTION ( 'NONE',  ( -0.000000000000000000, -0.000000000000000000, -1.000000000000000000 ) ) ;
#3204 = CC_DESIGN_DATE_AND_TIME_ASSIGNMENT ( #2289, #3781, ( #3428 ) ) ;
#3206 = ORIENTED_EDGE ( 'NONE', *, *, #2928, .F. ) ;
#3205 = CARTESIAN_POINT ( 'NONE',  ( -24.41295090390256917, -37.47665940288790409, 9.000000000000003553 ) ) ;
#3207 = EDGE_CURVE ( 'NONE', #542, #2551, #2302, .T. ) ;
#3208 = DIRECTION ( 'NONE',  ( -0.000000000000000000, 0.000000000000000000, 1.000000000000000000 ) ) ;
#3209 = PERSON_AND_ORGANIZATION_ROLE ( 'creator' ) ;
#3210 = ORIENTED_EDGE ( 'NONE', *, *, #3545, .F. ) ;
#3211 = ADVANCED_FACE ( 'NONE', ( #2028 ), #267, .F. ) ;
#3213 = DIRECTION ( 'NONE',  ( 0.000000000000000000, 0.000000000000000000, 1.000000000000000000 ) ) ;
#3212 = CARTESIAN_POINT ( 'NONE',  ( 0.000000000000000000, -10.00000000000000355, 3.000000000000000000 ) ) ;
#3214 = VECTOR ( 'NONE', #3491, 1000.000000000000000 ) ;
#3215 = DIRECTION ( 'NONE',  ( 1.000000000000000000, -1.774606271628325875E-14, 0.000000000000000000 ) ) ;
#3216 = ORIENTED_EDGE ( 'NONE', *, *, #604, .F. ) ;
#3217 = FACE_BOUND ( 'NONE', #928, .T. ) ;
#3219 = EDGE_LOOP ( 'NONE', ( #1293, #3608, #2774, #1764, #622 ) ) ;
#3218 = FACE_BOUND ( 'NONE', #1808, .T. ) ;
#3220 = VERTEX_POINT ( 'NONE', #3815 ) ;
#3221 = ADVANCED_FACE ( 'NONE', ( #2983 ), #3261, .F. ) ;
#3222 = DIRECTION ( 'NONE',  ( -0.000000000000000000, 0.000000000000000000, 1.000000000000000000 ) ) ;
#3223 = DIRECTION ( 'NONE',  ( -0.000000000000000000, -0.000000000000000000, -1.000000000000000000 ) ) ;
#3225 = ORIENTED_EDGE ( 'NONE', *, *, #326, .T. ) ;
#3224 = DIRECTION ( 'NONE',  ( 0.000000000000000000, 0.000000000000000000, 1.000000000000000000 ) ) ;
#3226 = DIRECTION ( 'NONE',  ( 1.000000000000000000, 0.000000000000000000, 0.000000000000000000 ) ) ;
#3227 = APPROVAL_DATE_TIME ( #2034, #2509 ) ;
#3228 = ORIENTED_EDGE ( 'NONE', *, *, #840, .F. ) ;
#3230 = DIRECTION ( 'NONE',  ( -0.000000000000000000, -0.000000000000000000, -1.000000000000000000 ) ) ;
#3229 = CARTESIAN_POINT ( 'NONE',  ( 34.74873734152989613, 19.19238815544243337, 0.000000000000000000 ) ) ;
#3231 = CARTESIAN_POINT ( 'NONE',  ( -19.19238815544207810, -34.74873734153007376, 0.000000000000000000 ) ) ;
#3232 = ADVANCED_FACE ( 'NONE', ( #1467 ), #3794, .F. ) ;
#3233 = VERTEX_POINT ( 'NONE', #2098 ) ;
#3234 = DIRECTION ( 'NONE',  ( 0.7071067811865469066, -0.7071067811865481278, 8.673617379884030542E-16 ) ) ;
#3236 = EDGE_LOOP ( 'NONE', ( #3535, #2997, #2546, #345 ) ) ;
#3235 = DIRECTION ( 'NONE',  ( 1.000000000000000000, 0.000000000000000000, 0.000000000000000000 ) ) ;
#3237 = EDGE_CURVE ( 'NONE', #2462, #246, #2465, .T. ) ;
#3238 = AXIS2_PLACEMENT_3D ( 'NONE', #1300, #3688, #1246 ) ;
#3239 = CARTESIAN_POINT ( 'NONE',  ( 12.12132034356010202, 41.81980515339508742, 0.000000000000000000 ) ) ;
#3240 = LINE ( 'NONE', #1468, #390 ) ;
#3241 = AXIS2_PLACEMENT_3D ( 'NONE', #3239, #1196, #1504 ) ;
#3243 = ORIENTED_EDGE ( 'NONE', *, *, #3244, .F. ) ;
#3242 = LINE ( 'NONE', #633, #3680 ) ;
#3244 = EDGE_CURVE ( 'NONE', #697, #610, #1137, .T. ) ;
#3245 = CIRCLE ( 'NONE', #1372, 6.000000000000003553 ) ;
#3246 = CARTESIAN_POINT ( 'NONE',  ( -26.16295090390257272, -37.47665940288790409, 9.000000000000003553 ) ) ;
#3247 = EDGE_LOOP ( 'NONE', ( #3508, #3329 ) ) ;
#3248 = ORIENTED_EDGE ( 'NONE', *, *, #2579, .F. ) ;
#3250 = CARTESIAN_POINT ( 'NONE',  ( 17.00000000000000355, 15.25000000000000000, 3.000000000000000000 ) ) ;
#3249 = LINE ( 'NONE', #2092, #1995 ) ;
#3251 = DIRECTION ( 'NONE',  ( 1.000000000000000000, 0.000000000000000000, 0.000000000000000000 ) ) ;
#3252 = VERTEX_POINT ( 'NONE', #2694 ) ;
#3253 = VECTOR ( 'NONE', #1749, 1000.000000000000000 ) ;
#3254 = AXIS2_PLACEMENT_3D ( 'NONE', #1410, #1095, #1429 ) ;
#3255 = EDGE_CURVE ( 'NONE', #2843, #2537, #2321, .T. ) ;
#3256 = CARTESIAN_POINT ( 'NONE',  ( -40.00178566874065922, 40.00178566873292851, 0.000000000000000000 ) ) ;
#3258 = ORIENTED_EDGE ( 'NONE', *, *, #406, .F. ) ;
#3257 = DIRECTION ( 'NONE',  ( -0.000000000000000000, -0.000000000000000000, -1.000000000000000000 ) ) ;
#3259 = CIRCLE ( 'NONE', #2069, 1.750000000000001554 ) ;
#3260 = ADVANCED_FACE ( 'NONE', ( #1757 ), #3552, .F. ) ;
#3261 = CYLINDRICAL_SURFACE ( 'NONE', #3429, 9.999999999999994671 ) ;
#3262 = CIRCLE ( 'NONE', #3127, 1.750000000000008438 ) ;
#3263 = FACE_OUTER_BOUND ( 'NONE', #80, .T. ) ;
#3265 = EDGE_LOOP ( 'NONE', ( #1826, #1526, #837, #1549 ) ) ;
#3264 = CARTESIAN_POINT ( 'NONE',  ( 7.778174593044107077, -7.778174593043938323, 0.000000000000000000 ) ) ;
#3266 = AXIS2_PLACEMENT_3D ( 'NONE', #3396, #1562, #135 ) ;
#3267 = EDGE_CURVE ( 'NONE', #3549, #1654, #3516, .T. ) ;
#3268 = DIRECTION ( 'NONE',  ( -0.7071067811869252706, 0.7071067811861698749, 0.000000000000000000 ) ) ;
#3269 = AXIS2_PLACEMENT_3D ( 'NONE', #173, #2510, #1040 ) ;
#3270 = EDGE_LOOP ( 'NONE', ( #774, #940, #2282, #3515 ) ) ;
#3271 = ORIENTED_EDGE ( 'NONE', *, *, #493, .T. ) ;
#3272 = EDGE_CURVE ( 'NONE', #2843, #3298, #3609, .T. ) ;
#3274 = LINE ( 'NONE', #1731, #2437 ) ;
#3273 = PLANE ( 'NONE',  #127 ) ;
#3275 = EDGE_LOOP ( 'NONE', ( #415, #2340 ) ) ;
#3276 = DIRECTION ( 'NONE',  ( 1.000000000000000000, 0.000000000000000000, 0.000000000000000000 ) ) ;
#3278 = ORIENTED_EDGE ( 'NONE', *, *, #1618, .T. ) ;
#3277 = DIRECTION ( 'NONE',  ( -0.000000000000000000, 0.000000000000000000, 1.000000000000000000 ) ) ;
#3279 = AXIS2_PLACEMENT_3D ( 'NONE', #488, #2554, #2256 ) ;
#3280 = AXIS2_PLACEMENT_3D ( 'NONE', #2933, #2640, #919 ) ;
#3281 = DIRECTION ( 'NONE',  ( -0.000000000000000000, 0.000000000000000000, 1.000000000000000000 ) ) ;
#3282 = FACE_OUTER_BOUND ( 'NONE', #2124, .T. ) ;
#3284 = VERTEX_POINT ( 'NONE', #2678 ) ;
#3283 = CARTESIAN_POINT ( 'NONE',  ( -45.25483399594766354, 60.81118318203566275, 9.000000000000001776 ) ) ;
#3285 = EDGE_CURVE ( 'NONE', #2573, #2087, #3787, .T. ) ;
#3286 = EDGE_CURVE ( 'NONE', #3745, #1589, #2054, .T. ) ;
#3287 = DIRECTION ( 'NONE',  ( -0.000000000000000000, -0.000000000000000000, -1.000000000000000000 ) ) ;
#3288 = ORIENTED_EDGE ( 'NONE', *, *, #2105, .F. ) ;
#3289 = ORIENTED_EDGE ( 'NONE', *, *, #967, .T. ) ;
#3290 = CIRCLE ( 'NONE', #977, 1.749999999999994671 ) ;
#3291 = FACE_OUTER_BOUND ( 'NONE', #340, .T. ) ;
#3292 = AXIS2_PLACEMENT_3D ( 'NONE', #195, #2294, #2595 ) ;
#3293 = ORIENTED_EDGE ( 'NONE', *, *, #1433, .T. ) ;
#3294 = EDGE_CURVE ( 'NONE', #2533, #1134, #3571, .T. ) ;
#3295 = EDGE_CURVE ( 'NONE', #2253, #1705, #629, .T. ) ;
#3296 = DIRECTION ( 'NONE',  ( -0.000000000000000000, 0.000000000000000000, 1.000000000000000000 ) ) ;
#3298 = VERTEX_POINT ( 'NONE', #1214 ) ;
#3297 = DIRECTION ( 'NONE',  ( -0.000000000000000000, 0.000000000000000000, 1.000000000000000000 ) ) ;
#3299 = CIRCLE ( 'NONE', #3043, 1.750000000000001554 ) ;
#3300 = DIRECTION ( 'NONE',  ( -0.000000000000000000, -0.000000000000000000, -1.000000000000000000 ) ) ;
#3301 = CARTESIAN_POINT ( 'NONE',  ( 40.00178566874065922, 40.00178566873292851, 0.000000000000000000 ) ) ;
#3303 = ORIENTED_EDGE ( 'NONE', *, *, #228, .F. ) ;
#3302 = FACE_BOUND ( 'NONE', #1965, .T. ) ;
#3305 = LINE ( 'NONE', #51, #2261 ) ;
#3304 = CIRCLE ( 'NONE', #3554, 1.749999999999939160 ) ;
#3306 = ADVANCED_FACE ( 'NONE', ( #561 ), #3589, .F. ) ;
#3307 = ORIENTED_EDGE ( 'NONE', *, *, #3081, .T. ) ;
#3308 = ORIENTED_EDGE ( 'NONE', *, *, #3780, .F. ) ;
#3309 = DIRECTION ( 'NONE',  ( 1.000000000000000000, 0.000000000000000000, 0.000000000000000000 ) ) ;
#3310 = ORIENTED_EDGE ( 'NONE', *, *, #2594, .F. ) ;
#3311 = ADVANCED_FACE ( 'NONE', ( #865 ), #2046, .T. ) ;
#3312 = CARTESIAN_POINT ( 'NONE',  ( -13.49999999999999645, -15.25000000000000000, 3.000000000000000000 ) ) ;
#3314 = ORIENTED_EDGE ( 'NONE', *, *, #3528, .T. ) ;
#3313 = LINE ( 'NONE', #1807, #1551 ) ;
#3315 = EDGE_CURVE ( 'NONE', #2610, #312, #3304, .T. ) ;
#3316 = DIRECTION ( 'NONE',  ( -0.000000000000000000, 0.000000000000000000, 1.000000000000000000 ) ) ;
#3317 = CIRCLE ( 'NONE', #1205, 7.500000000000000000 ) ;
#3318 = CIRCLE ( 'NONE', #3805, 1.750000000000001554 ) ;
#3319 = CARTESIAN_POINT ( 'NONE',  ( 12.12132034356010202, 41.81980515339508742, 3.000000000000000000 ) ) ;
#3321 = EDGE_LOOP ( 'NONE', ( #3346, #1286, #638, #587 ) ) ;
#3320 = LINE ( 'NONE', #2680, #1394 ) ;
#3322 = AXIS2_PLACEMENT_3D ( 'NONE', #3045, #2809, #3082 ) ;
#3323 = DIRECTION ( 'NONE',  ( -1.000000000000000000, 0.000000000000000000, 0.000000000000000000 ) ) ;
#3325 = ORIENTED_EDGE ( 'NONE', *, *, #2401, .T. ) ;
#3324 = DIRECTION ( 'NONE',  ( 1.000000000000000000, 0.000000000000000000, 0.000000000000000000 ) ) ;
#3326 = CIRCLE ( 'NONE', #1144, 1.750000000000008438 ) ;
#3327 = ORIENTED_EDGE ( 'NONE', *, *, #2060, .F. ) ;
#3328 = DIRECTION ( 'NONE',  ( 1.000000000000000000, 0.000000000000000000, 0.000000000000000000 ) ) ;
#3329 = ORIENTED_EDGE ( 'NONE', *, *, #2627, .F. ) ;
#3330 = EDGE_CURVE ( 'NONE', #2049, #424, #1864, .T. ) ;
#3331 = ADVANCED_FACE ( 'NONE', ( #972 ), #1523, .T. ) ;
#3332 = CARTESIAN_POINT ( 'NONE',  ( 24.41295090390276812, -37.47665940288759856, 3.000000000000000000 ) ) ;
#3334 = ORIENTED_EDGE ( 'NONE', *, *, #2403, .T. ) ;
#3333 = DIRECTION ( 'NONE',  ( -0.7071067811861698749, -0.7071067811869251596, 0.000000000000000000 ) ) ;
#3335 = EDGE_CURVE ( 'NONE', #878, #1152, #1955, .T. ) ;
#3336 = VECTOR ( 'NONE', #1281, 1000.000000000000000 ) ;
#3337 = CARTESIAN_POINT ( 'NONE',  ( -40.00178566874065922, -40.00178566873292851, -8.000000000000000000 ) ) ;
#3338 = PLANE ( 'NONE',  #721 ) ;
#3339 = AXIS2_PLACEMENT_3D ( 'NONE', #1614, #3375, #63 ) ;
#3341 = ORIENTED_EDGE ( 'NONE', *, *, #2951, .T. ) ;
#3340 = DIRECTION ( 'NONE',  ( -0.000000000000000000, -0.000000000000000000, -1.000000000000000000 ) ) ;
#3342 = EDGE_CURVE ( 'NONE', #2764, #3822, #1354, .T. ) ;
#3343 = CIRCLE ( 'NONE', #1722, 1.749999999999994671 ) ;
#3344 = LINE ( 'NONE', #672, #1492 ) ;
#3346 = ORIENTED_EDGE ( 'NONE', *, *, #1478, .F. ) ;
#3345 = CARTESIAN_POINT ( 'NONE',  ( -27.91295090390257272, 37.47665940288790409, 0.000000000000000000 ) ) ;
#3347 = ORIENTED_EDGE ( 'NONE', *, *, #158, .T. ) ;
#3348 = DIRECTION ( 'NONE',  ( 0.000000000000000000, 1.000000000000000000, -0.000000000000000000 ) ) ;
#3349 = CARTESIAN_POINT ( 'NONE',  ( 40.30508652763382571, 51.61879502661854247, 9.000000000000003553 ) ) ;
#3350 = VERTEX_POINT ( 'NONE', #2136 ) ;
#3351 = CIRCLE ( 'NONE', #3576, 10.00000000000000178 ) ;
#3352 = EDGE_CURVE ( 'NONE', #2734, #2769, #2799, .T. ) ;
#3353 = DIRECTION ( 'NONE',  ( -0.000000000000000000, -0.000000000000000000, -1.000000000000000000 ) ) ;
#3355 = ORIENTED_EDGE ( 'NONE', *, *, #2199, .T. ) ;
#3354 = LINE ( 'NONE', #699, #2676 ) ;
#3356 = DIRECTION ( 'NONE',  ( -1.000000000000000000, 0.000000000000000000, 0.000000000000000000 ) ) ;
#3357 = CARTESIAN_POINT ( 'NONE',  ( -60.81118318204337925, -45.25483399593993994, 9.000000000000001776 ) ) ;
#3359 = EDGE_LOOP ( 'NONE', ( #1363, #1243, #3334, #1655 ) ) ;
#3358 = CARTESIAN_POINT ( 'NONE',  ( -41.81980515339495241, 12.12132034356053722, 3.000000000000000000 ) ) ;
#3360 = AXIS2_PLACEMENT_3D ( 'NONE', #315, #2042, #862 ) ;
#3361 = DIRECTION ( 'NONE',  ( -0.000000000000000000, 0.000000000000000000, 1.000000000000000000 ) ) ;
#3362 = EDGE_CURVE ( 'NONE', #146, #3284, #879, .T. ) ;
#3364 = ORIENTED_EDGE ( 'NONE', *, *, #3829, .F. ) ;
#3363 = FACE_OUTER_BOUND ( 'NONE', #2702, .T. ) ;
#3365 = DIRECTION ( 'NONE',  ( -1.000000000000000000, 0.000000000000000000, 0.000000000000000000 ) ) ;
#3366 = DIRECTION ( 'NONE',  ( -0.000000000000000000, -0.000000000000000000, -1.000000000000000000 ) ) ;
#3367 = VECTOR ( 'NONE', #2166, 1000.000000000000000 ) ;
#3368 = EDGE_LOOP ( 'NONE', ( #2536, #291 ) ) ;
#3369 = AXIS2_PLACEMENT_3D ( 'NONE', #1767, #2721, #3030 ) ;
#3370 = CIRCLE ( 'NONE', #1502, 1.750000000000001554 ) ;
#3371 = DIRECTION ( 'NONE',  ( 0.000000000000000000, -0.000000000000000000, -1.000000000000000000 ) ) ;
#3373 = ORIENTED_EDGE ( 'NONE', *, *, #1240, .F. ) ;
#3372 = DIRECTION ( 'NONE',  ( 0.000000000000000000, 0.000000000000000000, 1.000000000000000000 ) ) ;
#3374 = EDGE_CURVE ( 'NONE', #2685, #1301, #1558, .T. ) ;
#3375 = DIRECTION ( 'NONE',  ( 0.000000000000000000, -0.000000000000000000, -1.000000000000000000 ) ) ;
#3376 = CIRCLE ( 'NONE', #1696, 7.500000000000000000 ) ;
#3378 = EDGE_LOOP ( 'NONE', ( #2739, #580, #3152, #1531, #2689 ) ) ;
#3377 = PLANE ( 'NONE',  #3266 ) ;
#3379 = ADVANCED_FACE ( 'NONE', ( #747 ), #1231, .F. ) ;
#3380 = DIRECTION ( 'NONE',  ( -1.000000000000000000, 0.000000000000000000, 0.000000000000000000 ) ) ;
#3381 = CIRCLE ( 'NONE', #1709, 1.750000000000001554 ) ;
#3383 = EDGE_LOOP ( 'NONE', ( #1343, #1140, #564, #2218 ) ) ;
#3382 = CARTESIAN_POINT ( 'NONE',  ( -47.50178566874065922, 40.00178566873292851, -8.000000000000000000 ) ) ;
#3384 = DIRECTION ( 'NONE',  ( 0.000000000000000000, -1.000000000000000000, 0.000000000000000000 ) ) ;
#3385 = DIRECTION ( 'NONE',  ( -0.000000000000000000, -0.000000000000000000, -1.000000000000000000 ) ) ;
#3386 = ORIENTED_EDGE ( 'NONE', *, *, #2036, .F. ) ;
#3387 = EDGE_CURVE ( 'NONE', #348, #2063, #191, .T. ) ;
#3388 = AXIS2_PLACEMENT_3D ( 'NONE', #1978, #1668, #1316 ) ;
#3389 = VECTOR ( 'NONE', #356, 1000.000000000000114 ) ;
#3390 = DIRECTION ( 'NONE',  ( 0.7071067811865475727, -0.7071067811865475727, 0.000000000000000000 ) ) ;
#3391 = DIRECTION ( 'NONE',  ( -0.7071067811865398012, -0.7071067811865552333, 0.000000000000000000 ) ) ;
#3393 = ORIENTED_EDGE ( 'NONE', *, *, #2829, .T. ) ;
#3392 = DIRECTION ( 'NONE',  ( 1.000000000000000000, 0.000000000000000000, 0.000000000000000000 ) ) ;
#3394 = AXIS2_PLACEMENT_3D ( 'NONE', #751, #2232, #3426 ) ;
#3395 = LINE ( 'NONE', #702, #2833 ) ;
#3397 = ORIENTED_EDGE ( 'NONE', *, *, #3780, .T. ) ;
#3396 = CARTESIAN_POINT ( 'NONE',  ( -40.00178566874065922, -40.00178566873292851, -8.000000000000000000 ) ) ;
#3398 = DIRECTION ( 'NONE',  ( 0.000000000000000000, -0.000000000000000000, -1.000000000000000000 ) ) ;
#3400 = ORIENTED_EDGE ( 'NONE', *, *, #2845, .F. ) ;
#3399 = LINE ( 'NONE', #1051, #2641 ) ;
#3401 = EDGE_CURVE ( 'NONE', #3054, #2068, #3720, .T. ) ;
#3402 = CARTESIAN_POINT ( 'NONE',  ( -12.12132034357656885, 41.81980515339552795, 0.000000000000000000 ) ) ;
#3403 = EDGE_LOOP ( 'NONE', ( #3170, #2681 ) ) ;
#3404 = CARTESIAN_POINT ( 'NONE',  ( -19.19238815544207810, 34.74873734153007376, 3.000000000000000000 ) ) ;
#3405 = CIRCLE ( 'NONE', #483, 1.750000000000001554 ) ;
#3406 = EDGE_CURVE ( 'NONE', #2693, #738, #1053, .T. ) ;
#3407 = DIRECTION ( 'NONE',  ( 1.000000000000000000, 0.000000000000000000, 0.000000000000000000 ) ) ;
#3409 = ORIENTED_EDGE ( 'NONE', *, *, #299, .T. ) ;
#3408 = FACE_BOUND ( 'NONE', #1175, .T. ) ;
#3410 = CARTESIAN_POINT ( 'NONE',  ( -31.81980515339495597, -12.12132034356049282, 0.000000000000000000 ) ) ;
#3412 = ORIENTED_EDGE ( 'NONE', *, *, #2940, .F. ) ;
#3411 = CARTESIAN_POINT ( 'NONE',  ( 0.000000000000000000, -10.00000000000000000, 3.000000000000000000 ) ) ;
#3413 = EDGE_LOOP ( 'NONE', ( #1312, #3124, #1942, #3584 ) ) ;
#3414 = DIRECTION ( 'NONE',  ( -0.7071067811865475727, -0.7071067811865475727, 0.000000000000000000 ) ) ;
#3416 = ORIENTED_EDGE ( 'NONE', *, *, #3362, .T. ) ;
#3415 = FACE_OUTER_BOUND ( 'NONE', #2990, .T. ) ;
#3417 = AXIS2_PLACEMENT_3D ( 'NONE', #1192, #335, #1519 ) ;
#3418 = EDGE_CURVE ( 'NONE', #3252, #966, #648, .T. ) ;
#3419 = CARTESIAN_POINT ( 'NONE',  ( 53.36879502661851404, 40.30508652763388966, 3.000000000000000000 ) ) ;
#3420 = EDGE_LOOP ( 'NONE', ( #220, #2463, #727, #2719 ) ) ;
#3421 = CIRCLE ( 'NONE', #3551, 7.500000000000000000 ) ;
#3423 = DIRECTION ( 'NONE',  ( 0.000000000000000000, 0.000000000000000000, 1.000000000000000000 ) ) ;
#3422 = PLANE ( 'NONE',  #2367 ) ;
#3425 = EDGE_LOOP ( 'NONE', ( #65, #817, #2754, #2959 ) ) ;
#3424 = CARTESIAN_POINT ( 'NONE',  ( 49.86879502661849983, -40.30508652763388966, 0.000000000000000000 ) ) ;
#3427 = ORIENTED_EDGE ( 'NONE', *, *, #3387, .F. ) ;
#3426 = DIRECTION ( 'NONE',  ( -1.000000000000000000, 0.000000000000000000, 0.000000000000000000 ) ) ;
#3428 = SECURITY_CLASSIFICATION ( '', '', #187 ) ;
#3429 = AXIS2_PLACEMENT_3D ( 'NONE', #2621, #596, #318 ) ;
#3430 = EDGE_CURVE ( 'NONE', #1705, #2253, #67, .T. ) ;
#3431 = CARTESIAN_POINT ( 'NONE',  ( -51.61879502661800956, -40.30508652763449362, 0.000000000000000000 ) ) ;
#3433 = ORIENTED_EDGE ( 'NONE', *, *, #1235, .T. ) ;
#3432 = FACE_BOUND ( 'NONE', #2891, .T. ) ;
#3434 = VERTEX_POINT ( 'NONE', #1542 ) ;
#3435 = EDGE_CURVE ( 'NONE', #2104, #2247, #1188, .T. ) ;
#3436 = FACE_BOUND ( 'NONE', #3007, .T. ) ;
#3437 = LINE ( 'NONE', #520, #3564 ) ;
#3439 = ORIENTED_EDGE ( 'NONE', *, *, #3545, .T. ) ;
#3438 = DIRECTION ( 'NONE',  ( -1.000000000000000000, 0.000000000000000000, 0.000000000000000000 ) ) ;
#3440 = APPROVAL ( #1997, 'UNSPECIFIED' ) ;
#3441 = CARTESIAN_POINT ( 'NONE',  ( 13.50000000000000178, -15.25000000000000000, 3.000000000000000000 ) ) ;
#3442 = PERSON_AND_ORGANIZATION ( #558, #1251 ) ;
#3443 = ORIENTED_EDGE ( 'NONE', *, *, #2449, .T. ) ;
#3444 = VECTOR ( 'NONE', #1566, 1000.000000000000000 ) ;
#3446 = LINE ( 'NONE', #1911, #328 ) ;
#3445 = DIRECTION ( 'NONE',  ( 0.000000000000000000, 0.000000000000000000, 1.000000000000000000 ) ) ;
#3448 = EDGE_LOOP ( 'NONE', ( #2790, #1715, #1799, #136 ) ) ;
#3447 = LINE ( 'NONE', #2816, #2585 ) ;
#3450 = ORIENTED_EDGE ( 'NONE', *, *, #3718, .T. ) ;
#3449 = CARTESIAN_POINT ( 'NONE',  ( -45.25483399594766354, 60.81118318203566275, 3.000000000000000000 ) ) ;
#3451 = AXIS2_PLACEMENT_3D ( 'NONE', #3673, #3371, #1859 ) ;
#3452 = LINE ( 'NONE', #223, #543 ) ;
#3454 = ORIENTED_EDGE ( 'NONE', *, *, #251, .T. ) ;
#3453 = LINE ( 'NONE', #1089, #1516 ) ;
#3455 = ORIENTED_EDGE ( 'NONE', *, *, #1907, .F. ) ;
#3456 = VECTOR ( 'NONE', #836, 1000.000000000000000 ) ;
#3457 = DIRECTION ( 'NONE',  ( 0.000000000000000000, 1.000000000000000000, -0.000000000000000000 ) ) ;
#3458 = DIRECTION ( 'NONE',  ( 0.7071067811865472397, -0.7071067811865479058, 0.000000000000000000 ) ) ;
#3460 = ORIENTED_EDGE ( 'NONE', *, *, #3387, .T. ) ;
#3459 = FACE_OUTER_BOUND ( 'NONE', #3119, .T. ) ;
#3461 = ADVANCED_FACE ( 'NONE', ( #2766 ), #3621, .T. ) ;
#3462 = AXIS2_PLACEMENT_3D ( 'NONE', #3098, #3684, #2466 ) ;
#3463 = DIRECTION ( 'NONE',  ( 1.000000000000000000, 1.774606271628325875E-14, 0.000000000000000000 ) ) ;
#3464 = EDGE_LOOP ( 'NONE', ( #2658, #3174 ) ) ;
#3466 = DIRECTION ( 'NONE',  ( 0.000000000000000000, -0.000000000000000000, -1.000000000000000000 ) ) ;
#3465 = DIRECTION ( 'NONE',  ( -0.000000000000000000, 0.000000000000000000, 1.000000000000000000 ) ) ;
#3468 = VERTEX_POINT ( 'NONE', #3038 ) ;
#3467 = PLANE ( 'NONE',  #838 ) ;
#3470 = ORIENTED_EDGE ( 'NONE', *, *, #1345, .F. ) ;
#3469 = FACE_OUTER_BOUND ( 'NONE', #2963, .T. ) ;
#3471 = EDGE_CURVE ( 'NONE', #990, #2556, #2747, .T. ) ;
#3472 = CYLINDRICAL_SURFACE ( 'NONE', #1341, 4.749999999999997335 ) ;
#3474 = VERTEX_POINT ( 'NONE', #768 ) ;
#3473 = DIRECTION ( 'NONE',  ( -0.000000000000000000, -0.000000000000000000, -1.000000000000000000 ) ) ;
#3475 = ORIENTED_EDGE ( 'NONE', *, *, #214, .F. ) ;
#3476 = FACE_BOUND ( 'NONE', #730, .T. ) ;
#3477 = CYLINDRICAL_SURFACE ( 'NONE', #2121, 1.750000000000001554 ) ;
#3479 = EDGE_LOOP ( 'NONE', ( #3592, #2355, #116, #3475 ) ) ;
#3478 = DIRECTION ( 'NONE',  ( 1.000000000000000000, 0.000000000000000000, 0.000000000000000000 ) ) ;
#3480 = ADVANCED_FACE ( 'NONE', ( #2228 ), #3422, .T. ) ;
#3481 = DIRECTION ( 'NONE',  ( 0.000000000000000000, 0.000000000000000000, 1.000000000000000000 ) ) ;
#3482 = COORDINATED_UNIVERSAL_TIME_OFFSET ( 5, 30, .AHEAD. ) ;
#3483 = ORIENTED_EDGE ( 'NONE', *, *, #1832, .F. ) ;
#3485 = DIRECTION ( 'NONE',  ( 0.000000000000000000, 0.000000000000000000, -1.000000000000000000 ) ) ;
#3484 = DIRECTION ( 'NONE',  ( 1.000000000000000000, 0.000000000000000000, 0.000000000000000000 ) ) ;
#3486 = DIRECTION ( 'NONE',  ( -0.000000000000000000, -0.000000000000000000, -1.000000000000000000 ) ) ;
#3487 = CIRCLE ( 'NONE', #1613, 7.500000000000000000 ) ;
#3489 = ORIENTED_EDGE ( 'NONE', *, *, #454, .F. ) ;
#3488 = FACE_OUTER_BOUND ( 'NONE', #3531, .T. ) ;
#3490 = AXIS2_PLACEMENT_3D ( 'NONE', #1666, #2291, #2311 ) ;
#3491 = DIRECTION ( 'NONE',  ( 0.000000000000000000, 0.000000000000000000, 1.000000000000000000 ) ) ;
#3493 = ORIENTED_EDGE ( 'NONE', *, *, #3528, .F. ) ;
#3492 = DIRECTION ( 'NONE',  ( 0.7071067811869252706, -0.7071067811861698749, 0.000000000000000000 ) ) ;
#3495 = DIRECTION ( 'NONE',  ( -0.000000000000000000, 0.000000000000000000, 1.000000000000000000 ) ) ;
#3494 = PRODUCT_DEFINITION_FORMATION_WITH_SPECIFIED_SOURCE ( 'ANY', '', #2241, .NOT_KNOWN. ) ;
#3496 = EDGE_CURVE ( 'NONE', #2797, #3819, #789, .T. ) ;
#3497 = FACE_BOUND ( 'NONE', #1124, .T. ) ;
#3498 = LINE ( 'NONE', #824, #2315 ) ;
#3500 = VERTEX_POINT ( 'NONE', #3761 ) ;
#3499 = CARTESIAN_POINT ( 'NONE',  ( -26.16295090390257272, 37.47665940288790409, 3.000000000000000000 ) ) ;
#3501 = ADVANCED_FACE ( 'NONE', ( #833 ), #2037, .F. ) ;
#3502 = DIRECTION ( 'NONE',  ( -0.7071067811865472397, 0.7071067811865479058, 0.000000000000000000 ) ) ;
#3503 = ORIENTED_EDGE ( 'NONE', *, *, #1022, .F. ) ;
#3505 = DIRECTION ( 'NONE',  ( -0.000000000000000000, 0.000000000000000000, 1.000000000000000000 ) ) ;
#3504 = CARTESIAN_POINT ( 'NONE',  ( 19.19238815544207810, -34.74873734153007376, 9.000000000000001776 ) ) ;
#3506 = AXIS2_PLACEMENT_3D ( 'NONE', #269, #3796, #1139 ) ;
#3507 = DIRECTION ( 'NONE',  ( 4.550094363217855288E-16, 1.000000000000000000, 0.000000000000000000 ) ) ;
#3508 = ORIENTED_EDGE ( 'NONE', *, *, #2401, .F. ) ;
#3509 = EDGE_CURVE ( 'NONE', #3350, #2946, #810, .T. ) ;
#3510 = AXIS2_PLACEMENT_3D ( 'NONE', #3145, #1690, #2189 ) ;
#3511 = LINE ( 'NONE', #1754, #3697 ) ;
#3512 = CIRCLE ( 'NONE', #1147, 1.749999999999999778 ) ;
#3514 = ORIENTED_EDGE ( 'NONE', *, *, #1897, .F. ) ;
#3513 = CARTESIAN_POINT ( 'NONE',  ( 60.81118318203520801, 45.25483399594830303, 3.000000000000000000 ) ) ;
#3515 = ORIENTED_EDGE ( 'NONE', *, *, #560, .T. ) ;
#3516 = LINE ( 'NONE', #2967, #1369 ) ;
#3517 = DIRECTION ( 'NONE',  ( 0.000000000000000000, 1.000000000000000000, -0.000000000000000000 ) ) ;
#3519 = EDGE_LOOP ( 'NONE', ( #3126, #2634, #3026, #2507 ) ) ;
#3518 = DIRECTION ( 'NONE',  ( -0.000000000000000000, 0.000000000000000000, 1.000000000000000000 ) ) ;
#3520 = CARTESIAN_POINT ( 'NONE',  ( -35.72665940288732855, -26.16295090390314471, 9.000000000000003553 ) ) ;
#3521 = EDGE_CURVE ( 'NONE', #1301, #1960, #256, .T. ) ;
#3522 = VERTEX_POINT ( 'NONE', #3229 ) ;
#3524 = DIRECTION ( 'NONE',  ( 0.000000000000000000, 0.000000000000000000, 1.000000000000000000 ) ) ;
#3523 = CARTESIAN_POINT ( 'NONE',  ( -31.81980515339495597, 12.12132034356053722, 0.000000000000000000 ) ) ;
#3525 = CARTESIAN_POINT ( 'NONE',  ( 31.81980515339461490, -1.447831160671513082E-14, 3.000000000000000000 ) ) ;
#3526 = ORIENTED_EDGE ( 'NONE', *, *, #3817, .T. ) ;
#3527 = VECTOR ( 'NONE', #2534, 999.9999999999998863 ) ;
#3528 = EDGE_CURVE ( 'NONE', #2855, #1291, #432, .T. ) ;
#3529 = DIRECTION ( 'NONE',  ( 1.000000000000000000, 0.000000000000000000, 0.000000000000000000 ) ) ;
#3531 = EDGE_LOOP ( 'NONE', ( #3248, #3086, #1454, #3814 ) ) ;
#3530 = CARTESIAN_POINT ( 'NONE',  ( 15.25000000000000355, -15.25000000000000000, 3.000000000000000000 ) ) ;
#3532 = DIRECTION ( 'NONE',  ( -1.000000000000000000, 0.000000000000000000, 0.000000000000000000 ) ) ;
#3533 = CYLINDRICAL_SURFACE ( 'NONE', #1573, 1.749999999999939160 ) ;
#3535 = ORIENTED_EDGE ( 'NONE', *, *, #2490, .T. ) ;
#3534 = DIRECTION ( 'NONE',  ( -0.000000000000000000, -0.000000000000000000, -1.000000000000000000 ) ) ;
#3536 = CARTESIAN_POINT ( 'NONE',  ( -38.55508652763334254, -51.61879502661891905, 0.000000000000000000 ) ) ;
#3537 = ORIENTED_EDGE ( 'NONE', *, *, #326, .F. ) ;
#3538 = EDGE_LOOP ( 'NONE', ( #2907, #3060, #1853, #537, #2994, #2670 ) ) ;
#3539 = EDGE_CURVE ( 'NONE', #3500, #3549, #1712, .T. ) ;
#3541 = CARTESIAN_POINT ( 'NONE',  ( -15.24999999999999645, -15.25000000000000000, 0.000000000000000000 ) ) ;
#3540 = CARTESIAN_POINT ( 'NONE',  ( -40.00178566874065922, 40.00178566873292851, -8.000000000000000000 ) ) ;
#3542 = DIRECTION ( 'NONE',  ( -0.7071067811865474617, 0.7071067811865476838, -0.000000000000000000 ) ) ;
#3543 = EDGE_LOOP ( 'NONE', ( #3537, #2625, #1954, #3400 ) ) ;
#3544 = EDGE_CURVE ( 'NONE', #1536, #1344, #1190, .T. ) ;
#3545 = EDGE_CURVE ( 'NONE', #104, #30, #2018, .T. ) ;
#3546 = APPLICATION_CONTEXT ( 'configuration controlled 3d designs of mechanical parts and assemblies' ) ;
#3547 = CYLINDRICAL_SURFACE ( 'NONE', #767, 1.750000000000001554 ) ;
#3549 = VERTEX_POINT ( 'NONE', #3504 ) ;
#3548 = CARTESIAN_POINT ( 'NONE',  ( 30.82737490361524024, -23.11375059334448068, 9.000000000000001776 ) ) ;
#3550 = EDGE_CURVE ( 'NONE', #3822, #3013, #3187, .T. ) ;
#3551 = AXIS2_PLACEMENT_3D ( 'NONE', #1006, #3372, #3016 ) ;
#3552 = CYLINDRICAL_SURFACE ( 'NONE', #125, 1.750000000000008438 ) ;
#3553 = CARTESIAN_POINT ( 'NONE',  ( 24.41295090390276812, 37.47665940288759856, 0.000000000000000000 ) ) ;
#3554 = AXIS2_PLACEMENT_3D ( 'NONE', #3642, #3057, #2456 ) ;
#3556 = VERTEX_POINT ( 'NONE', #1149 ) ;
#3555 = LINE ( 'NONE', #3264, #3389 ) ;
#3557 = ADVANCED_FACE ( 'NONE', ( #3165 ), #1437, .F. ) ;
#3558 = VECTOR ( 'NONE', #3385, 1000.000000000000000 ) ;
#3559 = PLANE ( 'NONE',  #898 ) ;
#3560 = ORIENTED_EDGE ( 'NONE', *, *, #1787, .T. ) ;
#3561 = EDGE_LOOP ( 'NONE', ( #1895, #2619, #3289, #3470 ) ) ;
#3563 = CARTESIAN_POINT ( 'NONE',  ( 34.74873734152950533, 19.19238815542602694, 9.000000000000001776 ) ) ;
#3562 = CARTESIAN_POINT ( 'NONE',  ( 7.778174593043991614, 7.778174593043985396, 0.000000000000000000 ) ) ;
#3564 = VECTOR ( 'NONE', #2896, 1000.000000000000000 ) ;
#3565 = ORIENTED_EDGE ( 'NONE', *, *, #1108, .F. ) ;
#3566 = CIRCLE ( 'NONE', #523, 7.500000000000000000 ) ;
#3567 = EDGE_CURVE ( 'NONE', #54, #2764, #2611, .T. ) ;
#3568 = CARTESIAN_POINT ( 'NONE',  ( -37.47665940288732855, -26.16295090390314471, 0.000000000000000000 ) ) ;
#3570 = VERTEX_POINT ( 'NONE', #3523 ) ;
#3569 = DIRECTION ( 'NONE',  ( -0.000000000000000000, 0.000000000000000000, 1.000000000000000000 ) ) ;
#3571 = LINE ( 'NONE', #1809, #2935 ) ;
#3572 = EDGE_CURVE ( 'NONE', #1790, #522, #215, .T. ) ;
#3573 = LINE ( 'NONE', #1232, #2505 ) ;
#3575 = ORIENTED_EDGE ( 'NONE', *, *, #840, .T. ) ;
#3574 = DIRECTION ( 'NONE',  ( -1.000000000000000000, 0.000000000000000000, -0.000000000000000000 ) ) ;
#3576 = AXIS2_PLACEMENT_3D ( 'NONE', #1796, #1181, #581 ) ;
#3577 = CIRCLE ( 'NONE', #221, 1.750000000000008438 ) ;
#3578 = CARTESIAN_POINT ( 'NONE',  ( -28.66295090390276101, 10.00000000000000000, 3.000000000000000000 ) ) ;
#3579 = EDGE_CURVE ( 'NONE', #3819, #2844, #2943, .T. ) ;
#3580 = ORIENTED_EDGE ( 'NONE', *, *, #3179, .T. ) ;
#3581 = ADVANCED_FACE ( 'NONE', ( #1169 ), #2351, .T. ) ;
#3582 = ORIENTED_EDGE ( 'NONE', *, *, #46, .F. ) ;
#3583 = LINE ( 'NONE', #418, #745 ) ;
#3584 = ORIENTED_EDGE ( 'NONE', *, *, #1421, .T. ) ;
#3585 = CARTESIAN_POINT ( 'NONE',  ( -40.30508652763334254, -51.61879502661891905, 0.000000000000000000 ) ) ;
#3587 = ORIENTED_EDGE ( 'NONE', *, *, #130, .T. ) ;
#3586 = DIRECTION ( 'NONE',  ( -1.000000000000000000, 0.000000000000000000, 0.000000000000000000 ) ) ;
#3588 = EDGE_CURVE ( 'NONE', #657, #2400, #2857, .T. ) ;
#3589 = CYLINDRICAL_SURFACE ( 'NONE', #2168, 1.750000000000001554 ) ;
#3590 = CARTESIAN_POINT ( 'NONE',  ( -41.81980515339495241, -12.12132034356053367, 3.000000000000000000 ) ) ;
#3592 = ORIENTED_EDGE ( 'NONE', *, *, #2992, .T. ) ;
#3591 = DIRECTION ( 'NONE',  ( 1.000000000000000000, 0.000000000000000000, 0.000000000000000000 ) ) ;
#3593 = ADVANCED_FACE ( 'NONE', ( #2567 ), #506, .F. ) ;
#3594 = DIRECTION ( 'NONE',  ( 0.000000000000000000, 0.000000000000000000, -1.000000000000000000 ) ) ;
#3595 = ORIENTED_EDGE ( 'NONE', *, *, #139, .F. ) ;
#3596 = EDGE_LOOP ( 'NONE', ( #1324, #3575 ) ) ;
#3597 = ADVANCED_FACE ( 'NONE', ( #3291 ), #2075, .F. ) ;
#3598 = CARTESIAN_POINT ( 'NONE',  ( 38.55508652763381860, 51.61879502661854247, 3.000000000000000000 ) ) ;
#3599 = ORIENTED_EDGE ( 'NONE', *, *, #2593, .F. ) ;
#3600 = DIRECTION ( 'NONE',  ( 1.000000000000000000, 0.000000000000000000, 0.000000000000000000 ) ) ;
#3601 = CIRCLE ( 'NONE', #3716, 1.750000000000001554 ) ;
#3603 = ORIENTED_EDGE ( 'NONE', *, *, #222, .F. ) ;
#3602 = DIRECTION ( 'NONE',  ( -0.000000000000000000, -0.000000000000000000, -1.000000000000000000 ) ) ;
#3604 = CARTESIAN_POINT ( 'NONE',  ( -40.30508652763334254, 51.61879502661891905, 9.000000000000003553 ) ) ;
#3605 = CARTESIAN_POINT ( 'NONE',  ( -34.74873734152950533, 19.19238815542602694, 3.000000000000000000 ) ) ;
#3606 = ADVANCED_FACE ( 'NONE', ( #621 ), #37, .F. ) ;
#3608 = ORIENTED_EDGE ( 'NONE', *, *, #2003, .F. ) ;
#3607 = DIRECTION ( 'NONE',  ( 1.000000000000000000, 0.000000000000000000, 0.000000000000000000 ) ) ;
#3610 = DIRECTION ( 'NONE',  ( 0.000000000000000000, 0.000000000000000000, 1.000000000000000000 ) ) ;
#3609 = CIRCLE ( 'NONE', #3241, 9.999999999999994671 ) ;
#3612 = EDGE_LOOP ( 'NONE', ( #1943, #1164, #3307, #859 ) ) ;
#3611 = CARTESIAN_POINT ( 'NONE',  ( 51.61879502661850694, -40.30508652763388966, 9.000000000000003553 ) ) ;
#3613 = ORIENTED_EDGE ( 'NONE', *, *, #786, .F. ) ;
#3614 = CC_DESIGN_APPROVAL ( #2509, ( #3428 ) ) ;
#3615 = DIRECTION ( 'NONE',  ( -1.000000000000000000, 0.000000000000000000, 0.000000000000000000 ) ) ;
#3616 = VERTEX_POINT ( 'NONE', #347 ) ;
#3617 = EDGE_CURVE ( 'NONE', #2277, #2918, #1553, .T. ) ;
#3618 = LINE ( 'NONE', #1592, #1770 ) ;
#3620 = ORIENTED_EDGE ( 'NONE', *, *, #1066, .F. ) ;
#3619 = CARTESIAN_POINT ( 'NONE',  ( 60.81118318203520801, -45.25483399594831013, 0.000000000000000000 ) ) ;
#3621 = CYLINDRICAL_SURFACE ( 'NONE', #3722, 7.500000000000000000 ) ;
#3622 = LINE ( 'NONE', #1596, #2464 ) ;
#3624 = ORIENTED_EDGE ( 'NONE', *, *, #663, .F. ) ;
#3623 = CARTESIAN_POINT ( 'NONE',  ( -40.00178566874065922, -40.00178566873292851, -8.000000000000000000 ) ) ;
#3625 = CARTESIAN_POINT ( 'NONE',  ( 34.74873734152950533, 19.19238815542602694, 9.000000000000001776 ) ) ;
#3627 = ORIENTED_EDGE ( 'NONE', *, *, #1446, .F. ) ;
#3626 = CARTESIAN_POINT ( 'NONE',  ( -40.00178566874065922, -40.00178566873292851, 0.000000000000000000 ) ) ;
#3628 = AXIS2_PLACEMENT_3D ( 'NONE', #3499, #1724, #2849 ) ;
#3629 = ORIENTED_EDGE ( 'NONE', *, *, #1681, .T. ) ;
#3630 = CIRCLE ( 'NONE', #1461, 6.000000000000003553 ) ;
#3631 = LINE ( 'NONE', #1552, #38 ) ;
#3632 = VECTOR ( 'NONE', #3391, 1000.000000000000000 ) ;
#3633 = DIRECTION ( 'NONE',  ( -1.000000000000000000, 0.000000000000000000, 0.000000000000000000 ) ) ;
#3634 = UNCERTAINTY_MEASURE_WITH_UNIT (LENGTH_MEASURE( 1.000000000000000082E-05 ), #1874, 'distance_accuracy_value', 'NONE');
#3635 = EDGE_LOOP ( 'NONE', ( #849, #892, #3696, #2675 ) ) ;
#3636 = AXIS2_PLACEMENT_3D ( 'NONE', #1459, #3025, #2613 ) ;
#3638 = ORIENTED_EDGE ( 'NONE', *, *, #3315, .T. ) ;
#3637 = DIRECTION ( 'NONE',  ( 0.000000000000000000, -0.000000000000000000, -1.000000000000000000 ) ) ;
#3640 = VERTEX_POINT ( 'NONE', #2705 ) ;
#3639 = LINE ( 'NONE', #1025, #482 ) ;
#3641 = EDGE_CURVE ( 'NONE', #2977, #2779, #883, .T. ) ;
#3642 = CARTESIAN_POINT ( 'NONE',  ( -51.61879502661800956, -40.30508652763449362, 9.000000000000003553 ) ) ;
#3643 = DIRECTION ( 'NONE',  ( 1.000000000000000000, 0.000000000000000000, 0.000000000000000000 ) ) ;
#3645 = ORIENTED_EDGE ( 'NONE', *, *, #3641, .F. ) ;
#3644 = FACE_OUTER_BOUND ( 'NONE', #61, .T. ) ;
#3646 = CARTESIAN_POINT ( 'NONE',  ( -42.05508652763334254, 51.61879502661891905, 0.000000000000000000 ) ) ;
#3648 = VERTEX_POINT ( 'NONE', #929 ) ;
#3647 = CARTESIAN_POINT ( 'NONE',  ( 34.74873734152950533, -19.19238815542602694, 3.000000000000000000 ) ) ;
#3649 = EDGE_LOOP ( 'NONE', ( #270, #1883, #1918, #310 ) ) ;
#3650 = CARTESIAN_POINT ( 'NONE',  ( -47.50178566874065922, 40.00178566873292851, -8.000000000000000000 ) ) ;
#3651 = EDGE_CURVE ( 'NONE', #2855, #2255, #3249, .T. ) ;
#3652 = VERTEX_POINT ( 'NONE', #1801 ) ;
#3653 = CARTESIAN_POINT ( 'NONE',  ( 41.81980515339541427, 12.12132034357700583, 3.000000000000000000 ) ) ;
#3655 = VERTEX_POINT ( 'NONE', #2737 ) ;
#3654 = FACE_OUTER_BOUND ( 'NONE', #3109, .T. ) ;
#3656 = CIRCLE ( 'NONE', #253, 4.749999999999997335 ) ;
#3657 = VECTOR ( 'NONE', #3663, 1000.000000000000000 ) ;
#3658 = DIRECTION ( 'NONE',  ( -0.7071067811865398012, -0.7071067811865552333, 0.000000000000000000 ) ) ;
#3659 = DIRECTION ( 'NONE',  ( 0.000000000000000000, 0.000000000000000000, 1.000000000000000000 ) ) ;
#3661 = ORIENTED_EDGE ( 'NONE', *, *, #1302, .F. ) ;
#3660 = FACE_OUTER_BOUND ( 'NONE', #3065, .T. ) ;
#3662 = EDGE_CURVE ( 'NONE', #3570, #1352, #2172, .T. ) ;
#3663 = DIRECTION ( 'NONE',  ( -0.7071067811865474617, 0.7071067811865476838, -0.000000000000000000 ) ) ;
#3665 = EDGE_LOOP ( 'NONE', ( #2115, #2151, #3580, #2259 ) ) ;
#3664 = CARTESIAN_POINT ( 'NONE',  ( -40.00178566874065922, 40.00178566873292851, -8.000000000000000000 ) ) ;
#3666 = EDGE_CURVE ( 'NONE', #3474, #1172, #1784, .T. ) ;
#3667 = AXIS2_PLACEMENT_3D ( 'NONE', #2116, #3316, #2547 ) ;
#3668 = DIRECTION ( 'NONE',  ( -0.000000000000000000, -0.000000000000000000, -1.000000000000000000 ) ) ;
#3669 = LINE ( 'NONE', #3067, #3558 ) ;
#3670 = LOCAL_TIME ( 18, 37, 2.000000000000000000, #1974 ) ;
#3671 = VERTEX_POINT ( 'NONE', #3011 ) ;
#3672 = DIRECTION ( 'NONE',  ( 1.000000000000000000, 0.000000000000000000, 0.000000000000000000 ) ) ;
#3673 = CARTESIAN_POINT ( 'NONE',  ( -41.81980515339495241, -12.12132034356053367, 0.000000000000000000 ) ) ;
#3675 = VERTEX_POINT ( 'NONE', #2127 ) ;
#3674 = CARTESIAN_POINT ( 'NONE',  ( -40.00178566874065922, 40.00178566873292851, 0.000000000000000000 ) ) ;
#3676 = DIRECTION ( 'NONE',  ( -0.000000000000000000, 0.000000000000000000, -1.000000000000000000 ) ) ;
#3678 = ORIENTED_EDGE ( 'NONE', *, *, #3190, .F. ) ;
#3677 = FACE_OUTER_BOUND ( 'NONE', #1688, .T. ) ;
#3679 = FACE_OUTER_BOUND ( 'NONE', #746, .T. ) ;
#3680 = VECTOR ( 'NONE', #2697, 999.9999999999998863 ) ;
#3682 = ORIENTED_EDGE ( 'NONE', *, *, #2978, .F. ) ;
#3681 = CARTESIAN_POINT ( 'NONE',  ( 7.778174593043991614, 7.778174593043985396, 3.000000000000000000 ) ) ;
#3683 = EDGE_CURVE ( 'NONE', #1933, #2918, #2307, .T. ) ;
#3684 = DIRECTION ( 'NONE',  ( -0.000000000000000000, 0.000000000000000000, 1.000000000000000000 ) ) ;
#3685 = EDGE_LOOP ( 'NONE', ( #3228, #1849, #2649, #827 ) ) ;
#3686 = FACE_OUTER_BOUND ( 'NONE', #2860, .T. ) ;
#3687 = DIRECTION ( 'NONE',  ( -1.000000000000000000, 0.000000000000000000, 0.000000000000000000 ) ) ;
#3689 = ORIENTED_EDGE ( 'NONE', *, *, #1606, .F. ) ;
#3688 = DIRECTION ( 'NONE',  ( 0.7071067811865549002, 0.7071067811865401342, -0.000000000000000000 ) ) ;
#3690 = DIRECTION ( 'NONE',  ( 0.7071067811865469066, -0.7071067811865482389, 0.000000000000000000 ) ) ;
#3692 = ORIENTED_EDGE ( 'NONE', *, *, #2811, .T. ) ;
#3691 = DIRECTION ( 'NONE',  ( -1.000000000000000000, 0.000000000000000000, 0.000000000000000000 ) ) ;
#3693 = EDGE_CURVE ( 'NONE', #1567, #2255, #640, .T. ) ;
#3694 = LINE ( 'NONE', #2559, #1299 ) ;
#3696 = ORIENTED_EDGE ( 'NONE', *, *, #2654, .F. ) ;
#3695 = CARTESIAN_POINT ( 'NONE',  ( -12.99999999999999645, 1.734723475976807094E-15, 0.000000000000000000 ) ) ;
#3697 = VECTOR ( 'NONE', #2691, 1000.000000000000000 ) ;
#3698 = LINE ( 'NONE', #382, #2524 ) ;
#3699 = ORIENTED_EDGE ( 'NONE', *, *, #2606, .F. ) ;
#3700 = EDGE_CURVE ( 'NONE', #2385, #15, #1056, .T. ) ;
#3701 = DIRECTION ( 'NONE',  ( -1.000000000000000000, 0.000000000000000000, 0.000000000000000000 ) ) ;
#3703 = ORIENTED_EDGE ( 'NONE', *, *, #385, .T. ) ;
#3702 = DIRECTION ( 'NONE',  ( -0.000000000000000000, -0.000000000000000000, -1.000000000000000000 ) ) ;
#3705 = ORIENTED_EDGE ( 'NONE', *, *, #3091, .T. ) ;
#3704 = FACE_OUTER_BOUND ( 'NONE', #1402, .T. ) ;
#3706 = EDGE_CURVE ( 'NONE', #2363, #463, #2804, .T. ) ;
#3707 = FACE_BOUND ( 'NONE', #306, .T. ) ;
#3709 = ORIENTED_EDGE ( 'NONE', *, *, #2752, .T. ) ;
#3708 = LINE ( 'NONE', #2298, #3841 ) ;
#3710 = CC_DESIGN_PERSON_AND_ORGANIZATION_ASSIGNMENT ( #1100, #3209, ( #3139 ) ) ;
#3711 = ORIENTED_EDGE ( 'NONE', *, *, #1219, .F. ) ;
#3712 = FACE_BOUND ( 'NONE', #592, .T. ) ;
#3713 = CARTESIAN_POINT ( 'NONE',  ( 40.00178566874065922, -40.00178566873292851, -8.000000000000000000 ) ) ;
#3715 = ORIENTED_EDGE ( 'NONE', *, *, #2735, .F. ) ;
#3714 = DIRECTION ( 'NONE',  ( 0.000000000000000000, -1.000000000000000000, 0.000000000000000000 ) ) ;
#3716 = AXIS2_PLACEMENT_3D ( 'NONE', #283, #3297, #609 ) ;
#3717 = DIRECTION ( 'NONE',  ( 0.000000000000000000, -0.000000000000000000, -1.000000000000000000 ) ) ;
#3718 = EDGE_CURVE ( 'NONE', #3054, #927, #1866, .T. ) ;
#3719 = EDGE_LOOP ( 'NONE', ( #538, #1831, #20, #2639 ) ) ;
#3721 = PLANE ( 'NONE',  #526 ) ;
#3720 = LINE ( 'NONE', #1930, #690 ) ;
#3722 = AXIS2_PLACEMENT_3D ( 'NONE', #1559, #3445, #1288 ) ;
#3724 = EDGE_LOOP ( 'NONE', ( #584, #1222, #2584, #419 ) ) ;
#3723 = FACE_OUTER_BOUND ( 'NONE', #3724, .T. ) ;
#3726 = ORIENTED_EDGE ( 'NONE', *, *, #582, .T. ) ;
#3725 = DIRECTION ( 'NONE',  ( -1.000000000000000000, 0.000000000000000000, 0.000000000000000000 ) ) ;
#3727 = CIRCLE ( 'NONE', #1128, 1.750000000000008438 ) ;
#3728 = ADVANCED_FACE ( 'NONE', ( #3842 ), #3273, .F. ) ;
#3729 = CARTESIAN_POINT ( 'NONE',  ( -12.99999999999999645, 1.734723475976807094E-15, 3.000000000000000000 ) ) ;
#3731 = ORIENTED_EDGE ( 'NONE', *, *, #1934, .F. ) ;
#3730 = FACE_BOUND ( 'NONE', #2684, .T. ) ;
#3732 = VERTEX_POINT ( 'NONE', #1476 ) ;
#3733 = FACE_BOUND ( 'NONE', #3047, .T. ) ;
#3734 = FACE_OUTER_BOUND ( 'NONE', #684, .T. ) ;
#3736 = ORIENTED_EDGE ( 'NONE', *, *, #3207, .F. ) ;
#3735 = CARTESIAN_POINT ( 'NONE',  ( 40.00178566874065922, -40.00178566873292851, -8.000000000000000000 ) ) ;
#3737 = AXIS2_PLACEMENT_3D ( 'NONE', #2604, #3518, #2624 ) ;
#3738 = DIRECTION ( 'NONE',  ( 0.000000000000000000, 0.000000000000000000, 1.000000000000000000 ) ) ;
#3739 = CIRCLE ( 'NONE', #1879, 1.750000000000001554 ) ;
#3740 = EDGE_LOOP ( 'NONE', ( #476, #1539, #890, #3503 ) ) ;
#3741 = EDGE_CURVE ( 'NONE', #3160, #3434, #2368, .T. ) ;
#3743 = DIRECTION ( 'NONE',  ( -1.000000000000000000, 0.000000000000000000, 0.000000000000000000 ) ) ;
#3742 = CARTESIAN_POINT ( 'NONE',  ( 34.74873734152950533, -19.19238815542602694, 9.000000000000001776 ) ) ;
#3745 = VERTEX_POINT ( 'NONE', #311 ) ;
#3744 = FACE_OUTER_BOUND ( 'NONE', #2755, .T. ) ;
#3747 = EDGE_LOOP ( 'NONE', ( #2381, #3767, #3216, #1746 ) ) ;
#3746 = DIRECTION ( 'NONE',  ( -0.000000000000000000, -0.000000000000000000, -1.000000000000000000 ) ) ;
#3748 = CARTESIAN_POINT ( 'NONE',  ( 35.25178566874065922, -40.00178566873292851, -8.000000000000000000 ) ) ;
#3750 = VERTEX_POINT ( 'NONE', #1495 ) ;
#3749 = CARTESIAN_POINT ( 'NONE',  ( -34.74873734152950533, -19.19238815542603049, 3.000000000000000000 ) ) ;
#3751 = CARTESIAN_POINT ( 'NONE',  ( 0.000000000000000000, 0.000000000000000000, 0.000000000000000000 ) ) ;
#3752 = EDGE_CURVE ( 'NONE', #3468, #1030, #2688, .T. ) ;
#3753 = CARTESIAN_POINT ( 'NONE',  ( -40.00178566874065922, -40.00178566873292851, 0.000000000000000000 ) ) ;
#3754 = FACE_OUTER_BOUND ( 'NONE', #156, .T. ) ;
#3756 = VERTEX_POINT ( 'NONE', #1208 ) ;
#3755 = DIRECTION ( 'NONE',  ( 0.000000000000000000, 1.000000000000000000, -0.000000000000000000 ) ) ;
#3757 = DIRECTION ( 'NONE',  ( -0.000000000000000000, -0.000000000000000000, -1.000000000000000000 ) ) ;
#3758 = CALENDAR_DATE ( 2026, 2, 5 ) ;
#3759 = VERTEX_POINT ( 'NONE', #2387 ) ;
#3760 = PRODUCT_RELATED_PRODUCT_CATEGORY ( 'detail', '', ( #2241 ) ) ;
#3762 = DIRECTION ( 'NONE',  ( -0.7071067811861698749, 0.7071067811869252706, 0.000000000000000000 ) ) ;
#3761 = CARTESIAN_POINT ( 'NONE',  ( 23.11375059334859827, -30.82737490361935784, 9.000000000000001776 ) ) ;
#3763 = EDGE_CURVE ( 'NONE', #1649, #990, #3583, .T. ) ;
#3765 = ORIENTED_EDGE ( 'NONE', *, *, #1360, .T. ) ;
#3764 = DIRECTION ( 'NONE',  ( 0.000000000000000000, -0.000000000000000000, -1.000000000000000000 ) ) ;
#3767 = ORIENTED_EDGE ( 'NONE', *, *, #3550, .F. ) ;
#3766 = DIRECTION ( 'NONE',  ( -0.000000000000000000, -0.000000000000000000, -1.000000000000000000 ) ) ;
#3768 = EDGE_CURVE ( 'NONE', #471, #1444, #2831, .T. ) ;
#3769 = DIRECTION ( 'NONE',  ( -0.000000000000000000, 0.000000000000000000, 1.000000000000000000 ) ) ;
#3771 = ORIENTED_EDGE ( 'NONE', *, *, #3804, .T. ) ;
#3770 = LINE ( 'NONE', #490, #2009 ) ;
#3772 = ORIENTED_EDGE ( 'NONE', *, *, #854, .F. ) ;
#3773 = VECTOR ( 'NONE', #219, 1000.000000000000000 ) ;
#3774 = CARTESIAN_POINT ( 'NONE',  ( 26.16295090390276101, 37.47665940288759856, 0.000000000000000000 ) ) ;
#3775 = LINE ( 'NONE', #2303, #1314 ) ;
#3777 = ORIENTED_EDGE ( 'NONE', *, *, #1098, .F. ) ;
#3776 = CARTESIAN_POINT ( 'NONE',  ( 12.12132034356017130, 31.81980515339509452, 3.000000000000000000 ) ) ;
#3778 = AXIS2_PLACEMENT_3D ( 'NONE', #2025, #3492, #778 ) ;
#3779 = CYLINDRICAL_SURFACE ( 'NONE', #1176, 4.749999999999997335 ) ;
#3780 = EDGE_CURVE ( 'NONE', #1545, #1484, #2146, .T. ) ;
#3781 = DATE_TIME_ROLE ( 'classification_date' ) ;
#3782 = ORIENTED_EDGE ( 'NONE', *, *, #2390, .T. ) ;
#3784 = FACE_OUTER_BOUND ( 'NONE', #723, .T. ) ;
#3783 = CARTESIAN_POINT ( 'NONE',  ( 40.00178566874065922, -40.00178566873292851, 0.000000000000000000 ) ) ;
#3785 = CARTESIAN_POINT ( 'NONE',  ( -15.24999999999999645, -15.25000000000000000, 3.000000000000000000 ) ) ;
#3786 = EDGE_LOOP ( 'NONE', ( #1507, #2423, #3149, #2443, #111, #1605 ) ) ;
#3787 = CIRCLE ( 'NONE', #2738, 1.749999999999999778 ) ;
#3788 = CYLINDRICAL_SURFACE ( 'NONE', #2134, 1.750000000000001554 ) ;
#3790 = VERTEX_POINT ( 'NONE', #1587 ) ;
#3789 = CYLINDRICAL_SURFACE ( 'NONE', #333, 1.749999999999998002 ) ;
#3791 = ORIENTED_EDGE ( 'NONE', *, *, #381, .F. ) ;
#3792 = EDGE_CURVE ( 'NONE', #2436, #3655, #3245, .T. ) ;
#3793 = EDGE_CURVE ( 'NONE', #784, #1475, #1909, .T. ) ;
#3794 = CYLINDRICAL_SURFACE ( 'NONE', #3280, 6.000000000000007994 ) ;
#3795 = FACE_OUTER_BOUND ( 'NONE', #2447, .T. ) ;
#3797 = ORIENTED_EDGE ( 'NONE', *, *, #1371, .T. ) ;
#3796 = DIRECTION ( 'NONE',  ( -0.000000000000000000, 0.000000000000000000, 1.000000000000000000 ) ) ;
#3798 = EDGE_CURVE ( 'NONE', #2063, #2462, #3669, .T. ) ;
#3799 = DIRECTION ( 'NONE',  ( 1.000000000000000000, 0.000000000000000000, 0.000000000000000000 ) ) ;
#3800 = CALENDAR_DATE ( 2026, 2, 5 ) ;
#3801 = AXIS2_PLACEMENT_3D ( 'NONE', #172, #437, #2251 ) ;
#3802 = AXIS2_PLACEMENT_3D ( 'NONE', #761, #3136, #1968 ) ;
#3803 = ORIENTED_EDGE ( 'NONE', *, *, #2978, .T. ) ;
#3804 = EDGE_CURVE ( 'NONE', #2306, #510, #2504, .T. ) ;
#3805 = AXIS2_PLACEMENT_3D ( 'NONE', #978, #3361, #654 ) ;
#3807 = DIRECTION ( 'NONE',  ( 1.000000000000000000, 0.000000000000000000, 0.000000000000000000 ) ) ;
#3806 = CARTESIAN_POINT ( 'NONE',  ( 15.25000000000000355, -15.25000000000000000, 3.000000000000000000 ) ) ;
#3808 = DIRECTION ( 'NONE',  ( -0.7071067811865556774, 0.7071067811865394681, 0.000000000000000000 ) ) ;
#3809 = ORIENTED_EDGE ( 'NONE', *, *, #968, .T. ) ;
#3810 = AXIS2_PLACEMENT_3D ( 'NONE', #3590, #920, #2099 ) ;
#3811 = DIRECTION ( 'NONE',  ( -0.000000000000000000, -0.000000000000000000, -1.000000000000000000 ) ) ;
#3813 = ORIENTED_EDGE ( 'NONE', *, *, #725, .T. ) ;
#3812 = FACE_OUTER_BOUND ( 'NONE', #3838, .T. ) ;
#3814 = ORIENTED_EDGE ( 'NONE', *, *, #548, .F. ) ;
#3815 = CARTESIAN_POINT ( 'NONE',  ( -12.12132034357652977, 31.81980515339552440, 3.000000000000000000 ) ) ;
#3816 = DIRECTION ( 'NONE',  ( -1.000000000000000000, 0.000000000000000000, 0.000000000000000000 ) ) ;
#3817 = EDGE_CURVE ( 'NONE', #766, #3133, #2757, .T. ) ;
#3819 = VERTEX_POINT ( 'NONE', #2545 ) ;
#3818 = CARTESIAN_POINT ( 'NONE',  ( -19.19238815544207810, 34.74873734153007376, 9.000000000000001776 ) ) ;
#3820 = CIRCLE ( 'NONE', #712, 1.750000000000001554 ) ;
#3821 = CARTESIAN_POINT ( 'NONE',  ( 23.66295090390276812, -10.00000000000000355, 3.000000000000000000 ) ) ;
#3822 = VERTEX_POINT ( 'NONE', #1927 ) ;
#3824 = CARTESIAN_POINT ( 'NONE',  ( -34.74873734152950533, 19.19238815542602694, 3.000000000000000000 ) ) ;
#3823 = DIRECTION ( 'NONE',  ( -1.000000000000000000, 0.000000000000000000, 0.000000000000000000 ) ) ;
#3825 = VECTOR ( 'NONE', #3690, 999.9999999999998863 ) ;
#3826 = EDGE_CURVE ( 'NONE', #697, #3474, #197, .T. ) ;
#3827 = DIRECTION ( 'NONE',  ( 0.7071067811865473507, 0.7071067811865477948, 0.000000000000000000 ) ) ;
#3828 = ORIENTED_EDGE ( 'NONE', *, *, #1256, .F. ) ;
#3829 = EDGE_CURVE ( 'NONE', #2840, #2533, #3727, .T. ) ;
#3830 = CYLINDRICAL_SURFACE ( 'NONE', #165, 1.750000000000001554 ) ;
#3832 = ORIENTED_EDGE ( 'NONE', *, *, #2540, .T. ) ;
#3831 = FACE_OUTER_BOUND ( 'NONE', #2180, .T. ) ;
#3833 = CARTESIAN_POINT ( 'NONE',  ( 37.47665940288764830, 26.16295090390296352, 3.000000000000000000 ) ) ;
#3834 = CARTESIAN_POINT ( 'NONE',  ( 24.41295090390276812, -37.47665940288759856, 9.000000000000003553 ) ) ;
#3836 = ORIENTED_EDGE ( 'NONE', *, *, #1256, .T. ) ;
#3835 = CARTESIAN_POINT ( 'NONE',  ( 23.66295090390276812, -10.00000000000000355, 0.000000000000000000 ) ) ;
#3837 = CARTESIAN_POINT ( 'NONE',  ( -53.36879502661794561, 40.30508652763449362, 9.000000000000003553 ) ) ;
#3838 = EDGE_LOOP ( 'NONE', ( #3327, #2471 ) ) ;
#3839 = ORIENTED_EDGE ( 'NONE', *, *, #2960, .T. ) ;
#3840 = EDGE_CURVE ( 'NONE', #3790, #242, #965, .T. ) ;
#3841 = VECTOR ( 'NONE', #516, 1000.000000000000000 ) ;
#3843 = CARTESIAN_POINT ( 'NONE',  ( -37.47665940288732855, -26.16295090390314471, 9.000000000000003553 ) ) ;
#3842 = FACE_OUTER_BOUND ( 'NONE', #3008, .T. ) ;
ENDSEC;
END-ISO-10303-21;
