ISO-10303-21;
HEADER;
FILE_DESCRIPTION (( 'STEP AP203' ),
    '1' );
FILE_NAME ('Top_Plate.STEP',
    '2026-05-02T13:09:56',
    ( '' ),
    ( '' ),
    'SwSTEP 2.0',
    'SolidWorks 2025',
    '' );
FILE_SCHEMA (( 'CONFIG_CONTROL_DESIGN' ));
ENDSEC;

DATA;
#1 = AXIS2_PLACEMENT_3D ( 'NONE', #662, #1157, #1730 ) ;
#2 = LINE ( 'NONE', #1295, #1707 ) ;
#3 = CARTESIAN_POINT ( 'NONE',  ( 49.86879502661881958, -40.30508652763011668, 3.000000000000000000 ) ) ;
#4 = ORIENTED_EDGE ( 'NONE', *, *, #2677, .F. ) ;
#5 = ORIENTED_EDGE ( 'NONE', *, *, #296, .F. ) ;
#6 = ORIENTED_EDGE ( 'NONE', *, *, #763, .F. ) ;
#7 = EDGE_CURVE ( 'NONE', #121, #1000, #1178, .T. ) ;
#8 = CC_DESIGN_PERSON_AND_ORGANIZATION_ASSIGNMENT ( #1209, #128, ( #1760 ) ) ;
#9 = VERTEX_POINT ( 'NONE', #2255 ) ;
#10 = DIRECTION ( 'NONE',  ( 1.000000000000000000, 0.000000000000000000, 0.000000000000000000 ) ) ;
#11 = DIRECTION ( 'NONE',  ( 0.7071067811865456854, 0.7071067811865493491, 0.000000000000000000 ) ) ;
#12 = ORIENTED_EDGE ( 'NONE', *, *, #198, .F. ) ;
#13 = DIRECTION ( 'NONE',  ( 1.000000000000000000, 0.000000000000000000, 0.000000000000000000 ) ) ;
#14 = CARTESIAN_POINT ( 'NONE',  ( 25.00000000000000355, 55.38603984149722237, 0.000000000000000000 ) ) ;
#15 = CARTESIAN_POINT ( 'NONE',  ( 45.25483399594766354, 60.81118318203566986, -6.000000000000000000 ) ) ;
#16 = VERTEX_POINT ( 'NONE', #2482 ) ;
#17 = AXIS2_PLACEMENT_3D ( 'NONE', #3013, #617, #1437 ) ;
#18 = VERTEX_POINT ( 'NONE', #1199 ) ;
#19 = EDGE_CURVE ( 'NONE', #1094, #1379, #3063, .T. ) ;
#20 = CARTESIAN_POINT ( 'NONE',  ( -7.778174593048178487, -7.778174593048182039, 3.000000000000000000 ) ) ;
#21 = AXIS2_PLACEMENT_3D ( 'NONE', #2137, #1339, #2418 ) ;
#22 = ORIENTED_EDGE ( 'NONE', *, *, #1382, .F. ) ;
#23 = ORIENTED_EDGE ( 'NONE', *, *, #236, .T. ) ;
#24 = ORIENTED_EDGE ( 'NONE', *, *, #3088, .F. ) ;
#25 = EDGE_CURVE ( 'NONE', #299, #369, #664, .T. ) ;
#26 = CIRCLE ( 'NONE', #907, 5.000000000000000888 ) ;
#27 = FACE_OUTER_BOUND ( 'NONE', #3168, .T. ) ;
#28 = ORIENTED_EDGE ( 'NONE', *, *, #1182, .F. ) ;
#29 = CARTESIAN_POINT ( 'NONE',  ( 40.30508652762596711, -51.61879502661800956, 3.000000000000000000 ) ) ;
#30 = DIRECTION ( 'NONE',  ( 1.000000000000000000, 0.000000000000000000, 0.000000000000000000 ) ) ;
#31 = VECTOR ( 'NONE', #3283, 1000.000000000000000 ) ;
#32 = CARTESIAN_POINT ( 'NONE',  ( -51.61879502662222308, -40.30508652763015220, -6.000000000000000000 ) ) ;
#33 = VERTEX_POINT ( 'NONE', #83 ) ;
#34 = AXIS2_PLACEMENT_3D ( 'NONE', #384, #881, #3005 ) ;
#35 = LINE ( 'NONE', #20, #1774 ) ;
#36 = ADVANCED_FACE ( 'NONE', ( #1468 ), #1140, .F. ) ;
#37 = VECTOR ( 'NONE', #85, 1000.000000000000114 ) ;
#38 = VERTEX_POINT ( 'NONE', #1428 ) ;
#39 = ORIENTED_EDGE ( 'NONE', *, *, #2669, .F. ) ;
#40 = AXIS2_PLACEMENT_3D ( 'NONE', #2474, #3272, #62 ) ;
#41 = EDGE_CURVE ( 'NONE', #2177, #328, #3316, .T. ) ;
#42 = VECTOR ( 'NONE', #3456, 1000.000000000000000 ) ;
#43 = ORIENTED_EDGE ( 'NONE', *, *, #410, .T. ) ;
#44 = VECTOR ( 'NONE', #967, 1000.000000000000114 ) ;
#45 = CARTESIAN_POINT ( 'NONE',  ( 26.16295090390015332, 37.47665940288907649, 3.000000000000000000 ) ) ;
#46 = CARTESIAN_POINT ( 'NONE',  ( 53.03300858898760595, -53.03300858898732173, 3.000000000000000000 ) ) ;
#47 = ORIENTED_EDGE ( 'NONE', *, *, #2021, .T. ) ;
#48 = LINE ( 'NONE', #1910, #149 ) ;
#49 = CARTESIAN_POINT ( 'NONE',  ( 24.41295090389951028, 37.47665940288907649, 3.000000000000000000 ) ) ;
#50 = ADVANCED_FACE ( 'NONE', ( #2533, #1974, #104, #420, #3337, #3039, #937, #2019, #2552, #3354 ), #957, .F. ) ;
#51 = DIRECTION ( 'NONE',  ( 1.000000000000000000, 0.000000000000000000, 0.000000000000000000 ) ) ;
#52 = ORIENTED_EDGE ( 'NONE', *, *, #3404, .F. ) ;
#53 = DIRECTION ( 'NONE',  ( 1.000000000000000000, 0.000000000000000000, 0.000000000000000000 ) ) ;
#54 = LINE ( 'NONE', #1794, #2262 ) ;
#55 = ORIENTED_EDGE ( 'NONE', *, *, #3415, .F. ) ;
#56 = ORIENTED_EDGE ( 'NONE', *, *, #871, .F. ) ;
#57 = AXIS2_PLACEMENT_3D ( 'NONE', #1694, #1174, #1996 ) ;
#58 = LINE ( 'NONE', #2685, #2813 ) ;
#59 = VERTEX_POINT ( 'NONE', #2318 ) ;
#60 = EDGE_CURVE ( 'NONE', #1869, #752, #1549, .T. ) ;
#61 = CARTESIAN_POINT ( 'NONE',  ( -51.61879502662222308, 40.30508652763015220, -6.000000000000000000 ) ) ;
#62 = DIRECTION ( 'NONE',  ( -1.000000000000000000, 0.000000000000000000, 0.000000000000000000 ) ) ;
#63 = CARTESIAN_POINT ( 'NONE',  ( -32.60959893235297358, -17.05324974625659351, -6.000000000000000000 ) ) ;
#64 = DIRECTION ( 'NONE',  ( -0.000000000000000000, -0.000000000000000000, -1.000000000000000000 ) ) ;
#65 = ORIENTED_EDGE ( 'NONE', *, *, #1442, .T. ) ;
#66 = EDGE_CURVE ( 'NONE', #2842, #2891, #2105, .T. ) ;
#67 = FACE_OUTER_BOUND ( 'NONE', #2294, .T. ) ;
#68 = APPROVAL ( #1702, 'UNSPECIFIED' ) ;
#69 = ORIENTED_EDGE ( 'NONE', *, *, #2088, .F. ) ;
#70 = ORIENTED_EDGE ( 'NONE', *, *, #2677, .T. ) ;
#71 = CYLINDRICAL_SURFACE ( 'NONE', #1196, 9.999999999999994671 ) ;
#72 = CIRCLE ( 'NONE', #527, 5.000000000000000888 ) ;
#73 =( NAMED_UNIT ( * ) SI_UNIT ( $, .STERADIAN. ) SOLID_ANGLE_UNIT ( ) );
#74 = EDGE_CURVE ( 'NONE', #1330, #1534, #1839, .T. ) ;
#75 = CARTESIAN_POINT ( 'NONE',  ( -37.47665940289328290, 26.16295090390434197, 3.000000000000000000 ) ) ;
#76 = DIRECTION ( 'NONE',  ( -0.7071067811865454633, 0.7071067811865496822, 0.000000000000000000 ) ) ;
#77 = EDGE_LOOP ( 'NONE', ( #3058, #39 ) ) ;
#78 = ORIENTED_EDGE ( 'NONE', *, *, #2444, .T. ) ;
#79 = DIRECTION ( 'NONE',  ( 1.000000000000000000, 0.000000000000000000, 0.000000000000000000 ) ) ;
#80 = VECTOR ( 'NONE', #765, 1000.000000000000000 ) ;
#81 = CARTESIAN_POINT ( 'NONE',  ( -32.60959893235297358, 17.05324974625659351, -6.000000000000000000 ) ) ;
#82 = FACE_OUTER_BOUND ( 'NONE', #2426, .T. ) ;
#83 = CARTESIAN_POINT ( 'NONE',  ( -18.00000000000819256, -1.734723475976806306E-15, 3.000000000000000000 ) ) ;
#84 = ORIENTED_EDGE ( 'NONE', *, *, #341, .F. ) ;
#85 = DIRECTION ( 'NONE',  ( -0.7071067811865474617, 0.7071067811865474617, 0.000000000000000000 ) ) ;
#86 = VECTOR ( 'NONE', #1868, 1000.000000000000114 ) ;
#87 = EDGE_CURVE ( 'NONE', #3376, #2792, #3214, .T. ) ;
#88 = DIRECTION ( 'NONE',  ( 1.000000000000000000, 0.000000000000000000, 0.000000000000000000 ) ) ;
#89 = EDGE_LOOP ( 'NONE', ( #3386, #2415 ) ) ;
#90 = AXIS2_PLACEMENT_3D ( 'NONE', #3146, #1820, #2947 ) ;
#91 = APPLICATION_PROTOCOL_DEFINITION ( 'international standard', 'config_control_design', 1994, #1472 ) ;
#92 = AXIS2_PLACEMENT_3D ( 'NONE', #1152, #571, #855 ) ;
#93 = CARTESIAN_POINT ( 'NONE',  ( -37.47665940289328290, 26.16295090390434197, 3.000000000000000000 ) ) ;
#94 = DIRECTION ( 'NONE',  ( -0.000000000000000000, -0.000000000000000000, -1.000000000000000000 ) ) ;
#95 = DIRECTION ( 'NONE',  ( 1.000000000000000000, 0.000000000000000000, 0.000000000000000000 ) ) ;
#96 = AXIS2_PLACEMENT_3D ( 'NONE', #467, #3410, #2587 ) ;
#97 = ORIENTED_EDGE ( 'NONE', *, *, #2726, .T. ) ;
#98 = VERTEX_POINT ( 'NONE', #832 ) ;
#100 = ORIENTED_EDGE ( 'NONE', *, *, #2096, .T. ) ;
#99 = EDGE_CURVE ( 'NONE', #299, #729, #58, .T. ) ;
#101 = DIRECTION ( 'NONE',  ( -0.000000000000000000, -0.000000000000000000, -1.000000000000000000 ) ) ;
#102 = ADVANCED_FACE ( 'NONE', ( #3449 ), #3183, .F. ) ;
#103 = DIRECTION ( 'NONE',  ( -0.7071067811865475727, -0.7071067811865475727, 0.000000000000000000 ) ) ;
#104 = FACE_BOUND ( 'NONE', #3173, .T. ) ;
#105 = ORIENTED_EDGE ( 'NONE', *, *, #570, .F. ) ;
#106 = DIRECTION ( 'NONE',  ( -1.000000000000000000, 0.000000000000000000, 0.000000000000000000 ) ) ;
#107 = EDGE_CURVE ( 'NONE', #2876, #1490, #1471, .T. ) ;
#108 = CARTESIAN_POINT ( 'NONE',  ( -60.81118318203986206, 45.25483399594347134, 3.000000000000000000 ) ) ;
#109 = ORIENTED_EDGE ( 'NONE', *, *, #2321, .F. ) ;
#110 = EDGE_CURVE ( 'NONE', #2435, #3400, #1314, .T. ) ;
#111 = COORDINATED_UNIVERSAL_TIME_OFFSET ( 5, 30, .AHEAD. ) ;
#112 = ADVANCED_FACE ( 'NONE', ( #1919 ), #71, .F. ) ;
#113 = DIRECTION ( 'NONE',  ( -0.000000000000000000, -0.000000000000000000, -1.000000000000000000 ) ) ;
#114 = CARTESIAN_POINT ( 'NONE',  ( 24.41295090389951028, -37.47665940288907649, -6.000000000000000000 ) ) ;
#115 = LINE ( 'NONE', #2327, #3222 ) ;
#116 = EDGE_LOOP ( 'NONE', ( #2914, #1363, #343, #2304 ) ) ;
#117 = ORIENTED_EDGE ( 'NONE', *, *, #1890, .F. ) ;
#118 = FACE_BOUND ( 'NONE', #1813, .T. ) ;
#119 = DIRECTION ( 'NONE',  ( -0.000000000000000000, -0.000000000000000000, -1.000000000000000000 ) ) ;
#120 = LINE ( 'NONE', #1177, #2158 ) ;
#121 = VERTEX_POINT ( 'NONE', #2535 ) ;
#122 = DIRECTION ( 'NONE',  ( 1.000000000000000000, 0.000000000000000000, 0.000000000000000000 ) ) ;
#123 = DIRECTION ( 'NONE',  ( -0.000000000000000000, 0.000000000000000000, 1.000000000000000000 ) ) ;
#124 = DIRECTION ( 'NONE',  ( -0.000000000000000000, -0.000000000000000000, -1.000000000000000000 ) ) ;
#125 = ORIENTED_EDGE ( 'NONE', *, *, #701, .T. ) ;
#126 = VERTEX_POINT ( 'NONE', #3021 ) ;
#127 = CARTESIAN_POINT ( 'NONE',  ( 35.72665940288441533, -26.16295090390431710, -6.000000000000000000 ) ) ;
#128 = PERSON_AND_ORGANIZATION_ROLE ( 'creator' ) ;
#129 = EDGE_CURVE ( 'NONE', #1421, #2792, #2205, .T. ) ;
#130 = CARTESIAN_POINT ( 'NONE',  ( -49.86879502661952301, -40.30508652763015220, 3.000000000000000000 ) ) ;
#131 = DIRECTION ( 'NONE',  ( -1.000000000000000000, 0.000000000000000000, 0.000000000000000000 ) ) ;
#132 = ADVANCED_FACE ( 'NONE', ( #1699 ), #3066, .F. ) ;
#133 = ORIENTED_EDGE ( 'NONE', *, *, #2238, .F. ) ;
#134 = EDGE_LOOP ( 'NONE', ( #1214, #2752, #2687, #1001 ) ) ;
#135 = VERTEX_POINT ( 'NONE', #2471 ) ;
#136 = CARTESIAN_POINT ( 'NONE',  ( 0.000000000000000000, 0.000000000000000000, 3.000000000000000000 ) ) ;
#137 = FACE_OUTER_BOUND ( 'NONE', #3000, .T. ) ;
#138 = LINE ( 'NONE', #1198, #1781 ) ;
#139 = DIRECTION ( 'NONE',  ( -0.000000000000000000, -0.000000000000000000, -1.000000000000000000 ) ) ;
#140 = AXIS2_PLACEMENT_3D ( 'NONE', #668, #1225, #2303 ) ;
#141 = FACE_OUTER_BOUND ( 'NONE', #404, .T. ) ;
#142 = VECTOR ( 'NONE', #3372, 1000.000000000000000 ) ;
#143 = DIRECTION ( 'NONE',  ( -0.000000000000000000, -0.000000000000000000, -1.000000000000000000 ) ) ;
#144 = ORIENTED_EDGE ( 'NONE', *, *, #151, .T. ) ;
#145 = ORIENTED_EDGE ( 'NONE', *, *, #3279, .T. ) ;
#146 = AXIS2_PLACEMENT_3D ( 'NONE', #3103, #683, #2865 ) ;
#147 = EDGE_CURVE ( 'NONE', #913, #2293, #1940, .T. ) ;
#148 = DATE_AND_TIME ( #601, #1308 ) ;
#149 = VECTOR ( 'NONE', #113, 1000.000000000000000 ) ;
#150 = CIRCLE ( 'NONE', #860, 6.000000000000003553 ) ;
#151 = EDGE_CURVE ( 'NONE', #1345, #865, #1646, .T. ) ;
#152 = FACE_BOUND ( 'NONE', #1643, .T. ) ;
#153 = DIRECTION ( 'NONE',  ( 1.000000000000000000, 0.000000000000000000, 0.000000000000000000 ) ) ;
#154 = EDGE_LOOP ( 'NONE', ( #2311, #621, #904, #1651 ) ) ;
#155 = ORIENTED_EDGE ( 'NONE', *, *, #2289, .T. ) ;
#156 = CIRCLE ( 'NONE', #1210, 5.000000000000000888 ) ;
#157 = ORIENTED_EDGE ( 'NONE', *, *, #1800, .F. ) ;
#158 = DIRECTION ( 'NONE',  ( 0.7071067811865474617, 0.7071067811865474617, 0.000000000000000000 ) ) ;
#159 = EDGE_CURVE ( 'NONE', #2041, #18, #587, .T. ) ;
#160 = DIRECTION ( 'NONE',  ( -1.000000000000000000, 0.000000000000000000, 0.000000000000000000 ) ) ;
#161 = DIRECTION ( 'NONE',  ( 0.7071067811865474617, -0.7071067811865474617, -0.000000000000000000 ) ) ;
#162 = VERTEX_POINT ( 'NONE', #666 ) ;
#163 = FACE_OUTER_BOUND ( 'NONE', #589, .T. ) ;
#164 = DIRECTION ( 'NONE',  ( 0.000000000000000000, -0.000000000000000000, -1.000000000000000000 ) ) ;
#165 = DIRECTION ( 'NONE',  ( -0.000000000000000000, -0.000000000000000000, -1.000000000000000000 ) ) ;
#166 = VERTEX_POINT ( 'NONE', #1681 ) ;
#167 = EDGE_LOOP ( 'NONE', ( #2086, #796, #24, #1991 ) ) ;
#168 = ADVANCED_FACE ( 'NONE', ( #1734 ), #1979, .F. ) ;
#169 = VECTOR ( 'NONE', #2634, 1000.000000000000000 ) ;
#170 = DIRECTION ( 'NONE',  ( -0.000000000000000000, -0.000000000000000000, -1.000000000000000000 ) ) ;
#171 = DIRECTION ( 'NONE',  ( -0.000000000000000000, -0.000000000000000000, -1.000000000000000000 ) ) ;
#172 = ORIENTED_EDGE ( 'NONE', *, *, #1346, .F. ) ;
#173 = ORIENTED_EDGE ( 'NONE', *, *, #1809, .F. ) ;
#174 = ORIENTED_EDGE ( 'NONE', *, *, #2524, .F. ) ;
#175 = CARTESIAN_POINT ( 'NONE',  ( -45.25483399594766354, 60.81118318203566986, 0.000000000000000000 ) ) ;
#176 = DIRECTION ( 'NONE',  ( -0.000000000000000000, -0.000000000000000000, -1.000000000000000000 ) ) ;
#177 = CARTESIAN_POINT ( 'NONE',  ( 0.000000000000000000, -45.38603984149722237, 3.000000000000000000 ) ) ;
#178 = DIRECTION ( 'NONE',  ( 0.000000000000000000, -0.000000000000000000, -1.000000000000000000 ) ) ;
#179 = EDGE_CURVE ( 'NONE', #1282, #2981, #1033, .T. ) ;
#180 = DIRECTION ( 'NONE',  ( -0.000000000000000000, -0.000000000000000000, -1.000000000000000000 ) ) ;
#181 = PRODUCT_RELATED_PRODUCT_CATEGORY ( 'detail', '', ( #952 ) ) ;
#182 = EDGE_LOOP ( 'NONE', ( #578, #3180, #1010, #2410 ) ) ;
#183 = EDGE_LOOP ( 'NONE', ( #1913, #2529 ) ) ;
#184 = PERSON_AND_ORGANIZATION ( #572, #2918 ) ;
#185 = CIRCLE ( 'NONE', #2586, 1.750000000000001554 ) ;
#186 = CARTESIAN_POINT ( 'NONE',  ( 26.16295090390015332, 37.47665940288907649, -6.000000000000000000 ) ) ;
#187 = CIRCLE ( 'NONE', #1536, 1.749999999997198241 ) ;
#188 = EDGE_CURVE ( 'NONE', #2095, #1136, #2759, .T. ) ;
#189 = CARTESIAN_POINT ( 'NONE',  ( 35.72665940288441533, 26.16295090390431710, -6.000000000000000000 ) ) ;
#190 = EDGE_LOOP ( 'NONE', ( #1909, #2857, #1619, #1872 ) ) ;
#191 = EDGE_LOOP ( 'NONE', ( #3106, #3322, #3077, #2972 ) ) ;
#192 = CARTESIAN_POINT ( 'NONE',  ( 40.30508652762596711, 51.61879502661800956, -6.000000000000000000 ) ) ;
#193 = DIRECTION ( 'NONE',  ( 1.000000000000000000, 0.000000000000000000, 0.000000000000000000 ) ) ;
#194 = ADVANCED_FACE ( 'NONE', ( #899, #1412, #3300 ), #2719, .F. ) ;
#195 = FACE_OUTER_BOUND ( 'NONE', #2728, .T. ) ;
#196 = DIRECTION ( 'NONE',  ( 1.000000000000000000, 0.000000000000000000, 0.000000000000000000 ) ) ;
#197 = DIRECTION ( 'NONE',  ( -0.000000000000000000, -0.000000000000000000, -1.000000000000000000 ) ) ;
#198 = EDGE_CURVE ( 'NONE', #1803, #98, #3318, .T. ) ;
#199 = VERTEX_POINT ( 'NONE', #1396 ) ;
#200 = ORIENTED_EDGE ( 'NONE', *, *, #487, .T. ) ;
#201 = AXIS2_PLACEMENT_3D ( 'NONE', #1957, #2749, #359 ) ;
#202 = EDGE_CURVE ( 'NONE', #1596, #1330, #2735, .T. ) ;
#203 = LINE ( 'NONE', #741, #1689 ) ;
#204 = VECTOR ( 'NONE', #2127, 1000.000000000000000 ) ;
#205 = CARTESIAN_POINT ( 'NONE',  ( 51.61879502661385999, 40.30508652763011668, 3.000000000000000000 ) ) ;
#206 = EDGE_LOOP ( 'NONE', ( #2189, #2622 ) ) ;
#207 = ORIENTED_EDGE ( 'NONE', *, *, #2043, .T. ) ;
#208 = VECTOR ( 'NONE', #254, 1000.000000000000000 ) ;
#209 = CARTESIAN_POINT ( 'NONE',  ( -27.91295090391456313, 37.47665940288910491, 3.000000000000000000 ) ) ;
#210 = CYLINDRICAL_SURFACE ( 'NONE', #1275, 1.750000000002700729 ) ;
#211 = CARTESIAN_POINT ( 'NONE',  ( -45.25483399594766354, -60.81118318203566986, 3.000000000000000000 ) ) ;
#212 = VECTOR ( 'NONE', #2053, 1000.000000000000000 ) ;
#213 = DIRECTION ( 'NONE',  ( 1.000000000000000000, 0.000000000000000000, 0.000000000000000000 ) ) ;
#214 = EDGE_CURVE ( 'NONE', #1421, #2479, #3325, .T. ) ;
#215 = CARTESIAN_POINT ( 'NONE',  ( 61.17619643385209827, -68.88982074412282941, -6.000000000000000000 ) ) ;
#216 = AXIS2_PLACEMENT_3D ( 'NONE', #2309, #1725, #3347 ) ;
#217 = LINE ( 'NONE', #1279, #1824 ) ;
#218 = ORIENTED_EDGE ( 'NONE', *, *, #2467, .T. ) ;
#219 = VERTEX_POINT ( 'NONE', #724 ) ;
#220 = DIRECTION ( 'NONE',  ( -0.000000000000000000, -0.000000000000000000, -1.000000000000000000 ) ) ;
#221 = COORDINATED_UNIVERSAL_TIME_OFFSET ( 5, 30, .AHEAD. ) ;
#222 = EDGE_CURVE ( 'NONE', #2798, #2329, #921, .T. ) ;
#223 = CARTESIAN_POINT ( 'NONE',  ( 42.05508652762316757, -51.61879502661800956, -6.000000000000000000 ) ) ;
#224 = DIRECTION ( 'NONE',  ( -0.000000000000000000, -0.000000000000000000, -1.000000000000000000 ) ) ;
#225 = VERTEX_POINT ( 'NONE', #1530 ) ;
#226 = VECTOR ( 'NONE', #220, 1000.000000000000000 ) ;
#227 = CARTESIAN_POINT ( 'NONE',  ( -40.30508652763334254, 51.61879502661891905, 3.000000000000000000 ) ) ;
#228 = CARTESIAN_POINT ( 'NONE',  ( -51.61879502662222308, -40.30508652763015220, 3.000000000000000000 ) ) ;
#229 = CARTESIAN_POINT ( 'NONE',  ( 56.88982074412285073, -49.17619643385206984, -6.000000000000000000 ) ) ;
#230 = CARTESIAN_POINT ( 'NONE',  ( 53.03300858898760595, 53.03300858898732173, 3.000000000000000000 ) ) ;
#231 = CARTESIAN_POINT ( 'NONE',  ( 32.60959893235297358, 17.05324974625659351, -6.000000000000000000 ) ) ;
#232 = EDGE_CURVE ( 'NONE', #3056, #1227, #2302, .T. ) ;
#233 = ORIENTED_EDGE ( 'NONE', *, *, #3356, .T. ) ;
#234 = ORIENTED_EDGE ( 'NONE', *, *, #1004, .T. ) ;
#235 = CYLINDRICAL_SURFACE ( 'NONE', #486, 1.750000000002461364 ) ;
#236 = EDGE_CURVE ( 'NONE', #844, #1856, #736, .T. ) ;
#237 = DIRECTION ( 'NONE',  ( 1.000000000000000000, 0.000000000000000000, 0.000000000000000000 ) ) ;
#238 = VERTEX_POINT ( 'NONE', #501 ) ;
#239 = AXIS2_PLACEMENT_3D ( 'NONE', #1286, #170, #756 ) ;
#240 = FACE_BOUND ( 'NONE', #1503, .T. ) ;
#241 = DIRECTION ( 'NONE',  ( -0.000000000000000000, 0.000000000000000000, 1.000000000000000000 ) ) ;
#242 = ADVANCED_FACE ( 'NONE', ( #959 ), #1565, .F. ) ;
#243 = DIRECTION ( 'NONE',  ( -0.000000000000000000, -0.000000000000000000, -1.000000000000000000 ) ) ;
#244 = DIRECTION ( 'NONE',  ( 1.000000000000000000, 0.000000000000000000, 0.000000000000000000 ) ) ;
#245 = FACE_OUTER_BOUND ( 'NONE', #2538, .T. ) ;
#246 = CARTESIAN_POINT ( 'NONE',  ( -45.25483399594766354, 60.81118318203566986, -6.000000000000000000 ) ) ;
#247 = ORIENTED_EDGE ( 'NONE', *, *, #1916, .T. ) ;
#248 = LOCAL_TIME ( 18, 39, 56.00000000000000000, #111 ) ;
#249 = VECTOR ( 'NONE', #1097, 1000.000000000000000 ) ;
#250 = LINE ( 'NONE', #2180, #2916 ) ;
#251 = DIRECTION ( 'NONE',  ( -0.000000000000000000, -0.000000000000000000, -1.000000000000000000 ) ) ;
#252 = VECTOR ( 'NONE', #139, 1000.000000000000000 ) ;
#253 = ORIENTED_EDGE ( 'NONE', *, *, #714, .T. ) ;
#254 = DIRECTION ( 'NONE',  ( 0.000000000000000000, 1.000000000000000000, -0.000000000000000000 ) ) ;
#255 = VECTOR ( 'NONE', #2080, 1000.000000000000000 ) ;
#256 = DIRECTION ( 'NONE',  ( -0.000000000000000000, -0.000000000000000000, -1.000000000000000000 ) ) ;
#257 = CARTESIAN_POINT ( 'NONE',  ( 32.60959893235297358, 17.05324974625659351, 0.000000000000000000 ) ) ;
#258 = LINE ( 'NONE', #1045, #976 ) ;
#259 = AXIS2_PLACEMENT_3D ( 'NONE', #3420, #536, #1304 ) ;
#260 = ADVANCED_FACE ( 'NONE', ( #3340 ), #3122, .F. ) ;
#261 = DIRECTION ( 'NONE',  ( -0.7071067811865481278, 0.7071067811865470176, 0.000000000000000000 ) ) ;
#262 = AXIS2_PLACEMENT_3D ( 'NONE', #1731, #3098, #3314 ) ;
#263 = ORIENTED_EDGE ( 'NONE', *, *, #2428, .T. ) ;
#264 = ORIENTED_EDGE ( 'NONE', *, *, #1253, .T. ) ;
#265 = CIRCLE ( 'NONE', #1883, 1.750000000006045386 ) ;
#266 = VECTOR ( 'NONE', #2934, 1000.000000000000114 ) ;
#267 = ORIENTED_EDGE ( 'NONE', *, *, #1634, .T. ) ;
#268 = DIRECTION ( 'NONE',  ( -0.000000000000000000, -0.000000000000000000, -1.000000000000000000 ) ) ;
#269 = LINE ( 'NONE', #3144, #317 ) ;
#270 = EDGE_CURVE ( 'NONE', #659, #2128, #2848, .T. ) ;
#271 = ORIENTED_EDGE ( 'NONE', *, *, #3129, .T. ) ;
#272 = LINE ( 'NONE', #2892, #2211 ) ;
#273 = DIRECTION ( 'NONE',  ( -0.000000000000000000, -0.000000000000000000, -1.000000000000000000 ) ) ;
#274 = PLANE ( 'NONE',  #2167 ) ;
#275 = CARTESIAN_POINT ( 'NONE',  ( -45.25483399594766354, -60.81118318203566986, -6.000000000000000000 ) ) ;
#276 = ORIENTED_EDGE ( 'NONE', *, *, #1647, .T. ) ;
#277 = DIRECTION ( 'NONE',  ( -0.000000000000000000, 0.000000000000000000, 1.000000000000000000 ) ) ;
#278 = EDGE_CURVE ( 'NONE', #2041, #338, #1240, .T. ) ;
#279 = EDGE_LOOP ( 'NONE', ( #1226, #1899 ) ) ;
#280 = EDGE_LOOP ( 'NONE', ( #988, #2957, #2024, #3086, #437, #2706, #1712 ) ) ;
#281 = DIRECTION ( 'NONE',  ( 0.7071067811865474617, 0.7071067811865474617, 0.000000000000000000 ) ) ;
#282 = ORIENTED_EDGE ( 'NONE', *, *, #1846, .T. ) ;
#283 = CARTESIAN_POINT ( 'NONE',  ( 51.61879502661385999, -40.30508652763011668, 3.000000000000000000 ) ) ;
#284 = VERTEX_POINT ( 'NONE', #1513 ) ;
#285 = CARTESIAN_POINT ( 'NONE',  ( -37.47665940289328290, -26.16295090390434908, 3.000000000000000000 ) ) ;
#286 = ADVANCED_FACE ( 'NONE', ( #1810 ), #2020, .F. ) ;
#287 = DIRECTION ( 'NONE',  ( -0.000000000000000000, 0.000000000000000000, 1.000000000000000000 ) ) ;
#288 = DIRECTION ( 'NONE',  ( 1.000000000000000000, 0.000000000000000000, 0.000000000000000000 ) ) ;
#289 = VECTOR ( 'NONE', #2492, 1000.000000000000000 ) ;
#290 = ORIENTED_EDGE ( 'NONE', *, *, #2524, .T. ) ;
#291 = DIRECTION ( 'NONE',  ( 0.000000000000000000, 0.000000000000000000, 1.000000000000000000 ) ) ;
#292 = ADVANCED_FACE ( 'NONE', ( #3396 ), #2038, .F. ) ;
#293 = ORIENTED_EDGE ( 'NONE', *, *, #3141, .T. ) ;
#294 = ORIENTED_EDGE ( 'NONE', *, *, #806, .T. ) ;
#295 = VERTEX_POINT ( 'NONE', #2059 ) ;
#296 = EDGE_CURVE ( 'NONE', #2260, #121, #1993, .T. ) ;
#297 = DIRECTION ( 'NONE',  ( -0.000000000000000000, -0.000000000000000000, -1.000000000000000000 ) ) ;
#298 = DIRECTION ( 'NONE',  ( -0.000000000000000000, -0.000000000000000000, -1.000000000000000000 ) ) ;
#299 = VERTEX_POINT ( 'NONE', #703 ) ;
#300 = AXIS2_PLACEMENT_3D ( 'NONE', #2930, #1609, #808 ) ;
#301 = LINE ( 'NONE', #3012, #1431 ) ;
#302 = FACE_OUTER_BOUND ( 'NONE', #2271, .T. ) ;
#303 = AXIS2_PLACEMENT_3D ( 'NONE', #938, #2553, #344 ) ;
#304 = FACE_OUTER_BOUND ( 'NONE', #2605, .T. ) ;
#305 = CARTESIAN_POINT ( 'NONE',  ( 37.47665940288491271, 26.16295090390431710, 3.000000000000000000 ) ) ;
#306 = ORIENTED_EDGE ( 'NONE', *, *, #706, .T. ) ;
#307 = AXIS2_PLACEMENT_3D ( 'NONE', #1751, #2751, #1447 ) ;
#308 = FACE_BOUND ( 'NONE', #2251, .T. ) ;
#309 = CARTESIAN_POINT ( 'NONE',  ( 26.16295090390015332, -37.47665940288907649, 3.000000000000000000 ) ) ;
#310 = CIRCLE ( 'NONE', #492, 6.000000000000003553 ) ;
#311 = CARTESIAN_POINT ( 'NONE',  ( 53.36879502660890040, 40.30508652763011668, 3.000000000000000000 ) ) ;
#312 = ORIENTED_EDGE ( 'NONE', *, *, #947, .F. ) ;
#313 = EDGE_CURVE ( 'NONE', #781, #59, #2603, .T. ) ;
#314 = ORIENTED_EDGE ( 'NONE', *, *, #1253, .F. ) ;
#315 = AXIS2_PLACEMENT_3D ( 'NONE', #3193, #2213, #3275 ) ;
#316 = VERTEX_POINT ( 'NONE', #1754 ) ;
#317 = VECTOR ( 'NONE', #519, 1000.000000000000000 ) ;
#318 = DIRECTION ( 'NONE',  ( -1.000000000000000000, 0.000000000000000000, 0.000000000000000000 ) ) ;
#319 = ADVANCED_FACE ( 'NONE', ( #141 ), #2357, .F. ) ;
#320 = EDGE_LOOP ( 'NONE', ( #69, #1184 ) ) ;
#321 = AXIS2_PLACEMENT_3D ( 'NONE', #1524, #3117, #193 ) ;
#322 = CARTESIAN_POINT ( 'NONE',  ( 38.55508652762876665, -51.61879502661800956, 3.000000000000000000 ) ) ;
#323 = DIRECTION ( 'NONE',  ( 0.7071067811865469066, 0.7071067811865481278, 0.000000000000000000 ) ) ;
#324 = LINE ( 'NONE', #1391, #2449 ) ;
#325 = DIRECTION ( 'NONE',  ( 0.000000000000000000, -1.000000000000000000, 0.000000000000000000 ) ) ;
#326 = VERTEX_POINT ( 'NONE', #1014 ) ;
#327 = DIRECTION ( 'NONE',  ( 0.000000000000000000, 1.000000000000000000, -0.000000000000000000 ) ) ;
#328 = VERTEX_POINT ( 'NONE', #2807 ) ;
#329 = ORIENTED_EDGE ( 'NONE', *, *, #2818, .F. ) ;
#330 = CARTESIAN_POINT ( 'NONE',  ( 0.000000000000000000, 0.000000000000000000, -6.000000000000000000 ) ) ;
#331 = EDGE_CURVE ( 'NONE', #1705, #2175, #1775, .T. ) ;
#332 = ORIENTED_EDGE ( 'NONE', *, *, #1038, .F. ) ;
#333 = DIRECTION ( 'NONE',  ( -0.000000000000000000, -0.000000000000000000, -1.000000000000000000 ) ) ;
#334 = DIRECTION ( 'NONE',  ( 0.7071067811865477948, 0.7071067811865473507, 0.000000000000000000 ) ) ;
#335 = EDGE_CURVE ( 'NONE', #1490, #219, #3150, .T. ) ;
#336 = CARTESIAN_POINT ( 'NONE',  ( -32.60959893235297358, -17.05324974625659351, 0.000000000000000000 ) ) ;
#337 = DIRECTION ( 'NONE',  ( -1.000000000000000000, 0.000000000000000000, 0.000000000000000000 ) ) ;
#338 = VERTEX_POINT ( 'NONE', #1202 ) ;
#339 = ORIENTED_EDGE ( 'NONE', *, *, #3290, .F. ) ;
#340 = CARTESIAN_POINT ( 'NONE',  ( 0.000000000000000000, -55.38603984149722237, 3.000000000000000000 ) ) ;
#341 = EDGE_CURVE ( 'NONE', #347, #33, #2388, .T. ) ;
#342 = CARTESIAN_POINT ( 'NONE',  ( -20.97461218416942330, -28.68823649444016510, -6.000000000000000000 ) ) ;
#343 = ORIENTED_EDGE ( 'NONE', *, *, #1920, .F. ) ;
#344 = DIRECTION ( 'NONE',  ( -1.000000000000000000, 0.000000000000000000, 0.000000000000000000 ) ) ;
#345 = ORIENTED_EDGE ( 'NONE', *, *, #3440, .T. ) ;
#346 = CARTESIAN_POINT ( 'NONE',  ( -49.59797974644812513, 19.89949493662079050, 3.000000000000000000 ) ) ;
#347 = VERTEX_POINT ( 'NONE', #1901 ) ;
#348 = LINE ( 'NONE', #2414, #993 ) ;
#349 = EDGE_CURVE ( 'NONE', #1745, #2371, #766, .T. ) ;
#350 = AXIS2_PLACEMENT_3D ( 'NONE', #2943, #1648, #1617 ) ;
#351 = CARTESIAN_POINT ( 'NONE',  ( 0.000000000000000000, -55.38603984149722237, 3.000000000000000000 ) ) ;
#352 = LINE ( 'NONE', #1686, #289 ) ;
#353 = CARTESIAN_POINT ( 'NONE',  ( -25.00000000000842704, -50.38603984149722947, 3.000000000000000000 ) ) ;
#354 = ORIENTED_EDGE ( 'NONE', *, *, #2367, .T. ) ;
#355 = ORIENTED_EDGE ( 'NONE', *, *, #732, .T. ) ;
#356 = EDGE_CURVE ( 'NONE', #1789, #1094, #2933, .T. ) ;
#357 = FACE_BOUND ( 'NONE', #3004, .T. ) ;
#358 = FACE_OUTER_BOUND ( 'NONE', #535, .T. ) ;
#359 = DIRECTION ( 'NONE',  ( 1.000000000000000000, 0.000000000000000000, 0.000000000000000000 ) ) ;
#360 = ORIENTED_EDGE ( 'NONE', *, *, #965, .F. ) ;
#361 = CARTESIAN_POINT ( 'NONE',  ( 0.000000000000000000, 60.81118318203566986, 3.000000000000000000 ) ) ;
#362 = CLOSED_SHELL ( 'NONE', ( #3065, #2484, #168, #1364, #1994, #2619, #2654, #3249, #2308, #1088, #3266, #1482, #260, #1724, #955, #1443, #3289, #846, #2563, #1416, #132, #2386, #2057, #2635, #1786, #2900, #3084, #1315, #637, #1121, #2703, #579, #1611, #999, #242, #3201, #364, #102, #2864, #401, #1693, #1753, #1281, #2641, #2362, #2707, #3368, #1826, #2207, #2514, #1818, #112, #2083, #1664, #1167, #1223, #292, #984, #286, #1713, #2561, #2814, #3206, #2226, #319, #1682, #1470, #749, #2608, #2569, #2853, #36, #1880, #2071, #2902, #2301, #3333, #770, #2973, #2324, #595, #50, #194, #1285, #2261, #859, #2544, #618, #2417, #2112, #866, #3395, #1161, #688, #1332, #3228, #2625, #2162 ) ) ;
#363 = VERTEX_POINT ( 'NONE', #2632 ) ;
#364 = ADVANCED_FACE ( 'NONE', ( #245 ), #2155, .F. ) ;
#365 = DIRECTION ( 'NONE',  ( -0.000000000000000000, -0.000000000000000000, -1.000000000000000000 ) ) ;
#366 = EDGE_CURVE ( 'NONE', #659, #1298, #310, .T. ) ;
#367 = AXIS2_PLACEMENT_3D ( 'NONE', #1095, #277, #1342 ) ;
#368 = DIRECTION ( 'NONE',  ( -0.000000000000000000, -0.000000000000000000, -1.000000000000000000 ) ) ;
#369 = VERTEX_POINT ( 'NONE', #2665 ) ;
#370 = VECTOR ( 'NONE', #1768, 999.9999999999998863 ) ;
#371 = DIRECTION ( 'NONE',  ( -0.000000000000000000, -0.000000000000000000, -1.000000000000000000 ) ) ;
#372 = VECTOR ( 'NONE', #2138, 1000.000000000000000 ) ;
#373 = AXIS2_PLACEMENT_3D ( 'NONE', #1787, #1743, #2512 ) ;
#374 = CARTESIAN_POINT ( 'NONE',  ( 0.000000000000000000, 0.000000000000000000, -6.000000000000000000 ) ) ;
#375 = DIRECTION ( 'NONE',  ( 1.000000000000000000, 0.000000000000000000, 0.000000000000000000 ) ) ;
#376 = ORIENTED_EDGE ( 'NONE', *, *, #915, .T. ) ;
#377 = ORIENTED_EDGE ( 'NONE', *, *, #3447, .F. ) ;
#378 = ORIENTED_EDGE ( 'NONE', *, *, #110, .F. ) ;
#379 = FACE_OUTER_BOUND ( 'NONE', #405, .T. ) ;
#380 = FACE_OUTER_BOUND ( 'NONE', #2082, .T. ) ;
#381 = DIRECTION ( 'NONE',  ( -0.000000000000000000, -0.000000000000000000, -1.000000000000000000 ) ) ;
#382 = DIRECTION ( 'NONE',  ( -1.000000000000000000, 0.000000000000000000, 0.000000000000000000 ) ) ;
#383 = ORIENTED_EDGE ( 'NONE', *, *, #1109, .F. ) ;
#384 = CARTESIAN_POINT ( 'NONE',  ( -40.30508652763334254, 51.61879502661891905, 3.000000000000000000 ) ) ;
#385 = EDGE_CURVE ( 'NONE', #509, #2821, #2406, .T. ) ;
#386 = DIRECTION ( 'NONE',  ( -0.7071067811865456854, -0.7071067811865493491, 0.000000000000000000 ) ) ;
#387 = ORIENTED_EDGE ( 'NONE', *, *, #2274, .F. ) ;
#388 = ORIENTED_EDGE ( 'NONE', *, *, #434, .F. ) ;
#389 = LINE ( 'NONE', #1476, #3238 ) ;
#390 = DIRECTION ( 'NONE',  ( -0.000000000000000000, 0.000000000000000000, 1.000000000000000000 ) ) ;
#391 = LINE ( 'NONE', #1742, #2097 ) ;
#392 = LINE ( 'NONE', #1763, #2067 ) ;
#393 = ORIENTED_EDGE ( 'NONE', *, *, #2794, .F. ) ;
#394 = EDGE_LOOP ( 'NONE', ( #3277, #271 ) ) ;
#395 = ORIENTED_EDGE ( 'NONE', *, *, #2107, .T. ) ;
#396 = EDGE_CURVE ( 'NONE', #1550, #3044, #828, .T. ) ;
#397 = FACE_OUTER_BOUND ( 'NONE', #1614, .T. ) ;
#398 = CYLINDRICAL_SURFACE ( 'NONE', #1845, 5.999999999999998224 ) ;
#399 = DIRECTION ( 'NONE',  ( 1.000000000000000000, 0.000000000000000000, 0.000000000000000000 ) ) ;
#400 = EDGE_LOOP ( 'NONE', ( #2469, #3015, #133, #416 ) ) ;
#401 = ADVANCED_FACE ( 'NONE', ( #2953 ), #3441, .T. ) ;
#402 = DIRECTION ( 'NONE',  ( 0.000000000000000000, 0.000000000000000000, 1.000000000000000000 ) ) ;
#403 = DIRECTION ( 'NONE',  ( 1.000000000000000000, 0.000000000000000000, 0.000000000000000000 ) ) ;
#404 = EDGE_LOOP ( 'NONE', ( #3236, #2736, #1336, #414 ) ) ;
#405 = EDGE_LOOP ( 'NONE', ( #705, #247, #628, #173, #2013, #3233, #2364, #924, #1982, #383, #460, #2520, #109, #267, #2558, #2840 ) ) ;
#406 = VECTOR ( 'NONE', #433, 999.9999999999998863 ) ;
#407 = CYLINDRICAL_SURFACE ( 'NONE', #1054, 1.750000000006041834 ) ;
#408 = EDGE_CURVE ( 'NONE', #2193, #1788, #1841, .T. ) ;
#409 = PERSON_AND_ORGANIZATION ( #572, #2918 ) ;
#410 = EDGE_CURVE ( 'NONE', #2408, #2856, #2910, .T. ) ;
#411 = CARTESIAN_POINT ( 'NONE',  ( 51.61879502661385999, -40.30508652763011668, 3.000000000000000000 ) ) ;
#412 = DIRECTION ( 'NONE',  ( -0.000000000000000000, -0.000000000000000000, -1.000000000000000000 ) ) ;
#413 = ORIENTED_EDGE ( 'NONE', *, *, #2170, .F. ) ;
#414 = ORIENTED_EDGE ( 'NONE', *, *, #2147, .T. ) ;
#415 = LOCAL_TIME ( 18, 39, 56.00000000000000000, #1984 ) ;
#416 = ORIENTED_EDGE ( 'NONE', *, *, #2178, .F. ) ;
#417 = DIRECTION ( 'NONE',  ( 0.7071067811865470176, 0.7071067811865481278, 0.000000000000000000 ) ) ;
#418 = CARTESIAN_POINT ( 'NONE',  ( -49.17619643385632600, 56.88982074412705714, -6.000000000000000000 ) ) ;
#419 = DIRECTION ( 'NONE',  ( -1.000000000000000000, 0.000000000000000000, 0.000000000000000000 ) ) ;
#420 = FACE_BOUND ( 'NONE', #3131, .T. ) ;
#421 = CARTESIAN_POINT ( 'NONE',  ( 32.60959893235297358, -17.05324974625659351, -6.000000000000000000 ) ) ;
#422 = AXIS2_PLACEMENT_3D ( 'NONE', #3394, #700, #244 ) ;
#423 = DIRECTION ( 'NONE',  ( -1.000000000000000000, 0.000000000000000000, 0.000000000000000000 ) ) ;
#424 = EDGE_CURVE ( 'NONE', #1081, #2371, #2816, .T. ) ;
#425 = AXIS2_PLACEMENT_3D ( 'NONE', #699, #2630, #1510 ) ;
#426 = FACE_OUTER_BOUND ( 'NONE', #191, .T. ) ;
#427 = ORIENTED_EDGE ( 'NONE', *, *, #1086, .F. ) ;
#428 = ORIENTED_EDGE ( 'NONE', *, *, #1305, .F. ) ;
#429 = DIRECTION ( 'NONE',  ( -0.000000000000000000, -0.000000000000000000, -1.000000000000000000 ) ) ;
#430 = VECTOR ( 'NONE', #2320, 1000.000000000000000 ) ;
#431 = CIRCLE ( 'NONE', #2339, 1.750000000002700729 ) ;
#432 = CIRCLE ( 'NONE', #2607, 6.000000000000003553 ) ;
#433 = DIRECTION ( 'NONE',  ( -0.7071067811865477948, -0.7071067811865473507, -0.000000000000000000 ) ) ;
#434 = EDGE_CURVE ( 'NONE', #1049, #1814, #1137, .T. ) ;
#435 = CARTESIAN_POINT ( 'NONE',  ( -23.66295090391114186, 9.999999999999996447, 3.000000000000000000 ) ) ;
#436 = ORIENTED_EDGE ( 'NONE', *, *, #1065, .T. ) ;
#437 = ORIENTED_EDGE ( 'NONE', *, *, #396, .T. ) ;
#438 = CIRCLE ( 'NONE', #373, 9.999999999999960920 ) ;
#439 = VERTEX_POINT ( 'NONE', #2680 ) ;
#440 = CARTESIAN_POINT ( 'NONE',  ( -51.61879502662222308, 40.30508652763015220, 3.000000000000000000 ) ) ;
#441 = CARTESIAN_POINT ( 'NONE',  ( 37.47665940288491271, -26.16295090390431710, 3.000000000000000000 ) ) ;
#442 = VECTOR ( 'NONE', #2384, 1000.000000000000000 ) ;
#443 = CARTESIAN_POINT ( 'NONE',  ( 32.60959893235297358, 17.05324974625659351, -6.000000000000000000 ) ) ;
#444 = CARTESIAN_POINT ( 'NONE',  ( 42.05508652762316757, 51.61879502661800956, 3.000000000000000000 ) ) ;
#445 = VECTOR ( 'NONE', #2333, 1000.000000000000000 ) ;
#446 = DIRECTION ( 'NONE',  ( 0.000000000000000000, 0.000000000000000000, 1.000000000000000000 ) ) ;
#447 = CARTESIAN_POINT ( 'NONE',  ( -60.81118318203986206, -45.25483399594347134, -6.000000000000000000 ) ) ;
#448 = ORIENTED_EDGE ( 'NONE', *, *, #1900, .F. ) ;
#449 = ORIENTED_EDGE ( 'NONE', *, *, #3178, .F. ) ;
#450 = AXIS2_PLACEMENT_3D ( 'NONE', #2054, #1489, #419 ) ;
#451 = CARTESIAN_POINT ( 'NONE',  ( -26.16295090390852351, 37.47665940288910491, 3.000000000000000000 ) ) ;
#452 = EDGE_CURVE ( 'NONE', #1871, #1227, #3216, .T. ) ;
#453 = PERSON_AND_ORGANIZATION_ROLE ( 'design_supplier' ) ;
#454 = VECTOR ( 'NONE', #2460, 1000.000000000000000 ) ;
#455 = DIRECTION ( 'NONE',  ( 1.000000000000000000, 0.000000000000000000, 0.000000000000000000 ) ) ;
#456 = CARTESIAN_POINT ( 'NONE',  ( 26.16295090390276812, -10.00000000000000355, 3.000000000000000000 ) ) ;
#457 = CIRCLE ( 'NONE', #2236, 1.749999999995040190 ) ;
#458 = ORIENTED_EDGE ( 'NONE', *, *, #3187, .F. ) ;
#459 = ORIENTED_EDGE ( 'NONE', *, *, #570, .T. ) ;
#460 = ORIENTED_EDGE ( 'NONE', *, *, #25, .T. ) ;
#461 = EDGE_CURVE ( 'NONE', #2175, #2050, #1029, .T. ) ;
#462 = FACE_OUTER_BOUND ( 'NONE', #759, .T. ) ;
#463 = LINE ( 'NONE', #745, #1942 ) ;
#464 = CARTESIAN_POINT ( 'NONE',  ( -26.16295090391114542, -10.00000000000000355, 3.000000000000000000 ) ) ;
#465 = LINE ( 'NONE', #1998, #1948 ) ;
#466 = PLANE ( 'NONE',  #941 ) ;
#467 = CARTESIAN_POINT ( 'NONE',  ( -51.61879502662222308, 40.30508652763015220, 3.000000000000000000 ) ) ;
#468 = EDGE_CURVE ( 'NONE', #3405, #1833, #2, .T. ) ;
#469 = CARTESIAN_POINT ( 'NONE',  ( -22.50000000000196110, 22.49999999999779021, 3.000000000000000000 ) ) ;
#470 = CARTESIAN_POINT ( 'NONE',  ( 42.52691193457422969, 26.97056274847784607, 0.000000000000000000 ) ) ;
#471 = ORIENTED_EDGE ( 'NONE', *, *, #1961, .T. ) ;
#472 = ORIENTED_EDGE ( 'NONE', *, *, #2257, .T. ) ;
#473 = DIRECTION ( 'NONE',  ( -0.000000000000000000, -0.000000000000000000, -1.000000000000000000 ) ) ;
#474 = CARTESIAN_POINT ( 'NONE',  ( 65.03300858898747094, -65.03300858898744252, -8.500000000000000000 ) ) ;
#475 = VECTOR ( 'NONE', #1334, 1000.000000000000000 ) ;
#476 = CARTESIAN_POINT ( 'NONE',  ( -25.00000000000842704, -50.38603984149722947, 3.000000000000000000 ) ) ;
#477 = ORIENTED_EDGE ( 'NONE', *, *, #2989, .F. ) ;
#478 = ORIENTED_EDGE ( 'NONE', *, *, #2917, .T. ) ;
#479 = PLANE ( 'NONE',  #2938 ) ;
#480 = CARTESIAN_POINT ( 'NONE',  ( 24.25000000000056133, 22.49999999999778666, 0.000000000000000000 ) ) ;
#481 = VECTOR ( 'NONE', #1703, 1000.000000000000000 ) ;
#482 = DIRECTION ( 'NONE',  ( 0.000000000000000000, -0.000000000000000000, -1.000000000000000000 ) ) ;
#483 = CARTESIAN_POINT ( 'NONE',  ( -39.22665940289933673, -26.16295090390434908, 3.000000000000000000 ) ) ;
#484 = DIRECTION ( 'NONE',  ( 1.000000000000000000, 0.000000000000000000, 0.000000000000000000 ) ) ;
#485 = CARTESIAN_POINT ( 'NONE',  ( 37.47665940288491271, 26.16295090390431710, 3.000000000000000000 ) ) ;
#486 = AXIS2_PLACEMENT_3D ( 'NONE', #1538, #3171, #727 ) ;
#487 = EDGE_CURVE ( 'NONE', #1451, #1000, #2161, .T. ) ;
#488 = ORIENTED_EDGE ( 'NONE', *, *, #538, .T. ) ;
#489 = ORIENTED_EDGE ( 'NONE', *, *, #2238, .T. ) ;
#490 = AXIS2_PLACEMENT_3D ( 'NONE', #2556, #2487, #3023 ) ;
#491 = DIRECTION ( 'NONE',  ( -0.000000000000000000, -0.000000000000000000, -1.000000000000000000 ) ) ;
#492 = AXIS2_PLACEMENT_3D ( 'NONE', #560, #261, #2968 ) ;
#493 = DIRECTION ( 'NONE',  ( -0.000000000000000000, -0.000000000000000000, -1.000000000000000000 ) ) ;
#494 = EDGE_LOOP ( 'NONE', ( #1819, #810, #2372, #2745 ) ) ;
#495 = AXIS2_PLACEMENT_3D ( 'NONE', #1620, #1072, #522 ) ;
#496 = CYLINDRICAL_SURFACE ( 'NONE', #3165, 1.749999999997198241 ) ;
#497 = EDGE_CURVE ( 'NONE', #509, #3387, #1316, .T. ) ;
#498 = CARTESIAN_POINT ( 'NONE',  ( -45.25483399594766354, 60.81118318203566986, -6.000000000000000000 ) ) ;
#499 = DIRECTION ( 'NONE',  ( 0.7071067811865469066, -0.7071067811865481278, 0.000000000000000000 ) ) ;
#500 = LINE ( 'NONE', #3373, #2504 ) ;
#501 = CARTESIAN_POINT ( 'NONE',  ( -39.22665940289932962, 26.16295090390434197, -6.000000000000000000 ) ) ;
#502 = AXIS2_PLACEMENT_3D ( 'NONE', #205, #3417, #534 ) ;
#503 = EDGE_CURVE ( 'NONE', #135, #1352, #3111, .T. ) ;
#504 = ORIENTED_EDGE ( 'NONE', *, *, #2131, .T. ) ;
#505 = EDGE_CURVE ( 'NONE', #669, #369, #35, .T. ) ;
#506 = EDGE_CURVE ( 'NONE', #865, #1352, #3164, .T. ) ;
#507 = CARTESIAN_POINT ( 'NONE',  ( -23.66295090391114186, 9.999999999999996447, 3.000000000000000000 ) ) ;
#508 = DIRECTION ( 'NONE',  ( -0.7071067811865470176, -0.7071067811865481278, 0.000000000000000000 ) ) ;
#509 = VERTEX_POINT ( 'NONE', #1407 ) ;
#510 = AXIS2_PLACEMENT_3D ( 'NONE', #3081, #2786, #2033 ) ;
#511 = LINE ( 'NONE', #2614, #208 ) ;
#512 = CARTESIAN_POINT ( 'NONE',  ( -32.60959893235297358, -17.05324974625659351, -6.000000000000000000 ) ) ;
#513 = CYLINDRICAL_SURFACE ( 'NONE', #3057, 1.749999999995040190 ) ;
#514 = CYLINDRICAL_SURFACE ( 'NONE', #96, 1.750000000002700729 ) ;
#515 = DIRECTION ( 'NONE',  ( 0.000000000000000000, -0.000000000000000000, -1.000000000000000000 ) ) ;
#516 = EDGE_CURVE ( 'NONE', #2329, #2798, #1650, .T. ) ;
#517 = VERTEX_POINT ( 'NONE', #858 ) ;
#518 = DIRECTION ( 'NONE',  ( 1.000000000000000000, 0.000000000000000000, 0.000000000000000000 ) ) ;
#519 = DIRECTION ( 'NONE',  ( -0.000000000000000000, -0.000000000000000000, -1.000000000000000000 ) ) ;
#520 = EDGE_CURVE ( 'NONE', #648, #3363, #1995, .T. ) ;
#521 = ORIENTED_EDGE ( 'NONE', *, *, #2467, .F. ) ;
#522 = DIRECTION ( 'NONE',  ( 1.000000000000000000, 0.000000000000000000, 0.000000000000000000 ) ) ;
#523 = CYLINDRICAL_SURFACE ( 'NONE', #2093, 1.750000000000643485 ) ;
#524 = DIRECTION ( 'NONE',  ( -0.7071067811865474617, -0.7071067811865474617, -0.000000000000000000 ) ) ;
#525 = ORIENTED_EDGE ( 'NONE', *, *, #2345, .T. ) ;
#526 = DIRECTION ( 'NONE',  ( 0.7071067811865475727, -0.7071067811865475727, 0.000000000000000000 ) ) ;
#527 = AXIS2_PLACEMENT_3D ( 'NONE', #556, #1621, #836 ) ;
#528 = VERTEX_POINT ( 'NONE', #2982 ) ;
#529 = ORIENTED_EDGE ( 'NONE', *, *, #2887, .F. ) ;
#530 = EDGE_CURVE ( 'NONE', #1379, #989, #1423, .T. ) ;
#531 = VERTEX_POINT ( 'NONE', #3035 ) ;
#532 = AXIS2_PLACEMENT_3D ( 'NONE', #2832, #1204, #88 ) ;
#533 = DIRECTION ( 'NONE',  ( 0.000000000000000000, -0.000000000000000000, -1.000000000000000000 ) ) ;
#534 = DIRECTION ( 'NONE',  ( -1.000000000000000000, 0.000000000000000000, 0.000000000000000000 ) ) ;
#535 = EDGE_LOOP ( 'NONE', ( #3092, #1262, #2233, #377 ) ) ;
#536 = DIRECTION ( 'NONE',  ( -0.000000000000000000, 0.000000000000000000, 1.000000000000000000 ) ) ;
#537 = AXIS2_PLACEMENT_3D ( 'NONE', #2932, #3215, #1046 ) ;
#538 = EDGE_CURVE ( 'NONE', #2095, #1706, #914, .T. ) ;
#539 = PLANE ( 'NONE',  #21 ) ;
#540 = DIRECTION ( 'NONE',  ( 1.000000000000000000, 0.000000000000000000, 0.000000000000000000 ) ) ;
#541 = FACE_OUTER_BOUND ( 'NONE', #686, .T. ) ;
#542 = CIRCLE ( 'NONE', #259, 1.750000000006041834 ) ;
#543 = ORIENTED_EDGE ( 'NONE', *, *, #1900, .T. ) ;
#544 = CARTESIAN_POINT ( 'NONE',  ( -24.83142433930479598, -24.83142433930478177, -8.500000000000000000 ) ) ;
#545 = AXIS2_PLACEMENT_3D ( 'NONE', #1865, #1575, #776 ) ;
#546 = FACE_BOUND ( 'NONE', #2521, .T. ) ;
#547 = ORIENTED_EDGE ( 'NONE', *, *, #1506, .T. ) ;
#548 = VERTEX_POINT ( 'NONE', #1393 ) ;
#549 = AXIS2_PLACEMENT_3D ( 'NONE', #1239, #2881, #196 ) ;
#550 = ORIENTED_EDGE ( 'NONE', *, *, #19, .T. ) ;
#551 = EDGE_CURVE ( 'NONE', #2250, #2435, #3059, .T. ) ;
#552 = DIRECTION ( 'NONE',  ( 0.7071067811865474617, -0.7071067811865474617, 0.000000000000000000 ) ) ;
#553 = EDGE_LOOP ( 'NONE', ( #2323, #1665 ) ) ;
#554 = EDGE_CURVE ( 'NONE', #3093, #1856, #1829, .T. ) ;
#555 = CARTESIAN_POINT ( 'NONE',  ( 45.25483399594766354, -60.81118318203566986, -6.000000000000000000 ) ) ;
#556 = CARTESIAN_POINT ( 'NONE',  ( 25.00000000000001066, -50.38603984149722947, 0.000000000000000000 ) ) ;
#557 = DIRECTION ( 'NONE',  ( 0.7071067811865470176, 0.7071067811865481278, 0.000000000000000000 ) ) ;
#558 = AXIS2_PLACEMENT_3D ( 'NONE', #616, #1926, #1722 ) ;
#559 = VERTEX_POINT ( 'NONE', #622 ) ;
#560 = CARTESIAN_POINT ( 'NONE',  ( 24.83142433930478887, -24.83142433930478177, -8.500000000000000000 ) ) ;
#561 = AXIS2_PLACEMENT_3D ( 'NONE', #2380, #256, #720 ) ;
#562 = VERTEX_POINT ( 'NONE', #2747 ) ;
#563 = VERTEX_POINT ( 'NONE', #2498 ) ;
#564 = EDGE_CURVE ( 'NONE', #1627, #2671, #2730, .T. ) ;
#565 = VERTEX_POINT ( 'NONE', #1156 ) ;
#566 = FACE_OUTER_BOUND ( 'NONE', #1233, .T. ) ;
#567 = EDGE_LOOP ( 'NONE', ( #3245, #753, #393, #963 ) ) ;
#568 = CARTESIAN_POINT ( 'NONE',  ( 26.16295090390276812, -10.00000000000000355, 0.000000000000000000 ) ) ;
#569 = PLANE ( 'NONE',  #1755 ) ;
#570 = EDGE_CURVE ( 'NONE', #1679, #844, #2885, .T. ) ;
#571 = DIRECTION ( 'NONE',  ( -0.000000000000000000, 0.000000000000000000, 1.000000000000000000 ) ) ;
#572 = PERSON ( 'UNSPECIFIED', 'UNSPECIFIED', 'UNSPECIFIED', ('UNSPECIFIED'), ('UNSPECIFIED'), ('UNSPECIFIED') ) ;
#573 = ORIENTED_EDGE ( 'NONE', *, *, #603, .T. ) ;
#574 = CARTESIAN_POINT ( 'NONE',  ( 25.00000000000000355, 55.38603984149722237, 3.000000000000000000 ) ) ;
#575 = AXIS2_PLACEMENT_3D ( 'NONE', #3155, #1248, #2098 ) ;
#576 = CARTESIAN_POINT ( 'NONE',  ( -45.25483399594766354, 60.81118318203566986, -6.000000000000000000 ) ) ;
#577 = ORIENTED_EDGE ( 'NONE', *, *, #1590, .T. ) ;
#578 = ORIENTED_EDGE ( 'NONE', *, *, #603, .F. ) ;
#579 = ADVANCED_FACE ( 'NONE', ( #67 ), #1108, .T. ) ;
#580 = VECTOR ( 'NONE', #2511, 999.9999999999998863 ) ;
#581 = ORIENTED_EDGE ( 'NONE', *, *, #3339, .T. ) ;
#582 = CARTESIAN_POINT ( 'NONE',  ( -27.91295090391456313, 37.47665940288910491, -6.000000000000000000 ) ) ;
#583 = VERTEX_POINT ( 'NONE', #2715 ) ;
#584 = CIRCLE ( 'NONE', #2486, 1.750000000000501155 ) ;
#585 = CARTESIAN_POINT ( 'NONE',  ( 45.25483399594766354, -60.81118318203566986, -6.000000000000000000 ) ) ;
#586 = CARTESIAN_POINT ( 'NONE',  ( -24.83142433930479598, 24.83142433930478177, -8.500000000000000000 ) ) ;
#587 = CIRCLE ( 'NONE', #1367, 1.750000000000001554 ) ;
#588 = PLANE ( 'NONE',  #2065 ) ;
#589 = EDGE_LOOP ( 'NONE', ( #2237, #891, #1929, #1484 ) ) ;
#590 = AXIS2_PLACEMENT_3D ( 'NONE', #1678, #591, #1122 ) ;
#591 = DIRECTION ( 'NONE',  ( 0.000000000000000000, -0.000000000000000000, -1.000000000000000000 ) ) ;
#592 = VECTOR ( 'NONE', #2963, 1000.000000000000000 ) ;
#593 = EDGE_LOOP ( 'NONE', ( #3311, #950, #1113, #3446 ) ) ;
#594 = VERTEX_POINT ( 'NONE', #2466 ) ;
#595 = ADVANCED_FACE ( 'NONE', ( #379, #2234, #3246, #308, #638, #1441, #1375, #2188, #1138, #3017, #3001, #840, #608, #2217, #2515, #3280, #118, #1914, #875, #1955, #1692, #357, #971, #1011, #3334, #2087 ), #3080, .T. ) ;
#596 = CARTESIAN_POINT ( 'NONE',  ( -40.30508652763334254, 51.61879502661891905, 3.000000000000000000 ) ) ;
#597 = AXIS2_PLACEMENT_3D ( 'NONE', #2787, #680, #3353 ) ;
#598 = ORIENTED_EDGE ( 'NONE', *, *, #1217, .F. ) ;
#599 = EDGE_CURVE ( 'NONE', #1627, #565, #1747, .T. ) ;
#600 = AXIS2_PLACEMENT_3D ( 'NONE', #1319, #3189, #237 ) ;
#601 = CALENDAR_DATE ( 2026, 2, 5 ) ;
#602 = DIRECTION ( 'NONE',  ( 0.000000000000000000, 1.000000000000000000, 0.000000000000000000 ) ) ;
#603 = EDGE_CURVE ( 'NONE', #166, #1123, #150, .T. ) ;
#604 = DIRECTION ( 'NONE',  ( -0.7071067811865470176, 0.7071067811865481278, -0.000000000000000000 ) ) ;
#605 = CARTESIAN_POINT ( 'NONE',  ( 24.41295090389951028, 37.47665940288907649, -6.000000000000000000 ) ) ;
#606 = ORIENTED_EDGE ( 'NONE', *, *, #1028, .F. ) ;
#607 = ORIENTED_EDGE ( 'NONE', *, *, #356, .T. ) ;
#608 = FACE_BOUND ( 'NONE', #1221, .T. ) ;
#609 = ORIENTED_EDGE ( 'NONE', *, *, #505, .T. ) ;
#610 = VERTEX_POINT ( 'NONE', #2584 ) ;
#611 = VECTOR ( 'NONE', #3344, 1000.000000000000000 ) ;
#612 = CARTESIAN_POINT ( 'NONE',  ( 22.49999999999803535, -22.50000000000197176, 3.000000000000000000 ) ) ;
#613 = ORIENTED_EDGE ( 'NONE', *, *, #1498, .F. ) ;
#614 = LINE ( 'NONE', #2010, #2636 ) ;
#615 = DIRECTION ( 'NONE',  ( -0.7071067811865474617, 0.7071067811865474617, 0.000000000000000000 ) ) ;
#616 = CARTESIAN_POINT ( 'NONE',  ( -25.00000000000842704, -50.38603984149722947, 3.000000000000000000 ) ) ;
#617 = DIRECTION ( 'NONE',  ( -0.000000000000000000, 0.000000000000000000, 1.000000000000000000 ) ) ;
#618 = ADVANCED_FACE ( 'NONE', ( #3389 ), #1523, .T. ) ;
#619 = DIRECTION ( 'NONE',  ( 0.000000000000000000, -0.000000000000000000, -1.000000000000000000 ) ) ;
#620 = ORIENTED_EDGE ( 'NONE', *, *, #1016, .F. ) ;
#621 = ORIENTED_EDGE ( 'NONE', *, *, #754, .F. ) ;
#622 = CARTESIAN_POINT ( 'NONE',  ( -25.00000000000842704, -55.38603984149722237, 3.000000000000000000 ) ) ;
#623 = FACE_OUTER_BOUND ( 'NONE', #2182, .T. ) ;
#624 = EDGE_LOOP ( 'NONE', ( #2582, #1289, #2132, #3033 ) ) ;
#625 = ORIENTED_EDGE ( 'NONE', *, *, #1783, .T. ) ;
#626 = CARTESIAN_POINT ( 'NONE',  ( -25.00000000000843414, 50.38603984149722947, 3.000000000000000000 ) ) ;
#627 = DIRECTION ( 'NONE',  ( -0.000000000000000000, -0.000000000000000000, -1.000000000000000000 ) ) ;
#628 = ORIENTED_EDGE ( 'NONE', *, *, #2140, .F. ) ;
#629 = EDGE_CURVE ( 'NONE', #1099, #38, #2549, .T. ) ;
#630 = PERSON_AND_ORGANIZATION ( #572, #2918 ) ;
#631 = CARTESIAN_POINT ( 'NONE',  ( -4.187622471008011518E-12, -1.734723475976806306E-15, 3.000000000000000000 ) ) ;
#632 = DIRECTION ( 'NONE',  ( -0.000000000000000000, -0.000000000000000000, -1.000000000000000000 ) ) ;
#633 = DIRECTION ( 'NONE',  ( -0.000000000000000000, -0.000000000000000000, -1.000000000000000000 ) ) ;
#634 = ORIENTED_EDGE ( 'NONE', *, *, #2461, .T. ) ;
#635 = ORIENTED_EDGE ( 'NONE', *, *, #714, .F. ) ;
#636 = ORIENTED_EDGE ( 'NONE', *, *, #3223, .T. ) ;
#637 = ADVANCED_FACE ( 'NONE', ( #1462 ), #479, .F. ) ;
#638 = FACE_BOUND ( 'NONE', #1348, .T. ) ;
#639 = AXIS2_PLACEMENT_3D ( 'NONE', #177, #722, #2805 ) ;
#640 = DIRECTION ( 'NONE',  ( -0.7071067811865476838, 0.7071067811865474617, 0.000000000000000000 ) ) ;
#641 = CARTESIAN_POINT ( 'NONE',  ( -45.25483399594766354, -60.81118318203566986, -6.000000000000000000 ) ) ;
#642 = ORIENTED_EDGE ( 'NONE', *, *, #1529, .F. ) ;
#643 = AXIS2_PLACEMENT_3D ( 'NONE', #783, #106, #863 ) ;
#644 = DIRECTION ( 'NONE',  ( 1.000000000000000000, 0.000000000000000000, 0.000000000000000000 ) ) ;
#645 = AXIS2_PLACEMENT_3D ( 'NONE', #3041, #123, #2222 ) ;
#646 = CYLINDRICAL_SURFACE ( 'NONE', #3319, 1.750000000006041834 ) ;
#647 = EDGE_LOOP ( 'NONE', ( #1053, #3428, #2987, #670 ) ) ;
#648 = VERTEX_POINT ( 'NONE', #209 ) ;
#649 = CIRCLE ( 'NONE', #2443, 5.000000000000000888 ) ;
#650 = DIRECTION ( 'NONE',  ( 1.000000000000000000, 0.000000000000000000, 0.000000000000000000 ) ) ;
#651 = PERSON_AND_ORGANIZATION ( #572, #2918 ) ;
#652 = CIRCLE ( 'NONE', #2708, 6.000000000000003553 ) ;
#653 = EDGE_CURVE ( 'NONE', #2243, #1803, #3133, .T. ) ;
#654 = CYLINDRICAL_SURFACE ( 'NONE', #558, 5.000000000000000888 ) ;
#655 = CARTESIAN_POINT ( 'NONE',  ( -26.16295090390852351, 37.47665940288910491, -6.000000000000000000 ) ) ;
#656 = CARTESIAN_POINT ( 'NONE',  ( 40.30508652762596711, 51.61879502661800956, 3.000000000000000000 ) ) ;
#657 = EDGE_LOOP ( 'NONE', ( #488, #2310, #2810, #1410 ) ) ;
#658 = ORIENTED_EDGE ( 'NONE', *, *, #2021, .F. ) ;
#659 = VERTEX_POINT ( 'NONE', #1729 ) ;
#660 = CIRCLE ( 'NONE', #321, 1.750000000002700729 ) ;
#661 = DIRECTION ( 'NONE',  ( 0.7071067811865456854, 0.7071067811865492381, -3.469446951953612217E-15 ) ) ;
#662 = CARTESIAN_POINT ( 'NONE',  ( -26.16295090391114542, 9.999999999999996447, 3.000000000000000000 ) ) ;
#663 = CARTESIAN_POINT ( 'NONE',  ( 45.25483399594766354, -60.81118318203566986, -6.000000000000000000 ) ) ;
#664 = LINE ( 'NONE', #896, #2332 ) ;
#665 = CARTESIAN_POINT ( 'NONE',  ( 51.61879502661385999, -40.30508652763011668, -6.000000000000000000 ) ) ;
#666 = CARTESIAN_POINT ( 'NONE',  ( 39.59797974643551299, 19.89949493661654145, 0.000000000000000000 ) ) ;
#667 = EDGE_CURVE ( 'NONE', #890, #3040, #1218, .T. ) ;
#668 = CARTESIAN_POINT ( 'NONE',  ( -39.59797974644813223, 0.000000000000000000, 3.000000000000000000 ) ) ;
#669 = VERTEX_POINT ( 'NONE', #3407 ) ;
#670 = ORIENTED_EDGE ( 'NONE', *, *, #1454, .F. ) ;
#671 = CARTESIAN_POINT ( 'NONE',  ( 60.81118318203145634, 45.25483399594343581, 3.000000000000000000 ) ) ;
#672 = APPROVAL_ROLE ( '' ) ;
#673 = LINE ( 'NONE', #1479, #3151 ) ;
#674 = LINE ( 'NONE', #2797, #2006 ) ;
#675 = ORIENTED_EDGE ( 'NONE', *, *, #3149, .F. ) ;
#676 = ORIENTED_EDGE ( 'NONE', *, *, #2265, .T. ) ;
#677 = ORIENTED_EDGE ( 'NONE', *, *, #960, .F. ) ;
#678 = CARTESIAN_POINT ( 'NONE',  ( -45.25483399594766354, -60.81118318203566986, -6.000000000000000000 ) ) ;
#679 = CYLINDRICAL_SURFACE ( 'NONE', #2411, 1.750000000000501155 ) ;
#680 = DIRECTION ( 'NONE',  ( -0.000000000000000000, 0.000000000000000000, 1.000000000000000000 ) ) ;
#681 = CARTESIAN_POINT ( 'NONE',  ( 25.00000000000001066, -45.38603984149722237, 0.000000000000000000 ) ) ;
#682 = ORIENTED_EDGE ( 'NONE', *, *, #1539, .T. ) ;
#683 = DIRECTION ( 'NONE',  ( -0.000000000000000000, -0.000000000000000000, -1.000000000000000000 ) ) ;
#684 = CARTESIAN_POINT ( 'NONE',  ( 65.03300858898747094, 65.03300858898744252, -8.500000000000000000 ) ) ;
#685 = ORIENTED_EDGE ( 'NONE', *, *, #1022, .F. ) ;
#686 = EDGE_LOOP ( 'NONE', ( #459, #23, #2220, #620 ) ) ;
#687 = CARTESIAN_POINT ( 'NONE',  ( -53.03300858899167025, 53.03300858899167025, 3.000000000000000000 ) ) ;
#688 = ADVANCED_FACE ( 'NONE', ( #397 ), #1195, .T. ) ;
#689 = EDGE_CURVE ( 'NONE', #2841, #2537, #431, .T. ) ;
#690 = FACE_OUTER_BOUND ( 'NONE', #494, .T. ) ;
#691 = DIRECTION ( 'NONE',  ( -0.000000000000000000, -0.000000000000000000, -1.000000000000000000 ) ) ;
#692 = ORIENTED_EDGE ( 'NONE', *, *, #2423, .T. ) ;
#693 = ORIENTED_EDGE ( 'NONE', *, *, #2993, .F. ) ;
#694 = VERTEX_POINT ( 'NONE', #3096 ) ;
#695 = LINE ( 'NONE', #3367, #370 ) ;
#696 = CYLINDRICAL_SURFACE ( 'NONE', #3345, 1.749999999995040190 ) ;
#697 = DIRECTION ( 'NONE',  ( -0.000000000000000000, -0.000000000000000000, -1.000000000000000000 ) ) ;
#698 = PLANE ( 'NONE',  #639 ) ;
#699 = CARTESIAN_POINT ( 'NONE',  ( 0.000000000000000000, 0.000000000000000000, 0.000000000000000000 ) ) ;
#700 = DIRECTION ( 'NONE',  ( 0.000000000000000000, -0.000000000000000000, -1.000000000000000000 ) ) ;
#701 = EDGE_CURVE ( 'NONE', #1705, #2440, #695, .T. ) ;
#702 = VECTOR ( 'NONE', #1526, 1000.000000000000000 ) ;
#703 = CARTESIAN_POINT ( 'NONE',  ( -45.25483399594766354, 60.81118318203566986, 3.000000000000000000 ) ) ;
#704 = CARTESIAN_POINT ( 'NONE',  ( -28.66295090391114186, -10.00000000000000355, 0.000000000000000000 ) ) ;
#705 = ORIENTED_EDGE ( 'NONE', *, *, #396, .F. ) ;
#706 = EDGE_CURVE ( 'NONE', #2537, #798, #2313, .T. ) ;
#707 = EDGE_LOOP ( 'NONE', ( #2143, #1360 ) ) ;
#708 = AXIS2_PLACEMENT_3D ( 'NONE', #2174, #515, #1328 ) ;
#709 = DATE_AND_TIME ( #1554, #1478 ) ;
#710 = CIRCLE ( 'NONE', #2164, 1.749999999997198241 ) ;
#711 = AXIS2_PLACEMENT_3D ( 'NONE', #1838, #2382, #2090 ) ;
#712 = CARTESIAN_POINT ( 'NONE',  ( 61.17619643385209827, 68.88982074412282941, -6.000000000000000000 ) ) ;
#713 = CARTESIAN_POINT ( 'NONE',  ( -37.47665940289328290, 26.16295090390434197, -6.000000000000000000 ) ) ;
#714 = EDGE_CURVE ( 'NONE', #1788, #802, #2822, .T. ) ;
#715 = ORIENTED_EDGE ( 'NONE', *, *, #2202, .F. ) ;
#716 = VERTEX_POINT ( 'NONE', #2570 ) ;
#717 = CIRCLE ( 'NONE', #2831, 2.500000000000002220 ) ;
#718 = ORIENTED_EDGE ( 'NONE', *, *, #939, .F. ) ;
#719 = DIRECTION ( 'NONE',  ( -0.7071067811865474617, 0.7071067811865474617, 0.000000000000000000 ) ) ;
#720 = DIRECTION ( 'NONE',  ( -1.000000000000000000, 0.000000000000000000, 0.000000000000000000 ) ) ;
#721 = AXIS2_PLACEMENT_3D ( 'NONE', #2578, #2666, #1854 ) ;
#722 = DIRECTION ( 'NONE',  ( 0.000000000000000000, 1.000000000000000000, 0.000000000000000000 ) ) ;
#723 = CARTESIAN_POINT ( 'NONE',  ( -28.66295090391114186, 0.000000000000000000, 3.000000000000000000 ) ) ;
#724 = CARTESIAN_POINT ( 'NONE',  ( 45.25483399593931466, 60.81118318203566986, 3.000000000000000000 ) ) ;
#725 = EDGE_LOOP ( 'NONE', ( #1697, #1758, #293, #3034 ) ) ;
#726 = EDGE_LOOP ( 'NONE', ( #685, #2567, #1103, #2974 ) ) ;
#727 = DIRECTION ( 'NONE',  ( -1.000000000000000000, 0.000000000000000000, 0.000000000000000000 ) ) ;
#728 = CARTESIAN_POINT ( 'NONE',  ( -49.59797974644812513, -19.89949493662079050, 3.000000000000000000 ) ) ;
#729 = VERTEX_POINT ( 'NONE', #175 ) ;
#730 = ORIENTED_EDGE ( 'NONE', *, *, #452, .T. ) ;
#731 = DIRECTION ( 'NONE',  ( 1.000000000000000000, 0.000000000000000000, 0.000000000000000000 ) ) ;
#732 = EDGE_CURVE ( 'NONE', #648, #1867, #2705, .T. ) ;
#733 = DIRECTION ( 'NONE',  ( -0.000000000000000000, -0.000000000000000000, -1.000000000000000000 ) ) ;
#734 = DIRECTION ( 'NONE',  ( -0.000000000000000000, -0.000000000000000000, -1.000000000000000000 ) ) ;
#735 = CC_DESIGN_PERSON_AND_ORGANIZATION_ASSIGNMENT ( #1815, #2325, ( #3254 ) ) ;
#736 = LINE ( 'NONE', #3355, #1492 ) ;
#737 = ORIENTED_EDGE ( 'NONE', *, *, #1539, .F. ) ;
#738 = ORIENTED_EDGE ( 'NONE', *, *, #1529, .T. ) ;
#739 = CIRCLE ( 'NONE', #3419, 18.00000000000400746 ) ;
#740 = EDGE_CURVE ( 'NONE', #2014, #2440, #2597, .T. ) ;
#741 = CARTESIAN_POINT ( 'NONE',  ( -17.05324974626079637, 32.60959893234879559, -6.000000000000000000 ) ) ;
#742 = CARTESIAN_POINT ( 'NONE',  ( -45.25483399594766354, -60.81118318203566986, 3.000000000000000000 ) ) ;
#743 = ORIENTED_EDGE ( 'NONE', *, *, #768, .T. ) ;
#744 = FACE_OUTER_BOUND ( 'NONE', #2409, .T. ) ;
#745 = CARTESIAN_POINT ( 'NONE',  ( -39.59797974644813223, 19.89949493662079050, 3.000000000000000000 ) ) ;
#746 = CIRCLE ( 'NONE', #1978, 6.000000000000003553 ) ;
#747 = DIRECTION ( 'NONE',  ( -0.7071067811865474617, -0.7071067811865474617, -0.000000000000000000 ) ) ;
#748 = LINE ( 'NONE', #723, #442 ) ;
#749 = ADVANCED_FACE ( 'NONE', ( #462 ), #496, .F. ) ;
#750 = DIRECTION ( 'NONE',  ( 1.000000000000000000, 0.000000000000000000, 0.000000000000000000 ) ) ;
#751 = AXIS2_PLACEMENT_3D ( 'NONE', #2224, #1163, #2755 ) ;
#752 = VERTEX_POINT ( 'NONE', #2101 ) ;
#753 = ORIENTED_EDGE ( 'NONE', *, *, #3149, .T. ) ;
#754 = EDGE_CURVE ( 'NONE', #18, #2041, #2992, .T. ) ;
#755 = VECTOR ( 'NONE', #1960, 1000.000000000000000 ) ;
#756 = DIRECTION ( 'NONE',  ( -1.000000000000000000, 0.000000000000000000, 0.000000000000000000 ) ) ;
#757 = AXIS2_PLACEMENT_3D ( 'NONE', #469, #180, #2554 ) ;
#758 = FACE_OUTER_BOUND ( 'NONE', #1397, .T. ) ;
#759 = EDGE_LOOP ( 'NONE', ( #3045, #1452, #813, #1495 ) ) ;
#760 = AXIS2_PLACEMENT_3D ( 'NONE', #1805, #1235, #2860 ) ;
#761 = DIRECTION ( 'NONE',  ( -1.000000000000000000, 0.000000000000000000, 0.000000000000000000 ) ) ;
#762 = CARTESIAN_POINT ( 'NONE',  ( 35.72665940288441533, 26.16295090390431710, 3.000000000000000000 ) ) ;
#763 = EDGE_CURVE ( 'NONE', #1903, #594, #1323, .T. ) ;
#764 = CYLINDRICAL_SURFACE ( 'NONE', #711, 1.750000000000001554 ) ;
#765 = DIRECTION ( 'NONE',  ( -0.000000000000000000, -0.000000000000000000, -1.000000000000000000 ) ) ;
#766 = LINE ( 'NONE', #1310, #1090 ) ;
#767 = VECTOR ( 'NONE', #1585, 1000.000000000000000 ) ;
#768 = EDGE_CURVE ( 'NONE', #3342, #2408, #3207, .T. ) ;
#769 = ORIENTED_EDGE ( 'NONE', *, *, #901, .T. ) ;
#770 = ADVANCED_FACE ( 'NONE', ( #3158 ), #1023, .T. ) ;
#771 = LINE ( 'NONE', #1519, #838 ) ;
#772 = CYLINDRICAL_SURFACE ( 'NONE', #2942, 9.999999999999994671 ) ;
#773 = ORIENTED_EDGE ( 'NONE', *, *, #3036, .F. ) ;
#774 = CYLINDRICAL_SURFACE ( 'NONE', #1601, 18.00000000000400746 ) ;
#775 = DIRECTION ( 'NONE',  ( -0.000000000000000000, -0.000000000000000000, -1.000000000000000000 ) ) ;
#776 = DIRECTION ( 'NONE',  ( 1.000000000000000000, 0.000000000000000000, 0.000000000000000000 ) ) ;
#777 = ADVANCED_BREP_SHAPE_REPRESENTATION ( 'Top_Plate', ( #1641, #2478 ), #1587 ) ;
#778 = EDGE_CURVE ( 'NONE', #2842, #1903, #1426, .T. ) ;
#779 = DIRECTION ( 'NONE',  ( 1.000000000000000000, 0.000000000000000000, 0.000000000000000000 ) ) ;
#780 = ORIENTED_EDGE ( 'NONE', *, *, #1578, .T. ) ;
#781 = VERTEX_POINT ( 'NONE', #2627 ) ;
#782 = EDGE_CURVE ( 'NONE', #2408, #326, #1711, .T. ) ;
#783 = CARTESIAN_POINT ( 'NONE',  ( 23.66295090390276812, 0.000000000000000000, 3.000000000000000000 ) ) ;
#784 = ORIENTED_EDGE ( 'NONE', *, *, #1132, .T. ) ;
#785 = EDGE_CURVE ( 'NONE', #2073, #162, #1291, .T. ) ;
#786 = PRODUCT_DEFINITION ( 'UNKNOWN', '', #1760, #912 ) ;
#787 = CARTESIAN_POINT ( 'NONE',  ( -37.47665940289328290, -26.16295090390434908, 3.000000000000000000 ) ) ;
#788 = CARTESIAN_POINT ( 'NONE',  ( 24.41295090389951028, -37.47665940288907649, 3.000000000000000000 ) ) ;
#789 = ORIENTED_EDGE ( 'NONE', *, *, #2165, .T. ) ;
#790 = CARTESIAN_POINT ( 'NONE',  ( -35.72665940288722908, -26.16295090390434908, 3.000000000000000000 ) ) ;
#791 = FACE_BOUND ( 'NONE', #2100, .T. ) ;
#792 = DIRECTION ( 'NONE',  ( -0.7071067811865481278, -0.7071067811865470176, 0.000000000000000000 ) ) ;
#793 = ORIENTED_EDGE ( 'NONE', *, *, #754, .T. ) ;
#794 = DIRECTION ( 'NONE',  ( 1.000000000000000000, 0.000000000000000000, 0.000000000000000000 ) ) ;
#795 = EDGE_CURVE ( 'NONE', #1136, #583, #511, .T. ) ;
#796 = ORIENTED_EDGE ( 'NONE', *, *, #3036, .T. ) ;
#797 = ORIENTED_EDGE ( 'NONE', *, *, #408, .F. ) ;
#798 = VERTEX_POINT ( 'NONE', #1605 ) ;
#799 = EDGE_CURVE ( 'NONE', #944, #2886, #710, .T. ) ;
#800 = ORIENTED_EDGE ( 'NONE', *, *, #799, .F. ) ;
#801 = CARTESIAN_POINT ( 'NONE',  ( -7.778174593048193586, -7.778174593048193586, 0.000000000000000000 ) ) ;
#802 = VERTEX_POINT ( 'NONE', #2121 ) ;
#803 = DIRECTION ( 'NONE',  ( -0.000000000000000000, -0.000000000000000000, -1.000000000000000000 ) ) ;
#804 = AXIS2_PLACEMENT_3D ( 'NONE', #626, #1142, #3285 ) ;
#805 = LINE ( 'NONE', #63, #1582 ) ;
#806 = EDGE_CURVE ( 'NONE', #3350, #2135, #542, .T. ) ;
#807 = CYLINDRICAL_SURFACE ( 'NONE', #1322, 5.000000000000000888 ) ;
#808 = DIRECTION ( 'NONE',  ( -1.000000000000000000, 0.000000000000000000, 0.000000000000000000 ) ) ;
#809 = VECTOR ( 'NONE', #13, 1000.000000000000000 ) ;
#810 = ORIENTED_EDGE ( 'NONE', *, *, #3050, .T. ) ;
#811 = CARTESIAN_POINT ( 'NONE',  ( -30.00000000000843059, -50.38603984149722947, 3.000000000000000000 ) ) ;
#812 = CIRCLE ( 'NONE', #1267, 1.750000000000501155 ) ;
#813 = ORIENTED_EDGE ( 'NONE', *, *, #1454, .T. ) ;
#814 = ORIENTED_EDGE ( 'NONE', *, *, #87, .T. ) ;
#815 = DIRECTION ( 'NONE',  ( -0.000000000000000000, 0.000000000000000000, 1.000000000000000000 ) ) ;
#816 = ORIENTED_EDGE ( 'NONE', *, *, #424, .T. ) ;
#817 = CIRCLE ( 'NONE', #1756, 1.750000000006045386 ) ;
#818 = DIRECTION ( 'NONE',  ( 0.000000000000000000, 0.000000000000000000, 1.000000000000000000 ) ) ;
#819 = CIRCLE ( 'NONE', #3231, 9.999999999999994671 ) ;
#820 = DIRECTION ( 'NONE',  ( -1.000000000000000000, 0.000000000000000000, 0.000000000000000000 ) ) ;
#821 = ORIENTED_EDGE ( 'NONE', *, *, #1800, .T. ) ;
#822 = LINE ( 'NONE', #887, #2061 ) ;
#823 = LINE ( 'NONE', #2964, #1408 ) ;
#824 = DIRECTION ( 'NONE',  ( -0.7071067811865475727, -0.7071067811865475727, 0.000000000000000000 ) ) ;
#825 = CARTESIAN_POINT ( 'NONE',  ( -39.59797974644813223, 19.89949493662079050, 0.000000000000000000 ) ) ;
#826 = EDGE_LOOP ( 'NONE', ( #1439, #3205, #449, #1165 ) ) ;
#827 = EDGE_CURVE ( 'NONE', #162, #126, #1055, .T. ) ;
#828 = LINE ( 'NONE', #2108, #86 ) ;
#829 = LINE ( 'NONE', #2389, #867 ) ;
#830 = ORIENTED_EDGE ( 'NONE', *, *, #1007, .F. ) ;
#831 = ORIENTED_EDGE ( 'NONE', *, *, #554, .T. ) ;
#832 = CARTESIAN_POINT ( 'NONE',  ( -17.05324974626079637, -32.60959893234879559, 0.000000000000000000 ) ) ;
#833 = EDGE_LOOP ( 'NONE', ( #1383, #1164 ) ) ;
#834 = DIRECTION ( 'NONE',  ( 0.000000000000000000, -0.000000000000000000, -1.000000000000000000 ) ) ;
#835 = ORIENTED_EDGE ( 'NONE', *, *, #629, .T. ) ;
#836 = DIRECTION ( 'NONE',  ( 1.000000000000000000, 0.000000000000000000, 0.000000000000000000 ) ) ;
#837 = CYLINDRICAL_SURFACE ( 'NONE', #2394, 5.000000000000000888 ) ;
#838 = VECTOR ( 'NONE', #1035, 1000.000000000000000 ) ;
#839 = ORIENTED_EDGE ( 'NONE', *, *, #3006, .T. ) ;
#840 = FACE_BOUND ( 'NONE', #3181, .T. ) ;
#841 = PLANE ( 'NONE',  #2659 ) ;
#842 = EDGE_CURVE ( 'NONE', #2649, #913, #272, .T. ) ;
#843 = ORIENTED_EDGE ( 'NONE', *, *, #3187, .T. ) ;
#844 = VERTEX_POINT ( 'NONE', #2401 ) ;
#845 = CARTESIAN_POINT ( 'NONE',  ( -22.50000000000196110, 22.49999999999779021, 0.000000000000000000 ) ) ;
#846 = ADVANCED_FACE ( 'NONE', ( #744 ), #774, .F. ) ;
#847 = APPROVAL_PERSON_ORGANIZATION ( #409, #1409, #2795 ) ;
#848 = ORIENTED_EDGE ( 'NONE', *, *, #2096, .F. ) ;
#849 = DIRECTION ( 'NONE',  ( -1.000000000000000000, 0.000000000000000000, 0.000000000000000000 ) ) ;
#850 = DIRECTION ( 'NONE',  ( 0.7071067811865493491, -0.7071067811865456854, 0.000000000000000000 ) ) ;
#851 = CIRCLE ( 'NONE', #422, 9.999999999999994671 ) ;
#852 = CARTESIAN_POINT ( 'NONE',  ( -35.72665940288723618, 26.16295090390434197, -6.000000000000000000 ) ) ;
#853 = DIRECTION ( 'NONE',  ( 0.7071067811865477948, -0.7071067811865473507, 0.000000000000000000 ) ) ;
#854 = CARTESIAN_POINT ( 'NONE',  ( 0.000000000000000000, 0.000000000000000000, -6.000000000000000000 ) ) ;
#855 = DIRECTION ( 'NONE',  ( 1.000000000000000000, 0.000000000000000000, 0.000000000000000000 ) ) ;
#856 = VERTEX_POINT ( 'NONE', #1879 ) ;
#857 = VECTOR ( 'NONE', #3083, 999.9999999999998863 ) ;
#858 = CARTESIAN_POINT ( 'NONE',  ( -27.91295090391456313, -37.47665940288910491, 3.000000000000000000 ) ) ;
#859 = ADVANCED_FACE ( 'NONE', ( #1573, #240, #1863 ), #3454, .F. ) ;
#860 = AXIS2_PLACEMENT_3D ( 'NONE', #2550, #2331, #661 ) ;
#861 = ORIENTED_EDGE ( 'NONE', *, *, #2970, .F. ) ;
#862 = ORIENTED_EDGE ( 'NONE', *, *, #198, .T. ) ;
#863 = DIRECTION ( 'NONE',  ( 0.000000000000000000, 0.000000000000000000, 1.000000000000000000 ) ) ;
#864 = VECTOR ( 'NONE', #2034, 1000.000000000000000 ) ;
#865 = VERTEX_POINT ( 'NONE', #2379 ) ;
#866 = ADVANCED_FACE ( 'NONE', ( #3191 ), #2925, .T. ) ;
#867 = VECTOR ( 'NONE', #2142, 1000.000000000000114 ) ;
#868 = CIRCLE ( 'NONE', #1436, 1.750000000002464917 ) ;
#869 = DIRECTION ( 'NONE',  ( -0.000000000000000000, 0.000000000000000000, 1.000000000000000000 ) ) ;
#870 = FACE_BOUND ( 'NONE', #2976, .T. ) ;
#871 = EDGE_CURVE ( 'NONE', #3342, #1421, #649, .T. ) ;
#872 = CARTESIAN_POINT ( 'NONE',  ( -38.55508652763334254, -51.61879502661891905, 3.000000000000000000 ) ) ;
#873 = EDGE_LOOP ( 'NONE', ( #354, #2029, #1514, #172 ) ) ;
#874 = EDGE_LOOP ( 'NONE', ( #1502, #3366, #682, #2714 ) ) ;
#875 = FACE_BOUND ( 'NONE', #2503, .T. ) ;
#876 = DIRECTION ( 'NONE',  ( -0.000000000000000000, -0.000000000000000000, -1.000000000000000000 ) ) ;
#877 = CARTESIAN_POINT ( 'NONE',  ( -28.66295090391114186, 9.999999999999996447, 3.000000000000000000 ) ) ;
#878 = ORIENTED_EDGE ( 'NONE', *, *, #2952, .T. ) ;
#879 = EDGE_CURVE ( 'NONE', #2479, #2177, #48, .T. ) ;
#880 = ORIENTED_EDGE ( 'NONE', *, *, #2970, .T. ) ;
#881 = DIRECTION ( 'NONE',  ( -0.000000000000000000, -0.000000000000000000, -1.000000000000000000 ) ) ;
#882 = LINE ( 'NONE', #108, #3380 ) ;
#883 = ORIENTED_EDGE ( 'NONE', *, *, #1067, .F. ) ;
#884 = CALENDAR_DATE ( 2026, 2, 5 ) ;
#885 = EDGE_CURVE ( 'NONE', #2073, #856, #2168, .T. ) ;
#886 = CC_DESIGN_DATE_AND_TIME_ASSIGNMENT ( #148, #2263, ( #786 ) ) ;
#887 = CARTESIAN_POINT ( 'NONE',  ( 68.88982074412285783, 61.17619643385206984, -6.000000000000000000 ) ) ;
#888 = CARTESIAN_POINT ( 'NONE',  ( 42.52691193457422969, -26.97056274847784607, 0.000000000000000000 ) ) ;
#889 = DIRECTION ( 'NONE',  ( 1.000000000000000000, 0.000000000000000000, 0.000000000000000000 ) ) ;
#890 = VERTEX_POINT ( 'NONE', #3227 ) ;
#891 = ORIENTED_EDGE ( 'NONE', *, *, #99, .F. ) ;
#892 = DIRECTION ( 'NONE',  ( 0.000000000000000000, 0.000000000000000000, 1.000000000000000000 ) ) ;
#893 = FACE_BOUND ( 'NONE', #279, .T. ) ;
#894 = LINE ( 'NONE', #81, #249 ) ;
#895 = DIRECTION ( 'NONE',  ( -0.000000000000000000, -0.000000000000000000, -1.000000000000000000 ) ) ;
#896 = CARTESIAN_POINT ( 'NONE',  ( -53.03300858899167025, 53.03300858899167025, 3.000000000000000000 ) ) ;
#897 = PLANE ( 'NONE',  #2875 ) ;
#898 = VERTEX_POINT ( 'NONE', #852 ) ;
#899 = FACE_BOUND ( 'NONE', #553, .T. ) ;
#900 = AXIS2_PLACEMENT_3D ( 'NONE', #1051, #1583, #3188 ) ;
#901 = EDGE_CURVE ( 'NONE', #199, #563, #2978, .T. ) ;
#902 = LINE ( 'NONE', #1183, #2811 ) ;
#903 = AXIS2_PLACEMENT_3D ( 'NONE', #3229, #1864, #2926 ) ;
#904 = ORIENTED_EDGE ( 'NONE', *, *, #2993, .T. ) ;
#905 = ORIENTED_EDGE ( 'NONE', *, *, #740, .F. ) ;
#906 = EDGE_CURVE ( 'NONE', #2008, #563, #1924, .T. ) ;
#907 = AXIS2_PLACEMENT_3D ( 'NONE', #3361, #966, #1268 ) ;
#908 = CARTESIAN_POINT ( 'NONE',  ( 68.88982074412285783, -61.17619643385206984, -6.000000000000000000 ) ) ;
#909 = DIRECTION ( 'NONE',  ( 0.000000000000000000, -0.000000000000000000, -1.000000000000000000 ) ) ;
#910 = ORIENTED_EDGE ( 'NONE', *, *, #1618, .F. ) ;
#911 = ORIENTED_EDGE ( 'NONE', *, *, #2170, .T. ) ;
#912 = DESIGN_CONTEXT ( 'detailed design', #1938, 'design' ) ;
#913 = VERTEX_POINT ( 'NONE', #2210 ) ;
#914 = LINE ( 'NONE', #1971, #3384 ) ;
#915 = EDGE_CURVE ( 'NONE', #1871, #1814, #822, .T. ) ;
#916 = CARTESIAN_POINT ( 'NONE',  ( -60.81118318203986206, 45.25483399594347134, -6.000000000000000000 ) ) ;
#917 = CYLINDRICAL_SURFACE ( 'NONE', #2950, 1.750000000002464917 ) ;
#918 = CARTESIAN_POINT ( 'NONE',  ( 49.86879502661881958, 40.30508652763011668, 3.000000000000000000 ) ) ;
#919 = CARTESIAN_POINT ( 'NONE',  ( 23.66295090390276812, 0.000000000000000000, 3.000000000000000000 ) ) ;
#920 = VECTOR ( 'NONE', #1162, 1000.000000000000114 ) ;
#921 = CIRCLE ( 'NONE', #1923, 1.749999999997198241 ) ;
#922 = LINE ( 'NONE', #2005, #1311 ) ;
#923 = ORIENTED_EDGE ( 'NONE', *, *, #270, .T. ) ;
#924 = ORIENTED_EDGE ( 'NONE', *, *, #107, .T. ) ;
#925 = AXIS2_PLACEMENT_3D ( 'NONE', #1424, #892, #2480 ) ;
#926 = APPROVAL_STATUS ( 'not_yet_approved' ) ;
#927 = CIRCLE ( 'NONE', #1715, 1.750000000000501155 ) ;
#928 = VECTOR ( 'NONE', #64, 1000.000000000000000 ) ;
#929 = DIRECTION ( 'NONE',  ( -1.000000000000000000, 0.000000000000000000, 0.000000000000000000 ) ) ;
#930 = DIRECTION ( 'NONE',  ( -1.000000000000000000, 0.000000000000000000, 0.000000000000000000 ) ) ;
#931 = EDGE_LOOP ( 'NONE', ( #6, #1660, #3330, #1079 ) ) ;
#932 = ORIENTED_EDGE ( 'NONE', *, *, #2123, .F. ) ;
#933 = ORIENTED_EDGE ( 'NONE', *, *, #2954, .T. ) ;
#934 = CARTESIAN_POINT ( 'NONE',  ( 32.60959893235297358, 17.05324974625659351, -6.000000000000000000 ) ) ;
#935 = CYLINDRICAL_SURFACE ( 'NONE', #3079, 1.749999999995040190 ) ;
#936 = CARTESIAN_POINT ( 'NONE',  ( 23.66295090390276812, -10.00000000000000355, 3.000000000000000000 ) ) ;
#937 = FACE_BOUND ( 'NONE', #833, .T. ) ;
#938 = CARTESIAN_POINT ( 'NONE',  ( 22.49999999999803180, 22.49999999999778666, 3.000000000000000000 ) ) ;
#939 = EDGE_CURVE ( 'NONE', #528, #3213, #3051, .T. ) ;
#940 = CARTESIAN_POINT ( 'NONE',  ( 32.60959893235297358, -17.05324974625659351, -6.000000000000000000 ) ) ;
#941 = AXIS2_PLACEMENT_3D ( 'NONE', #1527, #1752, #1236 ) ;
#942 = FACE_OUTER_BOUND ( 'NONE', #1798, .T. ) ;
#943 = ORIENTED_EDGE ( 'NONE', *, *, #3323, .T. ) ;
#944 = VERTEX_POINT ( 'NONE', #322 ) ;
#945 = DIRECTION ( 'NONE',  ( -1.000000000000000000, 0.000000000000000000, 0.000000000000000000 ) ) ;
#946 = CARTESIAN_POINT ( 'NONE',  ( -28.66295090391114186, 9.999999999999996447, 3.000000000000000000 ) ) ;
#947 = EDGE_CURVE ( 'NONE', #326, #328, #1117, .T. ) ;
#948 = CARTESIAN_POINT ( 'NONE',  ( 20.74999999999556977, -22.50000000000197176, 0.000000000000000000 ) ) ;
#949 = EDGE_LOOP ( 'NONE', ( #3418, #3364, #1970, #2495 ) ) ;
#950 = ORIENTED_EDGE ( 'NONE', *, *, #1553, .T. ) ;
#951 = ORIENTED_EDGE ( 'NONE', *, *, #2961, .F. ) ;
#952 = PRODUCT ( 'Top_Plate', 'Top_Plate', '', ( #1149 ) ) ;
#953 = DIRECTION ( 'NONE',  ( 1.000000000000000000, 0.000000000000000000, 0.000000000000000000 ) ) ;
#954 = DIRECTION ( 'NONE',  ( -1.000000000000000000, 0.000000000000000000, 0.000000000000000000 ) ) ;
#955 = ADVANCED_FACE ( 'NONE', ( #2459 ), #1684, .F. ) ;
#956 = CARTESIAN_POINT ( 'NONE',  ( -24.41295090390248035, 37.47665940288910491, 3.000000000000000000 ) ) ;
#957 = PLANE ( 'NONE',  #425 ) ;
#958 = LINE ( 'NONE', #2037, #1499 ) ;
#959 = FACE_OUTER_BOUND ( 'NONE', #657, .T. ) ;
#960 = EDGE_CURVE ( 'NONE', #2639, #694, #1555, .T. ) ;
#961 = DIRECTION ( 'NONE',  ( 1.000000000000000000, 0.000000000000000000, 0.000000000000000000 ) ) ;
#962 = ORIENTED_EDGE ( 'NONE', *, *, #1321, .F. ) ;
#963 = ORIENTED_EDGE ( 'NONE', *, *, #506, .F. ) ;
#964 = DIRECTION ( 'NONE',  ( 1.000000000000000000, 0.000000000000000000, 0.000000000000000000 ) ) ;
#965 = EDGE_CURVE ( 'NONE', #3055, #225, #301, .T. ) ;
#966 = DIRECTION ( 'NONE',  ( 0.000000000000000000, -0.000000000000000000, -1.000000000000000000 ) ) ;
#967 = DIRECTION ( 'NONE',  ( 0.7071067811865474617, -0.7071067811865474617, 0.000000000000000000 ) ) ;
#968 = ORIENTED_EDGE ( 'NONE', *, *, #740, .T. ) ;
#969 = ORIENTED_EDGE ( 'NONE', *, *, #3074, .F. ) ;
#970 = ORIENTED_EDGE ( 'NONE', *, *, #2746, .T. ) ;
#971 = FACE_BOUND ( 'NONE', #1688, .T. ) ;
#972 = DIRECTION ( 'NONE',  ( -1.000000000000000000, 0.000000000000000000, 0.000000000000000000 ) ) ;
#973 = CARTESIAN_POINT ( 'NONE',  ( -32.60959893235297358, -17.05324974625659351, -6.000000000000000000 ) ) ;
#974 = CARTESIAN_POINT ( 'NONE',  ( 60.81118318203986206, 45.25483399594347134, -6.000000000000000000 ) ) ;
#975 = DIRECTION ( 'NONE',  ( 1.000000000000000000, 0.000000000000000000, 0.000000000000000000 ) ) ;
#976 = VECTOR ( 'NONE', #2951, 1000.000000000000114 ) ;
#977 = CARTESIAN_POINT ( 'NONE',  ( -37.47665940289328290, -26.16295090390434908, 3.000000000000000000 ) ) ;
#978 = DIRECTION ( 'NONE',  ( 0.7071067811865474617, 0.7071067811865474617, -0.000000000000000000 ) ) ;
#979 = ORIENTED_EDGE ( 'NONE', *, *, #1916, .F. ) ;
#980 = EDGE_LOOP ( 'NONE', ( #2159, #207, #2577, #2962 ) ) ;
#981 = DIRECTION ( 'NONE',  ( -0.000000000000000000, 0.000000000000000000, 1.000000000000000000 ) ) ;
#982 = EDGE_CURVE ( 'NONE', #559, #3251, #2740, .T. ) ;
#983 = AXIS2_PLACEMENT_3D ( 'NONE', #93, #1652, #1895 ) ;
#984 = ADVANCED_FACE ( 'NONE', ( #1966 ), #3029, .F. ) ;
#985 = AXIS2_PLACEMENT_3D ( 'NONE', #3148, #2629, #2419 ) ;
#986 = CARTESIAN_POINT ( 'NONE',  ( -18.00000000000819256, -1.734723475976806306E-15, 0.000000000000000000 ) ) ;
#987 = CARTESIAN_POINT ( 'NONE',  ( -20.97461218416942330, 28.68823649444016510, -6.000000000000000000 ) ) ;
#988 = ORIENTED_EDGE ( 'NONE', *, *, #452, .F. ) ;
#989 = VERTEX_POINT ( 'NONE', #1059 ) ;
#990 = AXIS2_PLACEMENT_3D ( 'NONE', #2874, #2377, #1848 ) ;
#991 = CARTESIAN_POINT ( 'NONE',  ( 0.000000000000000000, 55.38603984149722237, 3.000000000000000000 ) ) ;
#992 = CARTESIAN_POINT ( 'NONE',  ( -45.25483399594766354, 60.81118318203566986, 0.000000000000000000 ) ) ;
#993 = VECTOR ( 'NONE', #1892, 1000.000000000000114 ) ;
#994 = DIRECTION ( 'NONE',  ( -0.000000000000000000, 0.000000000000000000, 1.000000000000000000 ) ) ;
#995 = DIRECTION ( 'NONE',  ( -0.7071067811865474617, -0.7071067811865474617, 0.000000000000000000 ) ) ;
#996 = DIRECTION ( 'NONE',  ( 1.000000000000000000, 0.000000000000000000, 0.000000000000000000 ) ) ;
#997 = LINE ( 'NONE', #2319, #1595 ) ;
#998 = DIRECTION ( 'NONE',  ( 0.7071067811865474617, -0.7071067811865474617, 0.000000000000000000 ) ) ;
#999 = ADVANCED_FACE ( 'NONE', ( #3211 ), #2846, .F. ) ;
#1000 = VERTEX_POINT ( 'NONE', #1464 ) ;
#1001 = ORIENTED_EDGE ( 'NONE', *, *, #2091, .T. ) ;
#1002 = AXIS2_PLACEMENT_3D ( 'NONE', #3255, #1168, #3273 ) ;
#1003 = AXIS2_PLACEMENT_3D ( 'NONE', #2793, #981, #650 ) ;
#1004 = EDGE_CURVE ( 'NONE', #1000, #1451, #3169, .T. ) ;
#1005 = EDGE_CURVE ( 'NONE', #3167, #2219, #2446, .T. ) ;
#1006 = DIRECTION ( 'NONE',  ( -0.000000000000000000, -0.000000000000000000, -1.000000000000000000 ) ) ;
#1007 = EDGE_CURVE ( 'NONE', #3139, #1690, #2116, .T. ) ;
#1008 = CARTESIAN_POINT ( 'NONE',  ( -39.22665940289932962, 26.16295090390434197, 3.000000000000000000 ) ) ;
#1009 = VERTEX_POINT ( 'NONE', #2532 ) ;
#1010 = ORIENTED_EDGE ( 'NONE', *, *, #366, .T. ) ;
#1011 = FACE_BOUND ( 'NONE', #183, .T. ) ;
#1012 = FACE_OUTER_BOUND ( 'NONE', #2450, .T. ) ;
#1013 = FACE_OUTER_BOUND ( 'NONE', #2576, .T. ) ;
#1014 = CARTESIAN_POINT ( 'NONE',  ( 25.00000000000000355, 45.38603984149722237, 3.000000000000000000 ) ) ;
#1015 = VERTEX_POINT ( 'NONE', #973 ) ;
#1016 = EDGE_CURVE ( 'NONE', #1679, #3093, #1525, .T. ) ;
#1017 = AXIS2_PLACEMENT_3D ( 'NONE', #2266, #1212, #1188 ) ;
#1018 = VECTOR ( 'NONE', #491, 1000.000000000000000 ) ;
#1019 = LINE ( 'NONE', #712, #406 ) ;
#1020 = CARTESIAN_POINT ( 'NONE',  ( -42.52691193458264962, -26.97056274848627311, 3.000000000000000000 ) ) ;
#1021 = ORIENTED_EDGE ( 'NONE', *, *, #1809, .T. ) ;
#1022 = EDGE_CURVE ( 'NONE', #1867, #16, #3370, .T. ) ;
#1023 = PLANE ( 'NONE',  #2392 ) ;
#1024 = DIRECTION ( 'NONE',  ( 1.000000000000000000, 0.000000000000000000, 0.000000000000000000 ) ) ;
#1025 = DIRECTION ( 'NONE',  ( 1.000000000000000000, 0.000000000000000000, 0.000000000000000000 ) ) ;
#1026 = AXIS2_PLACEMENT_3D ( 'NONE', #3048, #2489, #2757 ) ;
#1027 = DIRECTION ( 'NONE',  ( 0.7071067811865477948, -0.7071067811865473507, 0.000000000000000000 ) ) ;
#1028 = EDGE_CURVE ( 'NONE', #1728, #562, #138, .T. ) ;
#1029 = LINE ( 'NONE', #231, #1203 ) ;
#1030 = CIRCLE ( 'NONE', #1870, 1.750000000000643485 ) ;
#1031 = VERTEX_POINT ( 'NONE', #2276 ) ;
#1032 = VERTEX_POINT ( 'NONE', #3336 ) ;
#1033 = CIRCLE ( 'NONE', #2441, 1.750000000000001554 ) ;
#1034 = AXIS2_PLACEMENT_3D ( 'NONE', #330, #2505, #2256 ) ;
#1035 = DIRECTION ( 'NONE',  ( -0.000000000000000000, -0.000000000000000000, -1.000000000000000000 ) ) ;
#1036 = AXIS2_PLACEMENT_3D ( 'NONE', #934, #2273, #3351 ) ;
#1037 = LINE ( 'NONE', #1269, #2655 ) ;
#1038 = EDGE_CURVE ( 'NONE', #2645, #2639, #1997, .T. ) ;
#1039 = ORIENTED_EDGE ( 'NONE', *, *, #1005, .F. ) ;
#1040 = VECTOR ( 'NONE', #3437, 1000.000000000000000 ) ;
#1041 = DIRECTION ( 'NONE',  ( -0.000000000000000000, -0.000000000000000000, -1.000000000000000000 ) ) ;
#1042 = DIRECTION ( 'NONE',  ( 1.000000000000000000, 0.000000000000000000, 0.000000000000000000 ) ) ;
#1043 = CARTESIAN_POINT ( 'NONE',  ( -24.41295090390248035, -37.47665940288910491, 3.000000000000000000 ) ) ;
#1044 = VECTOR ( 'NONE', #1558, 1000.000000000000000 ) ;
#1045 = CARTESIAN_POINT ( 'NONE',  ( -60.81118318203986206, -45.25483399594347134, 0.000000000000000000 ) ) ;
#1046 = DIRECTION ( 'NONE',  ( 0.7071067811865474617, -0.7071067811865474617, 0.000000000000000000 ) ) ;
#1047 = AXIS2_PLACEMENT_3D ( 'NONE', #3328, #633, #930 ) ;
#1048 = EDGE_LOOP ( 'NONE', ( #2146, #1320, #979, #784 ) ) ;
#1049 = VERTEX_POINT ( 'NONE', #2804 ) ;
#1050 = CC_DESIGN_PERSON_AND_ORGANIZATION_ASSIGNMENT ( #1229, #453, ( #1760 ) ) ;
#1051 = CARTESIAN_POINT ( 'NONE',  ( -37.47665940289328290, 26.16295090390434197, -6.000000000000000000 ) ) ;
#1052 = DIRECTION ( 'NONE',  ( -0.000000000000000000, 0.000000000000000000, 1.000000000000000000 ) ) ;
#1053 = ORIENTED_EDGE ( 'NONE', *, *, #799, .T. ) ;
#1054 = AXIS2_PLACEMENT_3D ( 'NONE', #451, #473, #945 ) ;
#1055 = LINE ( 'NONE', #1588, #1925 ) ;
#1056 = EDGE_CURVE ( 'NONE', #2958, #295, #2825, .T. ) ;
#1057 = CYLINDRICAL_SURFACE ( 'NONE', #2912, 2.500000000000002220 ) ;
#1058 = DIRECTION ( 'NONE',  ( -0.000000000000000000, -0.000000000000000000, -1.000000000000000000 ) ) ;
#1059 = CARTESIAN_POINT ( 'NONE',  ( 53.36879502660890040, 40.30508652763011668, -6.000000000000000000 ) ) ;
#1060 = ORIENTED_EDGE ( 'NONE', *, *, #3179, .T. ) ;
#1061 = CARTESIAN_POINT ( 'NONE',  ( 37.47665940288491271, 26.16295090390431710, -6.000000000000000000 ) ) ;
#1062 = EDGE_LOOP ( 'NONE', ( #1172, #472, #3186, #2548 ) ) ;
#1063 = ORIENTED_EDGE ( 'NONE', *, *, #468, .F. ) ;
#1064 = ORIENTED_EDGE ( 'NONE', *, *, #74, .F. ) ;
#1065 = EDGE_CURVE ( 'NONE', #890, #9, #3331, .T. ) ;
#1066 = VERTEX_POINT ( 'NONE', #2572 ) ;
#1067 = EDGE_CURVE ( 'NONE', #1015, #1953, #1237, .T. ) ;
#1068 = CARTESIAN_POINT ( 'NONE',  ( -23.66295090391114186, 0.000000000000000000, 3.000000000000000000 ) ) ;
#1069 = AXIS2_PLACEMENT_3D ( 'NONE', #75, #2011, #929 ) ;
#1070 = EDGE_CURVE ( 'NONE', #2488, #2453, #927, .T. ) ;
#1071 = ORIENTED_EDGE ( 'NONE', *, *, #1242, .F. ) ;
#1072 = DIRECTION ( 'NONE',  ( 0.000000000000000000, -0.000000000000000000, -1.000000000000000000 ) ) ;
#1073 = AXIS2_PLACEMENT_3D ( 'NONE', #787, #268, #3451 ) ;
#1074 = DIRECTION ( 'NONE',  ( -1.000000000000000000, 0.000000000000000000, 0.000000000000000000 ) ) ;
#1075 = FACE_OUTER_BOUND ( 'NONE', #154, .T. ) ;
#1076 = VERTEX_POINT ( 'NONE', #1807 ) ;
#1077 = DIRECTION ( 'NONE',  ( -0.7071067811865477948, 0.7071067811865473507, 0.000000000000000000 ) ) ;
#1078 = EDGE_LOOP ( 'NONE', ( #2081, #3242, #2341, #970 ) ) ;
#1079 = ORIENTED_EDGE ( 'NONE', *, *, #1104, .F. ) ;
#1080 = AXIS2_PLACEMENT_3D ( 'NONE', #3383, #3431, #1801 ) ;
#1081 = VERTEX_POINT ( 'NONE', #1325 ) ;
#1082 = VECTOR ( 'NONE', #213, 1000.000000000000000 ) ;
#1083 = DIRECTION ( 'NONE',  ( -0.000000000000000000, 0.000000000000000000, 1.000000000000000000 ) ) ;
#1084 = PRODUCT_DEFINITION_SHAPE ( 'NONE', 'NONE',  #786 ) ;
#1085 = AXIS2_PLACEMENT_3D ( 'NONE', #2383, #2617, #996 ) ;
#1086 = EDGE_CURVE ( 'NONE', #3363, #16, #3393, .T. ) ;
#1087 = ORIENTED_EDGE ( 'NONE', *, *, #965, .T. ) ;
#1088 = ADVANCED_FACE ( 'NONE', ( #1274 ), #513, .F. ) ;
#1089 = CARTESIAN_POINT ( 'NONE',  ( 39.59797974643551299, 19.89949493661654145, 3.000000000000000000 ) ) ;
#1090 = VECTOR ( 'NONE', #2897, 1000.000000000000000 ) ;
#1091 = CARTESIAN_POINT ( 'NONE',  ( -26.16295090390852351, -37.47665940288910491, 3.000000000000000000 ) ) ;
#1092 = LINE ( 'NONE', #3230, #928 ) ;
#1093 = VECTOR ( 'NONE', #2296, 1000.000000000000000 ) ;
#1094 = VERTEX_POINT ( 'NONE', #2908 ) ;
#1095 = CARTESIAN_POINT ( 'NONE',  ( 22.49999999999803180, 22.49999999999778666, 3.000000000000000000 ) ) ;
#1096 = CIRCLE ( 'NONE', #1381, 5.000000000000000888 ) ;
#1097 = DIRECTION ( 'NONE',  ( 0.7071067811865470176, 0.7071067811865481278, 0.000000000000000000 ) ) ;
#1098 = ORIENTED_EDGE ( 'NONE', *, *, #1976, .F. ) ;
#1099 = VERTEX_POINT ( 'NONE', #1822 ) ;
#1100 = EDGE_LOOP ( 'NONE', ( #2583, #2851, #2658, #2868 ) ) ;
#1101 = EDGE_CURVE ( 'NONE', #2073, #2876, #2765, .T. ) ;
#1102 = CARTESIAN_POINT ( 'NONE',  ( -24.25000000000442313, 22.49999999999779021, 0.000000000000000000 ) ) ;
#1103 = ORIENTED_EDGE ( 'NONE', *, *, #520, .T. ) ;
#1104 = EDGE_CURVE ( 'NONE', #594, #2891, #1556, .T. ) ;
#1105 = DIRECTION ( 'NONE',  ( -0.7071067811865470176, 0.7071067811865481278, -0.000000000000000000 ) ) ;
#1106 = DIRECTION ( 'NONE',  ( 1.000000000000000000, 0.000000000000000000, 0.000000000000000000 ) ) ;
#1107 = ORIENTED_EDGE ( 'NONE', *, *, #2941, .T. ) ;
#1108 = PLANE ( 'NONE',  #3268 ) ;
#1109 = EDGE_CURVE ( 'NONE', #299, #219, #3210, .T. ) ;
#1110 = ORIENTED_EDGE ( 'NONE', *, *, #1155, .F. ) ;
#1111 = EDGE_LOOP ( 'NONE', ( #843, #1160, #598, #387 ) ) ;
#1112 = DIRECTION ( 'NONE',  ( 1.000000000000000000, 0.000000000000000000, 0.000000000000000000 ) ) ;
#1113 = ORIENTED_EDGE ( 'NONE', *, *, #1056, .F. ) ;
#1114 = CARTESIAN_POINT ( 'NONE',  ( -26.16295090391114542, 9.999999999999996447, 0.000000000000000000 ) ) ;
#1115 = LINE ( 'NONE', #2430, #1560 ) ;
#1116 = EDGE_CURVE ( 'NONE', #1705, #295, #652, .T. ) ;
#1117 = LINE ( 'NONE', #1401, #592 ) ;
#1118 = CARTESIAN_POINT ( 'NONE',  ( 61.17619643385209827, -68.88982074412282941, -6.000000000000000000 ) ) ;
#1119 = CARTESIAN_POINT ( 'NONE',  ( -35.72665940288723618, 26.16295090390434197, 3.000000000000000000 ) ) ;
#1120 = FACE_OUTER_BOUND ( 'NONE', #1250, .T. ) ;
#1121 = ADVANCED_FACE ( 'NONE', ( #1563 ), #807, .F. ) ;
#1122 = DIRECTION ( 'NONE',  ( 1.000000000000000000, 0.000000000000000000, 0.000000000000000000 ) ) ;
#1123 = VERTEX_POINT ( 'NONE', #229 ) ;
#1124 = EDGE_LOOP ( 'NONE', ( #2834, #1873 ) ) ;
#1125 = EDGE_CURVE ( 'NONE', #2259, #1788, #156, .T. ) ;
#1126 = CARTESIAN_POINT ( 'NONE',  ( 7.778174593044016483, -7.778174593044016483, 3.000000000000000000 ) ) ;
#1127 = CIRCLE ( 'NONE', #2977, 1.750000000000001554 ) ;
#1128 = ORIENTED_EDGE ( 'NONE', *, *, #1208, .F. ) ;
#1129 = DIRECTION ( 'NONE',  ( 0.000000000000000000, -0.000000000000000000, -1.000000000000000000 ) ) ;
#1130 = VECTOR ( 'NONE', #3438, 1000.000000000000000 ) ;
#1131 = DIRECTION ( 'NONE',  ( -0.000000000000000000, 0.000000000000000000, 1.000000000000000000 ) ) ;
#1132 = EDGE_CURVE ( 'NONE', #1550, #3032, #1293, .T. ) ;
#1133 = AXIS2_PLACEMENT_3D ( 'NONE', #845, #3264, #3250 ) ;
#1134 = DIRECTION ( 'NONE',  ( -0.000000000000000000, 0.000000000000000000, 1.000000000000000000 ) ) ;
#1135 = EDGE_LOOP ( 'NONE', ( #968, #314, #1981, #3190, #1889, #2764, #692 ) ) ;
#1136 = VERTEX_POINT ( 'NONE', #1545 ) ;
#1137 = CIRCLE ( 'NONE', #2109, 6.000000000000003553 ) ;
#1138 = FACE_BOUND ( 'NONE', #3152, .T. ) ;
#1139 = AXIS2_PLACEMENT_3D ( 'NONE', #285, #1835, #2906 ) ;
#1140 = CYLINDRICAL_SURFACE ( 'NONE', #307, 1.750000000002464917 ) ;
#1141 = ORIENTED_EDGE ( 'NONE', *, *, #1553, .F. ) ;
#1142 = DIRECTION ( 'NONE',  ( -0.000000000000000000, 0.000000000000000000, 1.000000000000000000 ) ) ;
#1143 = VECTOR ( 'NONE', #1150, 1000.000000000000000 ) ;
#1144 = EDGE_CURVE ( 'NONE', #781, #2633, #3409, .T. ) ;
#1145 = DIRECTION ( 'NONE',  ( -0.000000000000000000, -0.000000000000000000, -1.000000000000000000 ) ) ;
#1146 = AXIS2_PLACEMENT_3D ( 'NONE', #476, #2638, #2890 ) ;
#1147 = ORIENTED_EDGE ( 'NONE', *, *, #806, .F. ) ;
#1148 = CIRCLE ( 'NONE', #2068, 5.000000000000000888 ) ;
#1149 = MECHANICAL_CONTEXT ( 'NONE', #1472, 'mechanical' ) ;
#1150 = DIRECTION ( 'NONE',  ( 1.000000000000000000, 0.000000000000000000, 0.000000000000000000 ) ) ;
#1151 = LINE ( 'NONE', #130, #1247 ) ;
#1152 = CARTESIAN_POINT ( 'NONE',  ( -22.50000000000196110, 22.49999999999779021, 0.000000000000000000 ) ) ;
#1153 = ORIENTED_EDGE ( 'NONE', *, *, #2265, .F. ) ;
#1154 = ORIENTED_EDGE ( 'NONE', *, *, #2165, .F. ) ;
#1155 = EDGE_CURVE ( 'NONE', #1206, #517, #2939, .T. ) ;
#1156 = CARTESIAN_POINT ( 'NONE',  ( -17.05324974626079637, 32.60959893234879559, -6.000000000000000000 ) ) ;
#1157 = DIRECTION ( 'NONE',  ( 0.000000000000000000, -0.000000000000000000, -1.000000000000000000 ) ) ;
#1158 = DIRECTION ( 'NONE',  ( 1.000000000000000000, 0.000000000000000000, 0.000000000000000000 ) ) ;
#1159 = VERTEX_POINT ( 'NONE', #2104 ) ;
#1160 = ORIENTED_EDGE ( 'NONE', *, *, #3022, .T. ) ;
#1161 = ADVANCED_FACE ( 'NONE', ( #1013 ), #274, .T. ) ;
#1162 = DIRECTION ( 'NONE',  ( 0.7071067811865474617, 0.7071067811865474617, 0.000000000000000000 ) ) ;
#1163 = DIRECTION ( 'NONE',  ( -0.7071067811865481278, 0.7071067811865470176, 0.000000000000000000 ) ) ;
#1164 = ORIENTED_EDGE ( 'NONE', *, *, #503, .T. ) ;
#1165 = ORIENTED_EDGE ( 'NONE', *, *, #66, .F. ) ;
#1166 = DIRECTION ( 'NONE',  ( 1.000000000000000000, 0.000000000000000000, 0.000000000000000000 ) ) ;
#1167 = ADVANCED_FACE ( 'NONE', ( #1075 ), #764, .F. ) ;
#1168 = DIRECTION ( 'NONE',  ( -0.000000000000000000, 0.000000000000000000, 1.000000000000000000 ) ) ;
#1169 = CARTESIAN_POINT ( 'NONE',  ( -37.47665940289328290, -26.16295090390434908, 3.000000000000000000 ) ) ;
#1170 = CYLINDRICAL_SURFACE ( 'NONE', #1047, 1.750000000002464917 ) ;
#1171 = ORIENTED_EDGE ( 'NONE', *, *, #487, .F. ) ;
#1172 = ORIENTED_EDGE ( 'NONE', *, *, #236, .F. ) ;
#1173 = DIRECTION ( 'NONE',  ( 0.000000000000000000, 1.000000000000000000, 0.000000000000000000 ) ) ;
#1174 = DIRECTION ( 'NONE',  ( -0.000000000000000000, -0.000000000000000000, -1.000000000000000000 ) ) ;
#1175 = DIRECTION ( 'NONE',  ( -1.000000000000000000, 0.000000000000000000, 0.000000000000000000 ) ) ;
#1176 = VECTOR ( 'NONE', #604, 1000.000000000000000 ) ;
#1177 = CARTESIAN_POINT ( 'NONE',  ( 28.66295090390276812, 0.000000000000000000, 3.000000000000000000 ) ) ;
#1178 = LINE ( 'NONE', #2299, #3433 ) ;
#1179 = CIRCLE ( 'NONE', #1750, 1.750000000006052270 ) ;
#1180 = DIRECTION ( 'NONE',  ( -1.000000000000000000, 0.000000000000000000, 0.000000000000000000 ) ) ;
#1181 = CIRCLE ( 'NONE', #1691, 1.749999999995040190 ) ;
#1182 = EDGE_CURVE ( 'NONE', #316, #2671, #2124, .T. ) ;
#1183 = CARTESIAN_POINT ( 'NONE',  ( 53.03300858898760595, -53.03300858898732173, 3.000000000000000000 ) ) ;
#1184 = ORIENTED_EDGE ( 'NONE', *, *, #497, .F. ) ;
#1185 = ORIENTED_EDGE ( 'NONE', *, *, #2844, .T. ) ;
#1186 = VECTOR ( 'NONE', #1402, 1000.000000000000000 ) ;
#1187 = CARTESIAN_POINT ( 'NONE',  ( -40.30508652763334254, 51.61879502661891905, -6.000000000000000000 ) ) ;
#1188 = DIRECTION ( 'NONE',  ( 1.000000000000000000, 0.000000000000000000, 0.000000000000000000 ) ) ;
#1189 = EDGE_CURVE ( 'NONE', #2639, #1869, #2894, .T. ) ;
#1190 = LINE ( 'NONE', #1438, #44 ) ;
#1191 = AXIS2_PLACEMENT_3D ( 'NONE', #2909, #2966, #1637 ) ;
#1192 = ORIENTED_EDGE ( 'NONE', *, *, #1976, .T. ) ;
#1193 = ORIENTED_EDGE ( 'NONE', *, *, #1398, .T. ) ;
#1194 = ORIENTED_EDGE ( 'NONE', *, *, #1568, .T. ) ;
#1195 = PLANE ( 'NONE',  #1036 ) ;
#1196 = AXIS2_PLACEMENT_3D ( 'NONE', #346, #365, #1180 ) ;
#1197 = CYLINDRICAL_SURFACE ( 'NONE', #2670, 9.999999999999960920 ) ;
#1198 = CARTESIAN_POINT ( 'NONE',  ( -39.59797974644813223, -19.89949493662079050, 3.000000000000000000 ) ) ;
#1199 = CARTESIAN_POINT ( 'NONE',  ( -42.05508652763334254, 51.61879502661891905, 3.000000000000000000 ) ) ;
#1200 = CARTESIAN_POINT ( 'NONE',  ( -30.00000000000843059, -50.38603984149722947, 3.000000000000000000 ) ) ;
#1201 = AXIS2_PLACEMENT_3D ( 'NONE', #2646, #1853, #526 ) ;
#1202 = CARTESIAN_POINT ( 'NONE',  ( -38.55508652763334254, 51.61879502661891905, -6.000000000000000000 ) ) ;
#1203 = VECTOR ( 'NONE', #1593, 1000.000000000000000 ) ;
#1204 = DIRECTION ( 'NONE',  ( -0.000000000000000000, 0.000000000000000000, 1.000000000000000000 ) ) ;
#1205 = ORIENTED_EDGE ( 'NONE', *, *, #2423, .F. ) ;
#1206 = VERTEX_POINT ( 'NONE', #1043 ) ;
#1207 = AXIS2_PLACEMENT_3D ( 'NONE', #136, #2802, #1486 ) ;
#1208 = EDGE_CURVE ( 'NONE', #1076, #2050, #3176, .T. ) ;
#1209 = PERSON_AND_ORGANIZATION ( #572, #2918 ) ;
#1210 = AXIS2_PLACEMENT_3D ( 'NONE', #1607, #482, #2662 ) ;
#1211 = AXIS2_PLACEMENT_3D ( 'NONE', #2997, #1420, #2494 ) ;
#1212 = DIRECTION ( 'NONE',  ( 0.000000000000000000, 0.000000000000000000, 1.000000000000000000 ) ) ;
#1213 = DIRECTION ( 'NONE',  ( -0.000000000000000000, -0.000000000000000000, -1.000000000000000000 ) ) ;
#1214 = ORIENTED_EDGE ( 'NONE', *, *, #827, .F. ) ;
#1215 = ORIENTED_EDGE ( 'NONE', *, *, #1861, .F. ) ;
#1216 = ORIENTED_EDGE ( 'NONE', *, *, #564, .T. ) ;
#1217 = EDGE_CURVE ( 'NONE', #1031, #3453, #1376, .T. ) ;
#1218 = LINE ( 'NONE', #2351, #1093 ) ;
#1219 = CARTESIAN_POINT ( 'NONE',  ( 51.61879502661385999, -40.30508652763011668, 3.000000000000000000 ) ) ;
#1220 = DIRECTION ( 'NONE',  ( -0.000000000000000000, -0.000000000000000000, -1.000000000000000000 ) ) ;
#1221 = EDGE_LOOP ( 'NONE', ( #3237, #2431 ) ) ;
#1222 = DIRECTION ( 'NONE',  ( 0.000000000000000000, -0.000000000000000000, 1.000000000000000000 ) ) ;
#1223 = ADVANCED_FACE ( 'NONE', ( #1120 ), #2197, .F. ) ;
#1224 = CARTESIAN_POINT ( 'NONE',  ( -38.55508652763334254, 51.61879502661891905, 3.000000000000000000 ) ) ;
#1225 = DIRECTION ( 'NONE',  ( 1.000000000000000000, 0.000000000000000000, -0.000000000000000000 ) ) ;
#1226 = ORIENTED_EDGE ( 'NONE', *, *, #1265, .T. ) ;
#1227 = VERTEX_POINT ( 'NONE', #1951 ) ;
#1228 = LINE ( 'NONE', #2852, #2722 ) ;
#1229 = PERSON_AND_ORGANIZATION ( #572, #2918 ) ;
#1230 = DIRECTION ( 'NONE',  ( 1.000000000000000000, 0.000000000000000000, 0.000000000000000000 ) ) ;
#1231 = DIRECTION ( 'NONE',  ( -0.7071067811865474617, -0.7071067811865474617, 0.000000000000000000 ) ) ;
#1232 = ORIENTED_EDGE ( 'NONE', *, *, #2922, .F. ) ;
#1233 = EDGE_LOOP ( 'NONE', ( #1887, #125, #905, #3024 ) ) ;
#1234 = ORIENTED_EDGE ( 'NONE', *, *, #795, .F. ) ;
#1235 = DIRECTION ( 'NONE',  ( 0.000000000000000000, -0.000000000000000000, -1.000000000000000000 ) ) ;
#1236 = DIRECTION ( 'NONE',  ( 0.7071067811865474617, 0.7071067811865474617, 0.000000000000000000 ) ) ;
#1237 = LINE ( 'NONE', #2316, #212 ) ;
#1238 = DIRECTION ( 'NONE',  ( -0.000000000000000000, -0.000000000000000000, -1.000000000000000000 ) ) ;
#1239 = CARTESIAN_POINT ( 'NONE',  ( -40.30508652763334254, 51.61879502661891905, -6.000000000000000000 ) ) ;
#1240 = LINE ( 'NONE', #1224, #255 ) ;
#1241 = VECTOR ( 'NONE', #1635, 1000.000000000000000 ) ;
#1242 = EDGE_CURVE ( 'NONE', #1094, #1789, #2994, .T. ) ;
#1243 = ORIENTED_EDGE ( 'NONE', *, *, #2345, .F. ) ;
#1244 = ORIENTED_EDGE ( 'NONE', *, *, #1208, .T. ) ;
#1245 = CARTESIAN_POINT ( 'NONE',  ( 0.000000000000000000, 0.000000000000000000, -6.000000000000000000 ) ) ;
#1246 = CIRCLE ( 'NONE', #3197, 1.750000000002700729 ) ;
#1247 = VECTOR ( 'NONE', #94, 1000.000000000000000 ) ;
#1248 = DIRECTION ( 'NONE',  ( 0.000000000000000000, -0.000000000000000000, -1.000000000000000000 ) ) ;
#1249 = DIRECTION ( 'NONE',  ( -1.000000000000000000, 0.000000000000000000, 0.000000000000000000 ) ) ;
#1250 = EDGE_LOOP ( 'NONE', ( #2940, #1698, #525, #835 ) ) ;
#1251 = EDGE_LOOP ( 'NONE', ( #1737, #2527, #234, #4 ) ) ;
#1252 = DIRECTION ( 'NONE',  ( 0.7071067811865481278, 0.7071067811865470176, -0.000000000000000000 ) ) ;
#1253 = EDGE_CURVE ( 'NONE', #1596, #2440, #432, .T. ) ;
#1254 = LINE ( 'NONE', #498, #2946 ) ;
#1255 = CARTESIAN_POINT ( 'NONE',  ( 24.41295090389951028, -37.47665940288907649, 3.000000000000000000 ) ) ;
#1256 = DIRECTION ( 'NONE',  ( 0.7071067811865474617, 0.7071067811865474617, -0.000000000000000000 ) ) ;
#1257 = DIRECTION ( 'NONE',  ( -0.000000000000000000, -0.000000000000000000, -1.000000000000000000 ) ) ;
#1258 = CIRCLE ( 'NONE', #3209, 1.749999999995040190 ) ;
#1259 = CARTESIAN_POINT ( 'NONE',  ( 26.16295090390015332, 37.47665940288907649, 3.000000000000000000 ) ) ;
#1260 = VECTOR ( 'NONE', #2600, 1000.000000000000000 ) ;
#1261 = CARTESIAN_POINT ( 'NONE',  ( -25.00000000000843414, 45.38603984149722237, 0.000000000000000000 ) ) ;
#1262 = ORIENTED_EDGE ( 'NONE', *, *, #3415, .T. ) ;
#1263 = ORIENTED_EDGE ( 'NONE', *, *, #1427, .F. ) ;
#1264 = PLANE ( 'NONE',  #2356 ) ;
#1265 = EDGE_CURVE ( 'NONE', #3040, #610, #2827, .T. ) ;
#1266 = VECTOR ( 'NONE', #719, 1000.000000000000114 ) ;
#1267 = AXIS2_PLACEMENT_3D ( 'NONE', #1403, #2965, #288 ) ;
#1268 = DIRECTION ( 'NONE',  ( 1.000000000000000000, 0.000000000000000000, 0.000000000000000000 ) ) ;
#1269 = CARTESIAN_POINT ( 'NONE',  ( -24.25000000000442313, 22.49999999999779021, 3.000000000000000000 ) ) ;
#1270 = ORIENTED_EDGE ( 'NONE', *, *, #2928, .F. ) ;
#1271 = ORIENTED_EDGE ( 'NONE', *, *, #653, .T. ) ;
#1272 = CARTESIAN_POINT ( 'NONE',  ( -32.60959893235297358, 17.05324974625659351, -6.000000000000000000 ) ) ;
#1273 = DIRECTION ( 'NONE',  ( 0.000000000000000000, -0.000000000000000000, -1.000000000000000000 ) ) ;
#1274 = FACE_OUTER_BOUND ( 'NONE', #980, .T. ) ;
#1275 = AXIS2_PLACEMENT_3D ( 'NONE', #228, #2907, #1292 ) ;
#1276 = CARTESIAN_POINT ( 'NONE',  ( -42.52691193458266383, -26.97056274848627311, 0.000000000000000000 ) ) ;
#1277 = EDGE_CURVE ( 'NONE', #3400, #2435, #1604, .T. ) ;
#1278 = DIRECTION ( 'NONE',  ( -1.000000000000000000, 0.000000000000000000, 0.000000000000000000 ) ) ;
#1279 = CARTESIAN_POINT ( 'NONE',  ( 60.81118318203986206, 45.25483399594347134, 0.000000000000000000 ) ) ;
#1280 = ORIENTED_EDGE ( 'NONE', *, *, #2773, .F. ) ;
#1281 = ADVANCED_FACE ( 'NONE', ( #1636 ), #588, .T. ) ;
#1282 = VERTEX_POINT ( 'NONE', #872 ) ;
#1283 = CARTESIAN_POINT ( 'NONE',  ( -42.05508652763334254, 51.61879502661891905, -6.000000000000000000 ) ) ;
#1284 = VECTOR ( 'NONE', #2066, 1000.000000000000114 ) ;
#1285 = ADVANCED_FACE ( 'NONE', ( #304 ), #3292, .T. ) ;
#1286 = CARTESIAN_POINT ( 'NONE',  ( -26.16295090391114542, 9.999999999999996447, 3.000000000000000000 ) ) ;
#1287 = CARTESIAN_POINT ( 'NONE',  ( 32.60959893235297358, -17.05324974625659351, -6.000000000000000000 ) ) ;
#1288 = EDGE_CURVE ( 'NONE', #548, #2931, #812, .T. ) ;
#1289 = ORIENTED_EDGE ( 'NONE', *, *, #341, .T. ) ;
#1290 = AXIS2_PLACEMENT_3D ( 'NONE', #2052, #1574, #972 ) ;
#1291 = LINE ( 'NONE', #1089, #1999 ) ;
#1292 = DIRECTION ( 'NONE',  ( -1.000000000000000000, 0.000000000000000000, 0.000000000000000000 ) ) ;
#1293 = LINE ( 'NONE', #211, #42 ) ;
#1294 = LINE ( 'NONE', #3162, #80 ) ;
#1295 = CARTESIAN_POINT ( 'NONE',  ( -32.60959893235297358, 17.05324974625659351, -6.000000000000000000 ) ) ;
#1296 = DIRECTION ( 'NONE',  ( 0.7071067811865475727, -0.7071067811865475727, 0.000000000000000000 ) ) ;
#1297 = EDGE_LOOP ( 'NONE', ( #55, #3221, #1623, #1039 ) ) ;
#1298 = VERTEX_POINT ( 'NONE', #2434 ) ;
#1299 = SHAPE_DEFINITION_REPRESENTATION ( #1084, #777 ) ;
#1300 = CIRCLE ( 'NONE', #575, 1.750000000000643485 ) ;
#1301 = CYLINDRICAL_SURFACE ( 'NONE', #3038, 5.999999999999998224 ) ;
#1302 = DIRECTION ( 'NONE',  ( -0.7071067811865477948, -0.7071067811865473507, -0.000000000000000000 ) ) ;
#1303 = VERTEX_POINT ( 'NONE', #605 ) ;
#1304 = DIRECTION ( 'NONE',  ( 1.000000000000000000, 0.000000000000000000, 0.000000000000000000 ) ) ;
#1305 = EDGE_CURVE ( 'NONE', #559, #2193, #1096, .T. ) ;
#1306 = LINE ( 'NONE', #992, #2400 ) ;
#1307 = CARTESIAN_POINT ( 'NONE',  ( 24.83142433930478887, 24.83142433930478177, -8.500000000000000000 ) ) ;
#1308 = LOCAL_TIME ( 18, 39, 56.00000000000000000, #3027 ) ;
#1309 = PLANE ( 'NONE',  #3276 ) ;
#1310 = CARTESIAN_POINT ( 'NONE',  ( -24.25000000000442668, -22.50000000000197886, 3.000000000000000000 ) ) ;
#1311 = VECTOR ( 'NONE', #3341, 1000.000000000000114 ) ;
#1312 = ORIENTED_EDGE ( 'NONE', *, *, #2147, .F. ) ;
#1313 = ORIENTED_EDGE ( 'NONE', *, *, #2202, .T. ) ;
#1314 = CIRCLE ( 'NONE', #1133, 1.750000000002461364 ) ;
#1315 = ADVANCED_FACE ( 'NONE', ( #2949 ), #837, .F. ) ;
#1316 = CIRCLE ( 'NONE', #367, 1.750000000002530864 ) ;
#1317 = DIRECTION ( 'NONE',  ( -0.000000000000000000, -0.000000000000000000, -1.000000000000000000 ) ) ;
#1318 = AXIS2_PLACEMENT_3D ( 'NONE', #2696, #1708, #79 ) ;
#1319 = CARTESIAN_POINT ( 'NONE',  ( 26.16295090390015332, -37.47665940288907649, -6.000000000000000000 ) ) ;
#1320 = ORIENTED_EDGE ( 'NONE', *, *, #906, .F. ) ;
#1321 = EDGE_CURVE ( 'NONE', #9, #890, #3397, .T. ) ;
#1322 = AXIS2_PLACEMENT_3D ( 'NONE', #2616, #1058, #2862 ) ;
#1323 = LINE ( 'NONE', #790, #1876 ) ;
#1324 = FACE_OUTER_BOUND ( 'NONE', #190, .T. ) ;
#1325 = CARTESIAN_POINT ( 'NONE',  ( -20.74999999999949907, -22.50000000000197886, 0.000000000000000000 ) ) ;
#1326 = CIRCLE ( 'NONE', #1717, 1.750000000002464917 ) ;
#1327 = EDGE_CURVE ( 'NONE', #219, #1534, #1092, .T. ) ;
#1328 = DIRECTION ( 'NONE',  ( 1.000000000000000000, 0.000000000000000000, 0.000000000000000000 ) ) ;
#1329 = AXIS2_PLACEMENT_3D ( 'NONE', #1696, #2750, #1027 ) ;
#1330 = VERTEX_POINT ( 'NONE', #2980 ) ;
#1331 = VERTEX_POINT ( 'NONE', #1622 ) ;
#1332 = ADVANCED_FACE ( 'NONE', ( #1355 ), #1674, .F. ) ;
#1333 = ORIENTED_EDGE ( 'NONE', *, *, #2913, .T. ) ;
#1334 = DIRECTION ( 'NONE',  ( -0.000000000000000000, -0.000000000000000000, -1.000000000000000000 ) ) ;
#1335 = LINE ( 'NONE', #1817, #767 ) ;
#1336 = ORIENTED_EDGE ( 'NONE', *, *, #2518, .T. ) ;
#1337 = CIRCLE ( 'NONE', #1003, 1.750000000002461364 ) ;
#1338 = DIRECTION ( 'NONE',  ( -1.000000000000000000, 0.000000000000000000, 0.000000000000000000 ) ) ;
#1339 = DIRECTION ( 'NONE',  ( 0.000000000000000000, 1.000000000000000000, 0.000000000000000000 ) ) ;
#1340 = DIRECTION ( 'NONE',  ( -1.000000000000000000, 0.000000000000000000, 0.000000000000000000 ) ) ;
#1341 = ORIENTED_EDGE ( 'NONE', *, *, #3142, .F. ) ;
#1342 = DIRECTION ( 'NONE',  ( 1.000000000000000000, 0.000000000000000000, 0.000000000000000000 ) ) ;
#1343 = EDGE_CURVE ( 'NONE', #2479, #326, #2727, .T. ) ;
#1344 = ORIENTED_EDGE ( 'NONE', *, *, #906, .T. ) ;
#1345 = VERTEX_POINT ( 'NONE', #2476 ) ;
#1346 = EDGE_CURVE ( 'NONE', #2931, #2488, #324, .T. ) ;
#1347 = CC_DESIGN_DATE_AND_TIME_ASSIGNMENT ( #709, #2592, ( #3254 ) ) ;
#1348 = EDGE_LOOP ( 'NONE', ( #56, #743, #2744, #2721, #2621 ) ) ;
#1349 = PLANE ( 'NONE',  #3375 ) ;
#1350 = AXIS2_PLACEMENT_3D ( 'NONE', #655, #2780, #1847 ) ;
#1351 = DIRECTION ( 'NONE',  ( -1.000000000000000000, 0.000000000000000000, 0.000000000000000000 ) ) ;
#1352 = VERTEX_POINT ( 'NONE', #948 ) ;
#1353 = DIRECTION ( 'NONE',  ( 1.000000000000000000, 0.000000000000000000, 0.000000000000000000 ) ) ;
#1354 = DIRECTION ( 'NONE',  ( 0.7071067811865481278, -0.7071067811865470176, 0.000000000000000000 ) ) ;
#1355 = FACE_OUTER_BOUND ( 'NONE', #182, .T. ) ;
#1356 = VECTOR ( 'NONE', #2948, 1000.000000000000000 ) ;
#1357 = AXIS2_PLACEMENT_3D ( 'NONE', #2395, #834, #1907 ) ;
#1358 = EDGE_LOOP ( 'NONE', ( #1395, #1642 ) ) ;
#1359 = DIRECTION ( 'NONE',  ( -0.000000000000000000, 0.000000000000000000, 1.000000000000000000 ) ) ;
#1360 = ORIENTED_EDGE ( 'NONE', *, *, #1590, .F. ) ;
#1361 = VERTEX_POINT ( 'NONE', #3308 ) ;
#1362 = AXIS2_PLACEMENT_3D ( 'NONE', #3402, #1006, #2084 ) ;
#1363 = ORIENTED_EDGE ( 'NONE', *, *, #2941, .F. ) ;
#1364 = ADVANCED_FACE ( 'NONE', ( #1969 ), #1520, .F. ) ;
#1365 = LINE ( 'NONE', #801, #2920 ) ;
#1366 = CYLINDRICAL_SURFACE ( 'NONE', #2945, 1.750000000002700729 ) ;
#1367 = AXIS2_PLACEMENT_3D ( 'NONE', #596, #1667, #2192 ) ;
#1368 = EDGE_LOOP ( 'NONE', ( #1232, #1917, #1904, #1959 ) ) ;
#1369 = EDGE_CURVE ( 'NONE', #2886, #3262, #392, .T. ) ;
#1370 = AXIS2_PLACEMENT_3D ( 'NONE', #1577, #1612, #2387 ) ;
#1371 = CARTESIAN_POINT ( 'NONE',  ( 42.52691193457005170, 26.97056274848202406, 3.000000000000000000 ) ) ;
#1372 = CARTESIAN_POINT ( 'NONE',  ( 65.03300858898747094, -65.03300858898744252, -8.500000000000000000 ) ) ;
#1373 = VECTOR ( 'NONE', #417, 1000.000000000000000 ) ;
#1374 = ORIENTED_EDGE ( 'NONE', *, *, #1740, .F. ) ;
#1375 = FACE_BOUND ( 'NONE', #2094, .T. ) ;
#1376 = CIRCLE ( 'NONE', #315, 1.750000000000001554 ) ;
#1377 = DIRECTION ( 'NONE',  ( 0.7071067811865475727, 0.7071067811865475727, -0.000000000000000000 ) ) ;
#1378 = CARTESIAN_POINT ( 'NONE',  ( 20.74999999999550226, 22.49999999999778666, 3.000000000000000000 ) ) ;
#1379 = VERTEX_POINT ( 'NONE', #2012 ) ;
#1380 = ORIENTED_EDGE ( 'NONE', *, *, #667, .F. ) ;
#1381 = AXIS2_PLACEMENT_3D ( 'NONE', #353, #619, #1656 ) ;
#1382 = EDGE_CURVE ( 'NONE', #126, #3055, #2713, .T. ) ;
#1383 = ORIENTED_EDGE ( 'NONE', *, *, #2794, .T. ) ;
#1384 = CARTESIAN_POINT ( 'NONE',  ( 20.74999999999550226, 22.49999999999778666, 3.000000000000000000 ) ) ;
#1385 = CYLINDRICAL_SURFACE ( 'NONE', #3061, 1.750000000006041834 ) ;
#1386 = ORIENTED_EDGE ( 'NONE', *, *, #2002, .F. ) ;
#1387 = CARTESIAN_POINT ( 'NONE',  ( 39.59797974643552010, 6.903848091239591479E-15, 3.000000000000000000 ) ) ;
#1388 = DIRECTION ( 'NONE',  ( 1.000000000000000000, 0.000000000000000000, 0.000000000000000000 ) ) ;
#1389 = DIRECTION ( 'NONE',  ( -0.000000000000000000, 0.000000000000000000, 1.000000000000000000 ) ) ;
#1390 = EDGE_CURVE ( 'NONE', #38, #1099, #1934, .T. ) ;
#1391 = CARTESIAN_POINT ( 'NONE',  ( 35.72665940288441533, -26.16295090390431710, 3.000000000000000000 ) ) ;
#1392 = ORIENTED_EDGE ( 'NONE', *, *, #3414, .F. ) ;
#1393 = CARTESIAN_POINT ( 'NONE',  ( 39.22665940288541719, -26.16295090390431710, 3.000000000000000000 ) ) ;
#1394 = EDGE_LOOP ( 'NONE', ( #1244, #789, #1843, #3126, #1567, #1087, #263, #676, #1460, #2239, #880, #1192, #2674, #3298, #1790, #145, #2701, #1586, #276, #1958 ) ) ;
#1395 = ORIENTED_EDGE ( 'NONE', *, *, #1947, .F. ) ;
#1396 = CARTESIAN_POINT ( 'NONE',  ( 45.25483399594766354, -60.81118318203566986, -6.000000000000000000 ) ) ;
#1397 = EDGE_LOOP ( 'NONE', ( #797, #428, #911, #2771 ) ) ;
#1398 = EDGE_CURVE ( 'NONE', #2645, #2166, #717, .T. ) ;
#1399 =( LENGTH_UNIT ( ) NAMED_UNIT ( * ) SI_UNIT ( .MILLI., .METRE. ) );
#1400 = DIRECTION ( 'NONE',  ( -0.000000000000000000, -0.000000000000000000, -1.000000000000000000 ) ) ;
#1401 = CARTESIAN_POINT ( 'NONE',  ( 25.00000000000000355, 45.38603984149722237, 3.000000000000000000 ) ) ;
#1402 = DIRECTION ( 'NONE',  ( -0.000000000000000000, -0.000000000000000000, -1.000000000000000000 ) ) ;
#1403 = CARTESIAN_POINT ( 'NONE',  ( 37.47665940288491271, -26.16295090390431710, 3.000000000000000000 ) ) ;
#1404 = ORIENTED_EDGE ( 'NONE', *, *, #1067, .T. ) ;
#1405 = EDGE_LOOP ( 'NONE', ( #793, #1954 ) ) ;
#1406 = EDGE_CURVE ( 'NONE', #238, #898, #265, .T. ) ;
#1407 = CARTESIAN_POINT ( 'NONE',  ( 24.25000000000056133, 22.49999999999778666, 3.000000000000000000 ) ) ;
#1408 = VECTOR ( 'NONE', #2196, 1000.000000000000114 ) ;
#1409 = APPROVAL ( #926, 'UNSPECIFIED' ) ;
#1410 = ORIENTED_EDGE ( 'NONE', *, *, #1968, .T. ) ;
#1411 = ORIENTED_EDGE ( 'NONE', *, *, #2574, .F. ) ;
#1412 = FACE_BOUND ( 'NONE', #1358, .T. ) ;
#1413 = CARTESIAN_POINT ( 'NONE',  ( 53.36879502660890040, 40.30508652763011668, 3.000000000000000000 ) ) ;
#1414 = CIRCLE ( 'NONE', #2427, 1.750000000000643485 ) ;
#1415 = ORIENTED_EDGE ( 'NONE', *, *, #506, .T. ) ;
#1416 = ADVANCED_FACE ( 'NONE', ( #2817 ), #3031, .F. ) ;
#1417 = CIRCLE ( 'NONE', #532, 1.750000000002530864 ) ;
#1418 = DIRECTION ( 'NONE',  ( -0.000000000000000000, -0.000000000000000000, -1.000000000000000000 ) ) ;
#1419 = DIRECTION ( 'NONE',  ( 0.7071067811865477948, 0.7071067811865473507, 0.000000000000000000 ) ) ;
#1420 = DIRECTION ( 'NONE',  ( -0.000000000000000000, 0.000000000000000000, 1.000000000000000000 ) ) ;
#1421 = VERTEX_POINT ( 'NONE', #1458 ) ;
#1422 = ORIENTED_EDGE ( 'NONE', *, *, #842, .T. ) ;
#1423 = CIRCLE ( 'NONE', #2543, 1.749999999995040190 ) ;
#1424 = CARTESIAN_POINT ( 'NONE',  ( 26.16295090390015332, -37.47665940288907649, -6.000000000000000000 ) ) ;
#1425 = CARTESIAN_POINT ( 'NONE',  ( -39.59797974644813223, 19.89949493662079050, 3.000000000000000000 ) ) ;
#1426 = CIRCLE ( 'NONE', #1139, 1.750000000006052270 ) ;
#1427 = EDGE_CURVE ( 'NONE', #1871, #2243, #1190, .T. ) ;
#1428 = CARTESIAN_POINT ( 'NONE',  ( 42.05508652762316757, 51.61879502661800956, -6.000000000000000000 ) ) ;
#1429 = ORIENTED_EDGE ( 'NONE', *, *, #1004, .F. ) ;
#1430 = DIRECTION ( 'NONE',  ( -0.000000000000000000, 0.000000000000000000, 1.000000000000000000 ) ) ;
#1431 = VECTOR ( 'NONE', #615, 1000.000000000000114 ) ;
#1432 = EDGE_CURVE ( 'NONE', #1330, #2958, #3054, .T. ) ;
#1433 = LINE ( 'NONE', #2283, #2381 ) ;
#1434 = ORIENTED_EDGE ( 'NONE', *, *, #1070, .T. ) ;
#1435 = CARTESIAN_POINT ( 'NONE',  ( 0.000000000000000000, 0.000000000000000000, 0.000000000000000000 ) ) ;
#1436 = AXIS2_PLACEMENT_3D ( 'NONE', #2628, #241, #1042 ) ;
#1437 = DIRECTION ( 'NONE',  ( 1.000000000000000000, 0.000000000000000000, 0.000000000000000000 ) ) ;
#1438 = CARTESIAN_POINT ( 'NONE',  ( -60.81118318203986206, -45.25483399594347134, -6.000000000000000000 ) ) ;
#1439 = ORIENTED_EDGE ( 'NONE', *, *, #778, .T. ) ;
#1440 = ORIENTED_EDGE ( 'NONE', *, *, #349, .T. ) ;
#1441 = FACE_BOUND ( 'NONE', #2015, .T. ) ;
#1442 = EDGE_CURVE ( 'NONE', #856, #2971, #438, .T. ) ;
#1443 = ADVANCED_FACE ( 'NONE', ( #3362 ), #2027, .F. ) ;
#1444 = DIRECTION ( 'NONE',  ( -0.000000000000000000, -0.000000000000000000, -1.000000000000000000 ) ) ;
#1445 = DIRECTION ( 'NONE',  ( -1.743484929142389603E-16, 1.000000000000000000, 0.000000000000000000 ) ) ;
#1446 = LINE ( 'NONE', #3261, #1939 ) ;
#1447 = DIRECTION ( 'NONE',  ( -1.000000000000000000, 0.000000000000000000, 0.000000000000000000 ) ) ;
#1448 = DIRECTION ( 'NONE',  ( -0.000000000000000000, -0.000000000000000000, -1.000000000000000000 ) ) ;
#1449 = CIRCLE ( 'NONE', #1669, 9.999999999999994671 ) ;
#1450 = CARTESIAN_POINT ( 'NONE',  ( 26.16295090390015332, 37.47665940288907649, -6.000000000000000000 ) ) ;
#1451 = VERTEX_POINT ( 'NONE', #189 ) ;
#1452 = ORIENTED_EDGE ( 'NONE', *, *, #3399, .T. ) ;
#1453 = FACE_OUTER_BOUND ( 'NONE', #949, .T. ) ;
#1454 = EDGE_CURVE ( 'NONE', #944, #363, #115, .T. ) ;
#1455 = PERSON_AND_ORGANIZATION ( #572, #2918 ) ;
#1456 = LINE ( 'NONE', #1118, #2228 ) ;
#1457 = DIRECTION ( 'NONE',  ( 0.000000000000000000, 0.000000000000000000, 1.000000000000000000 ) ) ;
#1458 = CARTESIAN_POINT ( 'NONE',  ( -30.00000000000843769, 50.38603984149722947, 3.000000000000000000 ) ) ;
#1459 = ORIENTED_EDGE ( 'NONE', *, *, #1735, .T. ) ;
#1460 = ORIENTED_EDGE ( 'NONE', *, *, #2374, .F. ) ;
#1461 = EDGE_LOOP ( 'NONE', ( #388, #2766, #1404, #861, #12, #2915 ) ) ;
#1462 = FACE_OUTER_BOUND ( 'NONE', #2312, .T. ) ;
#1463 = DIRECTION ( 'NONE',  ( -0.7071067811865476838, -0.7071067811865473507, -0.000000000000000000 ) ) ;
#1464 = CARTESIAN_POINT ( 'NONE',  ( 39.22665940288541719, 26.16295090390431710, -6.000000000000000000 ) ) ;
#1465 = CIRCLE ( 'NONE', #3025, 1.749999999995040190 ) ;
#1466 = DIRECTION ( 'NONE',  ( 1.000000000000000000, 0.000000000000000000, 0.000000000000000000 ) ) ;
#1467 = AXIS2_PLACEMENT_3D ( 'NONE', #1091, #1389, #30 ) ;
#1468 = FACE_OUTER_BOUND ( 'NONE', #2513, .T. ) ;
#1469 = LINE ( 'NONE', #919, #1985 ) ;
#1470 = ADVANCED_FACE ( 'NONE', ( #2268 ), #1170, .F. ) ;
#1471 = LINE ( 'NONE', #1126, #920 ) ;
#1472 = APPLICATION_CONTEXT ( 'configuration controlled 3d designs of mechanical parts and assemblies' ) ;
#1473 = CARTESIAN_POINT ( 'NONE',  ( 39.59797974643551299, 19.89949493661654145, 3.000000000000000000 ) ) ;
#1474 = EDGE_LOOP ( 'NONE', ( #1107, #1098, #883, #1744, #2286, #3293 ) ) ;
#1475 = ORIENTED_EDGE ( 'NONE', *, *, #1836, .T. ) ;
#1476 = CARTESIAN_POINT ( 'NONE',  ( -23.66295090391114186, 0.000000000000000000, 3.000000000000000000 ) ) ;
#1477 = PERSON_AND_ORGANIZATION_ROLE ( 'creator' ) ;
#1478 = LOCAL_TIME ( 18, 39, 56.00000000000000000, #221 ) ;
#1479 = CARTESIAN_POINT ( 'NONE',  ( -38.55508652763334254, -51.61879502661891905, 3.000000000000000000 ) ) ;
#1480 = DIRECTION ( 'NONE',  ( 0.000000000000000000, 1.000000000000000000, -0.000000000000000000 ) ) ;
#1481 = CIRCLE ( 'NONE', #2047, 1.750000000000501155 ) ;
#1482 = ADVANCED_FACE ( 'NONE', ( #3091 ), #1704, .F. ) ;
#1483 = ORIENTED_EDGE ( 'NONE', *, *, #3440, .F. ) ;
#1484 = ORIENTED_EDGE ( 'NONE', *, *, #1327, .T. ) ;
#1485 = EDGE_LOOP ( 'NONE', ( #1521, #2667, #2718, #1990 ) ) ;
#1486 = DIRECTION ( 'NONE',  ( 1.000000000000000000, 0.000000000000000000, 0.000000000000000000 ) ) ;
#1487 = AXIS2_PLACEMENT_3D ( 'NONE', #2003, #1448, #2519 ) ;
#1488 = LINE ( 'NONE', #762, #3137 ) ;
#1489 = DIRECTION ( 'NONE',  ( -0.000000000000000000, -0.000000000000000000, -1.000000000000000000 ) ) ;
#1490 = VERTEX_POINT ( 'NONE', #2248 ) ;
#1491 = CARTESIAN_POINT ( 'NONE',  ( 42.52691193457003749, -26.97056274848189972, 3.000000000000000000 ) ) ;
#1492 = VECTOR ( 'NONE', #3138, 1000.000000000000000 ) ;
#1493 = CARTESIAN_POINT ( 'NONE',  ( 40.30508652762596711, 51.61879502661800956, 3.000000000000000000 ) ) ;
#1494 = CARTESIAN_POINT ( 'NONE',  ( 32.60959893235297358, 17.05324974625659351, 0.000000000000000000 ) ) ;
#1495 = ORIENTED_EDGE ( 'NONE', *, *, #1777, .F. ) ;
#1496 = EDGE_LOOP ( 'NONE', ( #2111, #2991, #3019, #3310 ) ) ;
#1497 = AXIS2_PLACEMENT_3D ( 'NONE', #2185, #2678, #337 ) ;
#1498 = EDGE_CURVE ( 'NONE', #3199, #583, #3075, .T. ) ;
#1499 = VECTOR ( 'NONE', #1257, 1000.000000000000000 ) ;
#1500 = DIRECTION ( 'NONE',  ( -0.000000000000000000, 0.000000000000000000, 1.000000000000000000 ) ) ;
#1501 = CARTESIAN_POINT ( 'NONE',  ( 22.49999999999803180, 22.49999999999778666, 3.000000000000000000 ) ) ;
#1502 = ORIENTED_EDGE ( 'NONE', *, *, #706, .F. ) ;
#1503 = EDGE_LOOP ( 'NONE', ( #294, #636 ) ) ;
#1504 = EDGE_LOOP ( 'NONE', ( #2412, #3218, #1746, #1215 ) ) ;
#1505 = CARTESIAN_POINT ( 'NONE',  ( -25.00000000000842704, -50.38603984149722947, 0.000000000000000000 ) ) ;
#1506 = EDGE_CURVE ( 'NONE', #694, #752, #674, .T. ) ;
#1507 = DIRECTION ( 'NONE',  ( 0.7071067811865475727, -0.7071067811865475727, 0.000000000000000000 ) ) ;
#1508 = CARTESIAN_POINT ( 'NONE',  ( -51.61879502662222308, -40.30508652763015220, 3.000000000000000000 ) ) ;
#1509 = LINE ( 'NONE', #663, #2290 ) ;
#1510 = DIRECTION ( 'NONE',  ( 1.000000000000000000, 0.000000000000000000, 0.000000000000000000 ) ) ;
#1511 = CARTESIAN_POINT ( 'NONE',  ( -49.59797974644812513, 19.89949493662079050, 0.000000000000000000 ) ) ;
#1512 = AXIS2_PLACEMENT_3D ( 'NONE', #3062, #2770, #1445 ) ;
#1513 = CARTESIAN_POINT ( 'NONE',  ( 28.66295090390276812, 9.999999999999996447, 3.000000000000000000 ) ) ;
#1514 = ORIENTED_EDGE ( 'NONE', *, *, #1070, .F. ) ;
#1515 = DIRECTION ( 'NONE',  ( 0.000000000000000000, 0.000000000000000000, 1.000000000000000000 ) ) ;
#1516 = APPROVAL_ROLE ( '' ) ;
#1517 = CARTESIAN_POINT ( 'NONE',  ( 27.91295090390079636, 37.47665940288907649, 3.000000000000000000 ) ) ;
#1518 = EDGE_CURVE ( 'NONE', #3213, #238, #3403, .T. ) ;
#1519 = CARTESIAN_POINT ( 'NONE',  ( 24.25000000000050093, -22.50000000000197176, 3.000000000000000000 ) ) ;
#1520 = CYLINDRICAL_SURFACE ( 'NONE', #2557, 1.750000000002464917 ) ;
#1521 = ORIENTED_EDGE ( 'NONE', *, *, #270, .F. ) ;
#1522 = ORIENTED_EDGE ( 'NONE', *, *, #2032, .T. ) ;
#1523 = PLANE ( 'NONE',  #2651 ) ;
#1524 = CARTESIAN_POINT ( 'NONE',  ( -51.61879502662222308, 40.30508652763015220, 3.000000000000000000 ) ) ;
#1525 = LINE ( 'NONE', #1255, #2496 ) ;
#1526 = DIRECTION ( 'NONE',  ( -0.000000000000000000, -0.000000000000000000, -1.000000000000000000 ) ) ;
#1527 = CARTESIAN_POINT ( 'NONE',  ( -45.25483399594766354, -60.81118318203566986, -6.000000000000000000 ) ) ;
#1528 = LINE ( 'NONE', #1773, #2399 ) ;
#1529 = EDGE_CURVE ( 'NONE', #1159, #3400, #1037, .T. ) ;
#1530 = CARTESIAN_POINT ( 'NONE',  ( 32.60959893235297358, -17.05324974625659351, 0.000000000000000000 ) ) ;
#1531 = CIRCLE ( 'NONE', #17, 1.750000000002464917 ) ;
#1532 = CIRCLE ( 'NONE', #1467, 1.750000000006041834 ) ;
#1533 = ORIENTED_EDGE ( 'NONE', *, *, #1432, .T. ) ;
#1534 = VERTEX_POINT ( 'NONE', #2624 ) ;
#1535 = DIRECTION ( 'NONE',  ( 0.000000000000000000, 1.000000000000000000, -0.000000000000000000 ) ) ;
#1536 = AXIS2_PLACEMENT_3D ( 'NONE', #2637, #1891, #2442 ) ;
#1537 = FACE_BOUND ( 'NONE', #3288, .T. ) ;
#1538 = CARTESIAN_POINT ( 'NONE',  ( -22.50000000000196110, 22.49999999999779021, 3.000000000000000000 ) ) ;
#1539 = EDGE_CURVE ( 'NONE', #2841, #2784, #269, .T. ) ;
#1540 = FACE_OUTER_BOUND ( 'NONE', #2944, .T. ) ;
#1541 = ORIENTED_EDGE ( 'NONE', *, *, #2178, .T. ) ;
#1542 = EDGE_LOOP ( 'NONE', ( #814, #1632, #1701, #2689, #2729 ) ) ;
#1543 = DIRECTION ( 'NONE',  ( 0.000000000000000000, -0.000000000000000000, 1.000000000000000000 ) ) ;
#1544 = CARTESIAN_POINT ( 'NONE',  ( -39.22665940289933673, -26.16295090390434908, 3.000000000000000000 ) ) ;
#1545 = CARTESIAN_POINT ( 'NONE',  ( -23.66295090391114186, -10.00000000000000355, 0.000000000000000000 ) ) ;
#1546 = CARTESIAN_POINT ( 'NONE',  ( -51.61879502662222308, 40.30508652763015220, -6.000000000000000000 ) ) ;
#1547 = CIRCLE ( 'NONE', #3042, 9.999999999999994671 ) ;
#1548 = DIRECTION ( 'NONE',  ( 1.000000000000000000, 0.000000000000000000, 0.000000000000000000 ) ) ;
#1549 = CIRCLE ( 'NONE', #1085, 2.500000000000002220 ) ;
#1550 = VERTEX_POINT ( 'NONE', #742 ) ;
#1551 = ORIENTED_EDGE ( 'NONE', *, *, #689, .T. ) ;
#1552 = VECTOR ( 'NONE', #402, 1000.000000000000000 ) ;
#1553 = EDGE_CURVE ( 'NONE', #1596, #295, #2396, .T. ) ;
#1554 = CALENDAR_DATE ( 2026, 2, 5 ) ;
#1555 = CIRCLE ( 'NONE', #2278, 2.500000000000002220 ) ;
#1556 = CIRCLE ( 'NONE', #545, 1.750000000006052270 ) ;
#1557 = CARTESIAN_POINT ( 'NONE',  ( 25.00000000000001066, -55.38603984149722237, 3.000000000000000000 ) ) ;
#1558 = DIRECTION ( 'NONE',  ( 0.000000000000000000, -1.000000000000000000, 0.000000000000000000 ) ) ;
#1559 = ORIENTED_EDGE ( 'NONE', *, *, #188, .F. ) ;
#1560 = VECTOR ( 'NONE', #2473, 1000.000000000000000 ) ;
#1561 = CARTESIAN_POINT ( 'NONE',  ( 0.000000000000000000, 55.38603984149722237, 3.000000000000000000 ) ) ;
#1562 = CARTESIAN_POINT ( 'NONE',  ( 38.55508652762876665, 51.61879502661800956, 3.000000000000000000 ) ) ;
#1563 = FACE_OUTER_BOUND ( 'NONE', #3412, .T. ) ;
#1564 = DIRECTION ( 'NONE',  ( -0.7071067811865493491, -0.7071067811865456854, 0.000000000000000000 ) ) ;
#1565 = PLANE ( 'NONE',  #3049 ) ;
#1566 = ORIENTED_EDGE ( 'NONE', *, *, #2088, .T. ) ;
#1567 = ORIENTED_EDGE ( 'NONE', *, *, #1382, .T. ) ;
#1568 = EDGE_CURVE ( 'NONE', #1856, #3093, #2284, .T. ) ;
#1569 = CC_DESIGN_PERSON_AND_ORGANIZATION_ASSIGNMENT ( #651, #1477, ( #786 ) ) ;
#1570 = FACE_OUTER_BOUND ( 'NONE', #2835, .T. ) ;
#1571 = PLANE ( 'NONE',  #2769 ) ;
#1572 = ORIENTED_EDGE ( 'NONE', *, *, #188, .T. ) ;
#1573 = FACE_BOUND ( 'NONE', #1124, .T. ) ;
#1574 = DIRECTION ( 'NONE',  ( -0.000000000000000000, -0.000000000000000000, -1.000000000000000000 ) ) ;
#1575 = DIRECTION ( 'NONE',  ( -0.000000000000000000, 0.000000000000000000, 1.000000000000000000 ) ) ;
#1576 = LINE ( 'NONE', #3102, #1082 ) ;
#1577 = CARTESIAN_POINT ( 'NONE',  ( 26.16295090390276812, -10.00000000000000355, 3.000000000000000000 ) ) ;
#1578 = EDGE_CURVE ( 'NONE', #2128, #1032, #1335, .T. ) ;
#1579 = EDGE_LOOP ( 'NONE', ( #2782, #329, #2596, #3332 ) ) ;
#1580 = ORIENTED_EDGE ( 'NONE', *, *, #667, .T. ) ;
#1581 = CARTESIAN_POINT ( 'NONE',  ( 24.41295090389951028, 37.47665940288907649, 3.000000000000000000 ) ) ;
#1582 = VECTOR ( 'NONE', #1105, 1000.000000000000000 ) ;
#1583 = DIRECTION ( 'NONE',  ( 0.000000000000000000, -0.000000000000000000, -1.000000000000000000 ) ) ;
#1584 = EDGE_CURVE ( 'NONE', #162, #2176, #2555, .T. ) ;
#1585 = DIRECTION ( 'NONE',  ( 0.000000000000000000, 0.000000000000000000, 1.000000000000000000 ) ) ;
#1586 = ORIENTED_EDGE ( 'NONE', *, *, #2773, .T. ) ;
#1587 =( GEOMETRIC_REPRESENTATION_CONTEXT ( 3 ) GLOBAL_UNCERTAINTY_ASSIGNED_CONTEXT ( ( #2464 ) ) GLOBAL_UNIT_ASSIGNED_CONTEXT ( ( #1399, #1944, #73 ) ) REPRESENTATION_CONTEXT ( 'NONE', 'WORKASPACE' ) );
#1588 = CARTESIAN_POINT ( 'NONE',  ( 39.59797974643552010, 6.903848091239591479E-15, 0.000000000000000000 ) ) ;
#1589 = CARTESIAN_POINT ( 'NONE',  ( 26.16295090390015332, -37.47665940288907649, 3.000000000000000000 ) ) ;
#1590 = EDGE_CURVE ( 'NONE', #439, #1745, #1326, .T. ) ;
#1591 = DIRECTION ( 'NONE',  ( -0.7071067811865474617, -0.7071067811865474617, 0.000000000000000000 ) ) ;
#1592 = DIRECTION ( 'NONE',  ( -1.000000000000000000, 0.000000000000000000, 0.000000000000000000 ) ) ;
#1593 = DIRECTION ( 'NONE',  ( 0.000000000000000000, 0.000000000000000000, 1.000000000000000000 ) ) ;
#1594 = FACE_OUTER_BOUND ( 'NONE', #593, .T. ) ;
#1595 = VECTOR ( 'NONE', #484, 1000.000000000000000 ) ;
#1596 = VERTEX_POINT ( 'NONE', #2347 ) ;
#1597 = LINE ( 'NONE', #2650, #226 ) ;
#1598 = ORIENTED_EDGE ( 'NONE', *, *, #1905, .F. ) ;
#1599 = VECTOR ( 'NONE', #3295, 1000.000000000000000 ) ;
#1600 = CYLINDRICAL_SURFACE ( 'NONE', #2481, 1.750000000000643485 ) ;
#1601 = AXIS2_PLACEMENT_3D ( 'NONE', #2432, #3174, #2136 ) ;
#1602 = DIRECTION ( 'NONE',  ( -0.000000000000000000, 0.000000000000000000, 1.000000000000000000 ) ) ;
#1603 = ORIENTED_EDGE ( 'NONE', *, *, #842, .F. ) ;
#1604 = CIRCLE ( 'NONE', #92, 1.750000000002461364 ) ;
#1605 = CARTESIAN_POINT ( 'NONE',  ( -49.86879502661952301, 40.30508652763015220, -6.000000000000000000 ) ) ;
#1606 = DIRECTION ( 'NONE',  ( -0.000000000000000000, -0.000000000000000000, -1.000000000000000000 ) ) ;
#1607 = CARTESIAN_POINT ( 'NONE',  ( -25.00000000000842704, -50.38603984149722947, 0.000000000000000000 ) ) ;
#1608 = VECTOR ( 'NONE', #493, 1000.000000000000000 ) ;
#1609 = DIRECTION ( 'NONE',  ( -0.000000000000000000, -0.000000000000000000, -1.000000000000000000 ) ) ;
#1610 = ORIENTED_EDGE ( 'NONE', *, *, #3184, .T. ) ;
#1611 = ADVANCED_FACE ( 'NONE', ( #758 ), #2855, .F. ) ;
#1612 = DIRECTION ( 'NONE',  ( -0.000000000000000000, -0.000000000000000000, -1.000000000000000000 ) ) ;
#1613 = CIRCLE ( 'NONE', #549, 1.750000000000001554 ) ;
#1614 = EDGE_LOOP ( 'NONE', ( #3427, #2566, #1719, #1128, #2664, #1857 ) ) ;
#1615 = ORIENTED_EDGE ( 'NONE', *, *, #1799, .F. ) ;
#1616 = ORIENTED_EDGE ( 'NONE', *, *, #110, .T. ) ;
#1617 = DIRECTION ( 'NONE',  ( -0.7071067811865474617, -0.7071067811865474617, 0.000000000000000000 ) ) ;
#1618 = EDGE_CURVE ( 'NONE', #2250, #1159, #3271, .T. ) ;
#1619 = ORIENTED_EDGE ( 'NONE', *, *, #1101, .F. ) ;
#1620 = CARTESIAN_POINT ( 'NONE',  ( 25.00000000000000355, 50.38603984149722947, 3.000000000000000000 ) ) ;
#1621 = DIRECTION ( 'NONE',  ( -0.000000000000000000, 0.000000000000000000, 1.000000000000000000 ) ) ;
#1622 = CARTESIAN_POINT ( 'NONE',  ( 23.66295090390276812, 9.999999999999996447, 3.000000000000000000 ) ) ;
#1623 = ORIENTED_EDGE ( 'NONE', *, *, #3447, .T. ) ;
#1624 = DIRECTION ( 'NONE',  ( -0.000000000000000000, -0.000000000000000000, -1.000000000000000000 ) ) ;
#1625 = EDGE_CURVE ( 'NONE', #284, #752, #3385, .T. ) ;
#1626 = ORIENTED_EDGE ( 'NONE', *, *, #2444, .F. ) ;
#1627 = VERTEX_POINT ( 'NONE', #987 ) ;
#1628 = ORIENTED_EDGE ( 'NONE', *, *, #3204, .T. ) ;
#1629 = CARTESIAN_POINT ( 'NONE',  ( -25.00000000000843414, 55.38603984149722237, 3.000000000000000000 ) ) ;
#1630 = AXIS2_PLACEMENT_3D ( 'NONE', #374, #1457, #1950 ) ;
#1631 = FACE_OUTER_BOUND ( 'NONE', #2791, .T. ) ;
#1632 = ORIENTED_EDGE ( 'NONE', *, *, #1861, .T. ) ;
#1633 = DIRECTION ( 'NONE',  ( 1.000000000000000000, 0.000000000000000000, 0.000000000000000000 ) ) ;
#1634 = EDGE_CURVE ( 'NONE', #2568, #1728, #2612, .T. ) ;
#1635 = DIRECTION ( 'NONE',  ( -0.000000000000000000, -0.000000000000000000, -1.000000000000000000 ) ) ;
#1636 = FACE_OUTER_BOUND ( 'NONE', #2064, .T. ) ;
#1637 = DIRECTION ( 'NONE',  ( 1.000000000000000000, 0.000000000000000000, 0.000000000000000000 ) ) ;
#1638 = ORIENTED_EDGE ( 'NONE', *, *, #3413, .T. ) ;
#1639 = CARTESIAN_POINT ( 'NONE',  ( -20.74999999999950262, 22.49999999999779021, 3.000000000000000000 ) ) ;
#1640 = VECTOR ( 'NONE', #2230, 1000.000000000000000 ) ;
#1641 = MANIFOLD_SOLID_BREP ( 'Cut-Extrude4', #362 ) ;
#1642 = ORIENTED_EDGE ( 'NONE', *, *, #3339, .F. ) ;
#1643 = EDGE_LOOP ( 'NONE', ( #2967, #1804 ) ) ;
#1644 = VECTOR ( 'NONE', #143, 1000.000000000000000 ) ;
#1645 = ORIENTED_EDGE ( 'NONE', *, *, #2461, .F. ) ;
#1646 = CIRCLE ( 'NONE', #1988, 1.750000000002464917 ) ;
#1647 = EDGE_CURVE ( 'NONE', #729, #1534, #1832, .T. ) ;
#1648 = DIRECTION ( 'NONE',  ( -0.7071067811865475727, 0.7071067811865475727, 0.000000000000000000 ) ) ;
#1649 = CARTESIAN_POINT ( 'NONE',  ( 28.68823649444016510, 20.97461218416940198, -6.000000000000000000 ) ) ;
#1650 = CIRCLE ( 'NONE', #590, 1.749999999997198241 ) ;
#1651 = ORIENTED_EDGE ( 'NONE', *, *, #1890, .T. ) ;
#1652 = DIRECTION ( 'NONE',  ( 0.000000000000000000, -0.000000000000000000, -1.000000000000000000 ) ) ;
#1653 = AXIS2_PLACEMENT_3D ( 'NONE', #1505, #2051, #731 ) ;
#1654 = CARTESIAN_POINT ( 'NONE',  ( -60.81118318203986206, -45.25483399594347134, 3.000000000000000000 ) ) ;
#1655 = LINE ( 'NONE', #3208, #1241 ) ;
#1656 = DIRECTION ( 'NONE',  ( 1.000000000000000000, 0.000000000000000000, 0.000000000000000000 ) ) ;
#1657 = ORIENTED_EDGE ( 'NONE', *, *, #408, .T. ) ;
#1658 = CARTESIAN_POINT ( 'NONE',  ( -28.66295090391114186, -10.00000000000000355, 3.000000000000000000 ) ) ;
#1659 = VECTOR ( 'NONE', #1933, 999.9999999999998863 ) ;
#1660 = ORIENTED_EDGE ( 'NONE', *, *, #3109, .T. ) ;
#1661 = CARTESIAN_POINT ( 'NONE',  ( -27.91295090391456313, 37.47665940288910491, 3.000000000000000000 ) ) ;
#1662 = VECTOR ( 'NONE', #2880, 1000.000000000000000 ) ;
#1663 = ORIENTED_EDGE ( 'NONE', *, *, #982, .F. ) ;
#1664 = ADVANCED_FACE ( 'NONE', ( #3130 ), #772, .F. ) ;
#1665 = ORIENTED_EDGE ( 'NONE', *, *, #3323, .F. ) ;
#1666 = VECTOR ( 'NONE', #51, 1000.000000000000000 ) ;
#1667 = DIRECTION ( 'NONE',  ( 0.000000000000000000, -0.000000000000000000, -1.000000000000000000 ) ) ;
#1668 = VERTEX_POINT ( 'NONE', #1860 ) ;
#1669 = AXIS2_PLACEMENT_3D ( 'NONE', #2893, #3175, #3160 ) ;
#1670 = FACE_OUTER_BOUND ( 'NONE', #2653, .T. ) ;
#1671 = EDGE_CURVE ( 'NONE', #2216, #1298, #3172, .T. ) ;
#1672 = DIRECTION ( 'NONE',  ( -0.7071067811865475727, -0.7071067811865475727, 0.000000000000000000 ) ) ;
#1673 = CARTESIAN_POINT ( 'NONE',  ( -25.00000000000842704, -45.38603984149722237, 3.000000000000000000 ) ) ;
#1674 = CYLINDRICAL_SURFACE ( 'NONE', #2888, 5.999999999999998224 ) ;
#1675 = VECTOR ( 'NONE', #429, 1000.000000000000000 ) ;
#1676 = ORIENTED_EDGE ( 'NONE', *, *, #1144, .T. ) ;
#1677 = ORIENTED_EDGE ( 'NONE', *, *, #1182, .T. ) ;
#1678 = CARTESIAN_POINT ( 'NONE',  ( 40.30508652762596711, 51.61879502661800956, 3.000000000000000000 ) ) ;
#1679 = VERTEX_POINT ( 'NONE', #788 ) ;
#1680 = ORIENTED_EDGE ( 'NONE', *, *, #1242, .T. ) ;
#1681 = CARTESIAN_POINT ( 'NONE',  ( 49.17619643385211248, -56.88982074412284362, -6.000000000000000000 ) ) ;
#1682 = ADVANCED_FACE ( 'NONE', ( #1540 ), #2923, .F. ) ;
#1683 = VERTEX_POINT ( 'NONE', #1020 ) ;
#1684 = CYLINDRICAL_SURFACE ( 'NONE', #40, 1.750000000000001554 ) ;
#1685 = LINE ( 'NONE', #1654, #3401 ) ;
#1686 = CARTESIAN_POINT ( 'NONE',  ( -42.05508652763334254, 51.61879502661891905, 3.000000000000000000 ) ) ;
#1687 = DIRECTION ( 'NONE',  ( -0.000000000000000000, -0.000000000000000000, -1.000000000000000000 ) ) ;
#1688 = EDGE_LOOP ( 'NONE', ( #2040, #1522 ) ) ;
#1689 = VECTOR ( 'NONE', #3128, 1000.000000000000000 ) ;
#1690 = VERTEX_POINT ( 'NONE', #2099 ) ;
#1691 = AXIS2_PLACEMENT_3D ( 'NONE', #283, #1083, #518 ) ;
#1692 = FACE_BOUND ( 'NONE', #2801, .T. ) ;
#1693 = ADVANCED_FACE ( 'NONE', ( #3156 ), #1571, .F. ) ;
#1694 = CARTESIAN_POINT ( 'NONE',  ( 37.47665940288491271, 26.16295090390431710, 3.000000000000000000 ) ) ;
#1695 = AXIS2_PLACEMENT_3D ( 'NONE', #2352, #3408, #1024 ) ;
#1696 = CARTESIAN_POINT ( 'NONE',  ( -7.778174593048178487, -7.778174593048182039, 3.000000000000000000 ) ) ;
#1697 = ORIENTED_EDGE ( 'NONE', *, *, #3307, .F. ) ;
#1698 = ORIENTED_EDGE ( 'NONE', *, *, #222, .F. ) ;
#1699 = FACE_OUTER_BOUND ( 'NONE', #2717, .T. ) ;
#1700 = CARTESIAN_POINT ( 'NONE',  ( 17.05324974626079637, -32.60959893234879559, -6.000000000000000000 ) ) ;
#1701 = ORIENTED_EDGE ( 'NONE', *, *, #41, .T. ) ;
#1702 = APPROVAL_STATUS ( 'not_yet_approved' ) ;
#1703 = DIRECTION ( 'NONE',  ( 0.7071067811865470176, 0.7071067811865481278, 0.000000000000000000 ) ) ;
#1704 = CYLINDRICAL_SURFACE ( 'NONE', #2995, 1.750000000002530864 ) ;
#1705 = VERTEX_POINT ( 'NONE', #1649 ) ;
#1706 = VERTEX_POINT ( 'NONE', #2960 ) ;
#1707 = VECTOR ( 'NONE', #291, 1000.000000000000000 ) ;
#1708 = DIRECTION ( 'NONE',  ( -0.000000000000000000, 0.000000000000000000, 1.000000000000000000 ) ) ;
#1709 = FACE_OUTER_BOUND ( 'NONE', #1368, .T. ) ;
#1710 = PLANE ( 'NONE',  #1512 ) ;
#1711 = CIRCLE ( 'NONE', #495, 5.000000000000000888 ) ;
#1712 = ORIENTED_EDGE ( 'NONE', *, *, #232, .T. ) ;
#1713 = ADVANCED_FACE ( 'NONE', ( #1670 ), #1385, .F. ) ;
#1714 = CARTESIAN_POINT ( 'NONE',  ( -40.30508652763334254, -51.61879502661891905, 3.000000000000000000 ) ) ;
#1715 = AXIS2_PLACEMENT_3D ( 'NONE', #1793, #2076, #3135 ) ;
#1716 = PLANE ( 'NONE',  #140 ) ;
#1717 = AXIS2_PLACEMENT_3D ( 'NONE', #2594, #1052, #2363 ) ;
#1718 = ORIENTED_EDGE ( 'NONE', *, *, #1783, .F. ) ;
#1719 = ORIENTED_EDGE ( 'NONE', *, *, #461, .T. ) ;
#1720 = LINE ( 'NONE', #2836, #611 ) ;
#1721 = CALENDAR_DATE ( 2026, 2, 5 ) ;
#1722 = DIRECTION ( 'NONE',  ( -1.000000000000000000, 0.000000000000000000, 0.000000000000000000 ) ) ;
#1723 = CARTESIAN_POINT ( 'NONE',  ( 0.000000000000000000, -55.38603984149722237, 0.000000000000000000 ) ) ;
#1724 = ADVANCED_FACE ( 'NONE', ( #2738 ), #1366, .F. ) ;
#1725 = DIRECTION ( 'NONE',  ( -0.000000000000000000, 0.000000000000000000, 1.000000000000000000 ) ) ;
#1726 = ORIENTED_EDGE ( 'NONE', *, *, #2245, .F. ) ;
#1727 = ORIENTED_EDGE ( 'NONE', *, *, #1398, .F. ) ;
#1728 = VERTEX_POINT ( 'NONE', #2181 ) ;
#1729 = CARTESIAN_POINT ( 'NONE',  ( 20.97461218416941620, -28.68823649444016510, -6.000000000000000000 ) ) ;
#1730 = DIRECTION ( 'NONE',  ( 1.000000000000000000, 0.000000000000000000, 0.000000000000000000 ) ) ;
#1731 = CARTESIAN_POINT ( 'NONE',  ( 51.61879502661385999, -40.30508652763011668, -6.000000000000000000 ) ) ;
#1732 = EDGE_LOOP ( 'NONE', ( #1937, #1475, #2828, #2936 ) ) ;
#1733 = DIRECTION ( 'NONE',  ( 0.000000000000000000, 1.000000000000000000, -0.000000000000000000 ) ) ;
#1734 = FACE_OUTER_BOUND ( 'NONE', #3445, .T. ) ;
#1735 = EDGE_CURVE ( 'NONE', #2876, #2176, #1115, .T. ) ;
#1736 = LINE ( 'NONE', #1413, #2643 ) ;
#1737 = ORIENTED_EDGE ( 'NONE', *, *, #2032, .F. ) ;
#1738 = ORIENTED_EDGE ( 'NONE', *, *, #2358, .F. ) ;
#1739 = DIRECTION ( 'NONE',  ( -0.000000000000000000, 0.000000000000000000, 1.000000000000000000 ) ) ;
#1740 = EDGE_CURVE ( 'NONE', #3032, #98, #348, .T. ) ;
#1741 = APPLICATION_PROTOCOL_DEFINITION ( 'international standard', 'config_control_design', 1994, #1938 ) ;
#1742 = CARTESIAN_POINT ( 'NONE',  ( -20.74999999999949907, -22.50000000000197886, 3.000000000000000000 ) ) ;
#1743 = DIRECTION ( 'NONE',  ( -0.000000000000000000, 0.000000000000000000, 1.000000000000000000 ) ) ;
#1744 = ORIENTED_EDGE ( 'NONE', *, *, #2156, .T. ) ;
#1745 = VERTEX_POINT ( 'NONE', #3010 ) ;
#1746 = ORIENTED_EDGE ( 'NONE', *, *, #879, .T. ) ;
#1747 = LINE ( 'NONE', #1272, #1373 ) ;
#1748 = CARTESIAN_POINT ( 'NONE',  ( -25.00000000000842704, -45.38603984149722237, 3.000000000000000000 ) ) ;
#1749 = DIRECTION ( 'NONE',  ( -0.000000000000000000, -0.000000000000000000, -1.000000000000000000 ) ) ;
#1750 = AXIS2_PLACEMENT_3D ( 'NONE', #2117, #1831, #1230 ) ;
#1751 = CARTESIAN_POINT ( 'NONE',  ( -22.50000000000196110, -22.50000000000197886, 3.000000000000000000 ) ) ;
#1752 = DIRECTION ( 'NONE',  ( 0.7071067811865475727, -0.7071067811865475727, 0.000000000000000000 ) ) ;
#1753 = ADVANCED_FACE ( 'NONE', ( #1631 ), #3253, .T. ) ;
#1754 = CARTESIAN_POINT ( 'NONE',  ( -45.25483399594766354, 60.81118318203566986, -6.000000000000000000 ) ) ;
#1755 = AXIS2_PLACEMENT_3D ( 'NONE', #854, #287, #2661 ) ;
#1756 = AXIS2_PLACEMENT_3D ( 'NONE', #2861, #1273, #2366 ) ;
#1757 = DIRECTION ( 'NONE',  ( -0.7071067811865476838, -0.7071067811865473507, -0.000000000000000000 ) ) ;
#1758 = ORIENTED_EDGE ( 'NONE', *, *, #3003, .T. ) ;
#1759 = ORIENTED_EDGE ( 'NONE', *, *, #2198, .T. ) ;
#1760 = PRODUCT_DEFINITION_FORMATION_WITH_SPECIFIED_SOURCE ( 'ANY', '', #952, .NOT_KNOWN. ) ;
#1761 = EDGE_CURVE ( 'NONE', #3398, #2216, #829, .T. ) ;
#1762 = LINE ( 'NONE', #2815, #2690 ) ;
#1763 = CARTESIAN_POINT ( 'NONE',  ( 42.05508652762316757, -51.61879502661800956, 3.000000000000000000 ) ) ;
#1764 = AXIS2_PLACEMENT_3D ( 'NONE', #2280, #2300, #122 ) ;
#1765 = VERTEX_POINT ( 'NONE', #3 ) ;
#1766 = EDGE_LOOP ( 'NONE', ( #2421, #5, #70, #200 ) ) ;
#1767 = ORIENTED_EDGE ( 'NONE', *, *, #1189, .F. ) ;
#1768 = DIRECTION ( 'NONE',  ( 0.7071067811865477948, 0.7071067811865473507, 0.000000000000000000 ) ) ;
#1769 = DIRECTION ( 'NONE',  ( -0.000000000000000000, -0.000000000000000000, -1.000000000000000000 ) ) ;
#1770 = CARTESIAN_POINT ( 'NONE',  ( 37.47665940288491271, 26.16295090390431710, -6.000000000000000000 ) ) ;
#1771 = LINE ( 'NONE', #974, #2350 ) ;
#1772 = ORIENTED_EDGE ( 'NONE', *, *, #1125, .F. ) ;
#1773 = CARTESIAN_POINT ( 'NONE',  ( 32.60959893235297358, -17.05324974625659351, -6.000000000000000000 ) ) ;
#1774 = VECTOR ( 'NONE', #1077, 999.9999999999998863 ) ;
#1775 = LINE ( 'NONE', #2830, #2602 ) ;
#1776 = VECTOR ( 'NONE', #3259, 1000.000000000000000 ) ;
#1777 = EDGE_CURVE ( 'NONE', #3262, #363, #2833, .T. ) ;
#1778 = CARTESIAN_POINT ( 'NONE',  ( -26.16295090390852351, 37.47665940288910491, 3.000000000000000000 ) ) ;
#1779 = ORIENTED_EDGE ( 'NONE', *, *, #2321, .T. ) ;
#1780 = VERTEX_POINT ( 'NONE', #1517 ) ;
#1781 = VECTOR ( 'NONE', #697, 1000.000000000000000 ) ;
#1782 = VECTOR ( 'NONE', #1231, 1000.000000000000114 ) ;
#1783 = EDGE_CURVE ( 'NONE', #565, #316, #3382, .T. ) ;
#1784 = VECTOR ( 'NONE', #2716, 1000.000000000000000 ) ;
#1785 = CARTESIAN_POINT ( 'NONE',  ( -4.187622471008011518E-12, -1.734723475976806306E-15, 0.000000000000000000 ) ) ;
#1786 = ADVANCED_FACE ( 'NONE', ( #3443, #546, #1594 ), #841, .F. ) ;
#1787 = CARTESIAN_POINT ( 'NONE',  ( 49.59797974643552720, -19.89949493661654856, 3.000000000000000000 ) ) ;
#1788 = VERTEX_POINT ( 'NONE', #3297 ) ;
#1789 = VERTEX_POINT ( 'NONE', #311 ) ;
#1790 = ORIENTED_EDGE ( 'NONE', *, *, #1932, .T. ) ;
#1791 = DIRECTION ( 'NONE',  ( -0.7071067811865470176, 0.7071067811865481278, 0.000000000000000000 ) ) ;
#1792 = DIRECTION ( 'NONE',  ( -0.7071067811865474617, 0.7071067811865474617, -0.000000000000000000 ) ) ;
#1793 = CARTESIAN_POINT ( 'NONE',  ( 37.47665940288491271, -26.16295090390431710, -6.000000000000000000 ) ) ;
#1794 = CARTESIAN_POINT ( 'NONE',  ( 45.25483399594766354, -60.81118318203566986, 0.000000000000000000 ) ) ;
#1795 = CARTESIAN_POINT ( 'NONE',  ( -32.60959893235297358, -17.05324974625659351, 0.000000000000000000 ) ) ;
#1796 = CARTESIAN_POINT ( 'NONE',  ( -28.66295090391114186, 0.000000000000000000, 3.000000000000000000 ) ) ;
#1797 = ORIENTED_EDGE ( 'NONE', *, *, #179, .T. ) ;
#1798 = EDGE_LOOP ( 'NONE', ( #2850, #923, #780, #3329, #3226, #2437 ) ) ;
#1799 = EDGE_CURVE ( 'NONE', #669, #1361, #2501, .T. ) ;
#1800 = EDGE_CURVE ( 'NONE', #3387, #1066, #3281, .T. ) ;
#1801 = DIRECTION ( 'NONE',  ( 1.000000000000000000, 0.000000000000000000, 0.000000000000000000 ) ) ;
#1802 = CARTESIAN_POINT ( 'NONE',  ( 61.17619643385209827, 68.88982074412282941, -6.000000000000000000 ) ) ;
#1803 = VERTEX_POINT ( 'NONE', #2468 ) ;
#1804 = ORIENTED_EDGE ( 'NONE', *, *, #1005, .T. ) ;
#1805 = CARTESIAN_POINT ( 'NONE',  ( -26.16295090390852351, 37.47665940288910491, 3.000000000000000000 ) ) ;
#1806 = FACE_OUTER_BOUND ( 'NONE', #2391, .T. ) ;
#1807 = CARTESIAN_POINT ( 'NONE',  ( 17.05324974626079637, 32.60959893234879559, 0.000000000000000000 ) ) ;
#1808 = CARTESIAN_POINT ( 'NONE',  ( -49.17619643385631178, -56.88982074412705714, -6.000000000000000000 ) ) ;
#1809 = EDGE_CURVE ( 'NONE', #2971, #2799, #1446, .T. ) ;
#1810 = FACE_OUTER_BOUND ( 'NONE', #931, .T. ) ;
#1811 = CIRCLE ( 'NONE', #1017, 1.749999999997198241 ) ;
#1812 = CARTESIAN_POINT ( 'NONE',  ( -60.81118318203986206, 45.25483399594347134, -6.000000000000000000 ) ) ;
#1813 = EDGE_LOOP ( 'NONE', ( #1645, #910 ) ) ;
#1814 = VERTEX_POINT ( 'NONE', #342 ) ;
#1815 = PERSON_AND_ORGANIZATION ( #572, #2918 ) ;
#1816 = CARTESIAN_POINT ( 'NONE',  ( -26.16295090391114542, -10.00000000000000355, 3.000000000000000000 ) ) ;
#1817 = CARTESIAN_POINT ( 'NONE',  ( 17.05324974626079637, -32.60959893234879559, -6.000000000000000000 ) ) ;
#1818 = ADVANCED_FACE ( 'NONE', ( #82 ), #2218, .T. ) ;
#1819 = ORIENTED_EDGE ( 'NONE', *, *, #2493, .F. ) ;
#1820 = DIRECTION ( 'NONE',  ( -0.000000000000000000, 0.000000000000000000, 1.000000000000000000 ) ) ;
#1821 = CARTESIAN_POINT ( 'NONE',  ( 23.66295090390276812, 9.999999999999996447, 3.000000000000000000 ) ) ;
#1822 = CARTESIAN_POINT ( 'NONE',  ( 38.55508652762876665, 51.61879502661800956, -6.000000000000000000 ) ) ;
#1823 = CARTESIAN_POINT ( 'NONE',  ( 27.91295090390079636, -37.47665940288907649, -6.000000000000000000 ) ) ;
#1824 = VECTOR ( 'NONE', #978, 1000.000000000000114 ) ;
#1825 = CARTESIAN_POINT ( 'NONE',  ( 53.03300858898760595, 53.03300858898732173, 3.000000000000000000 ) ) ;
#1826 = ADVANCED_FACE ( 'NONE', ( #2369 ), #1309, .F. ) ;
#1827 = ORIENTED_EDGE ( 'NONE', *, *, #3109, .F. ) ;
#1828 = AXIS2_PLACEMENT_3D ( 'NONE', #2281, #2575, #2141 ) ;
#1829 = CIRCLE ( 'NONE', #925, 1.750000000000643485 ) ;
#1830 = VECTOR ( 'NONE', #747, 1000.000000000000114 ) ;
#1831 = DIRECTION ( 'NONE',  ( -0.000000000000000000, 0.000000000000000000, 1.000000000000000000 ) ) ;
#1832 = LINE ( 'NONE', #2134, #3448 ) ;
#1833 = VERTEX_POINT ( 'NONE', #2078 ) ;
#1834 = AXIS2_PLACEMENT_3D ( 'NONE', #656, #171, #131 ) ;
#1835 = DIRECTION ( 'NONE',  ( -0.000000000000000000, 0.000000000000000000, 1.000000000000000000 ) ) ;
#1836 = EDGE_CURVE ( 'NONE', #1009, #2232, #748, .T. ) ;
#1837 = CYLINDRICAL_SURFACE ( 'NONE', #1290, 10.00000000000000178 ) ;
#1838 = CARTESIAN_POINT ( 'NONE',  ( -40.30508652763334254, 51.61879502661891905, 3.000000000000000000 ) ) ;
#1839 = LINE ( 'NONE', #2125, #1260 ) ;
#1840 = DIRECTION ( 'NONE',  ( -0.7071067811865477948, -0.7071067811865473507, 0.000000000000000000 ) ) ;
#1841 = LINE ( 'NONE', #811, #204 ) ;
#1842 = CARTESIAN_POINT ( 'NONE',  ( -25.00000000000842704, -55.38603984149722237, 3.000000000000000000 ) ) ;
#1843 = ORIENTED_EDGE ( 'NONE', *, *, #1584, .F. ) ;
#1844 = EDGE_CURVE ( 'NONE', #1683, #3044, #2335, .T. ) ;
#1845 = AXIS2_PLACEMENT_3D ( 'NONE', #3296, #1463, #1507 ) ;
#1846 = EDGE_CURVE ( 'NONE', #2216, #225, #1528, .T. ) ;
#1847 = DIRECTION ( 'NONE',  ( 1.000000000000000000, 0.000000000000000000, 0.000000000000000000 ) ) ;
#1848 = DIRECTION ( 'NONE',  ( 1.000000000000000000, 0.000000000000000000, 0.000000000000000000 ) ) ;
#1849 = EDGE_LOOP ( 'NONE', ( #2157, #478, #1147, #448 ) ) ;
#1850 = CARTESIAN_POINT ( 'NONE',  ( 28.66295090390276812, 0.000000000000000000, 3.000000000000000000 ) ) ;
#1851 = LINE ( 'NONE', #2845, #2837 ) ;
#1852 = CARTESIAN_POINT ( 'NONE',  ( -60.81118318203986206, 45.25483399594347134, -6.000000000000000000 ) ) ;
#1853 = DIRECTION ( 'NONE',  ( -0.7071067811865476838, -0.7071067811865474617, 0.000000000000000000 ) ) ;
#1854 = DIRECTION ( 'NONE',  ( 1.000000000000000000, 0.000000000000000000, 0.000000000000000000 ) ) ;
#1855 = ORIENTED_EDGE ( 'NONE', *, *, #2917, .F. ) ;
#1856 = VERTEX_POINT ( 'NONE', #1823 ) ;
#1857 = ORIENTED_EDGE ( 'NONE', *, *, #1056, .T. ) ;
#1858 = LINE ( 'NONE', #2921, #475 ) ;
#1859 = CIRCLE ( 'NONE', #1357, 1.750000000006041834 ) ;
#1860 = CARTESIAN_POINT ( 'NONE',  ( 27.91295090390079636, 37.47665940288907649, -6.000000000000000000 ) ) ;
#1861 = EDGE_CURVE ( 'NONE', #2792, #2177, #1148, .T. ) ;
#1862 = ORIENTED_EDGE ( 'NONE', *, *, #3026, .F. ) ;
#1863 = FACE_OUTER_BOUND ( 'NONE', #3113, .T. ) ;
#1864 = DIRECTION ( 'NONE',  ( 0.000000000000000000, -0.000000000000000000, -1.000000000000000000 ) ) ;
#1865 = CARTESIAN_POINT ( 'NONE',  ( -37.47665940289328290, -26.16295090390434908, -6.000000000000000000 ) ) ;
#1866 = CIRCLE ( 'NONE', #3305, 2.500000000000002220 ) ;
#1867 = VERTEX_POINT ( 'NONE', #2829 ) ;
#1868 = DIRECTION ( 'NONE',  ( -0.7071067811865474617, 0.7071067811865474617, 0.000000000000000000 ) ) ;
#1869 = VERTEX_POINT ( 'NONE', #2106 ) ;
#1870 = AXIS2_PLACEMENT_3D ( 'NONE', #1450, #124, #3320 ) ;
#1871 = VERTEX_POINT ( 'NONE', #1808 ) ;
#1872 = ORIENTED_EDGE ( 'NONE', *, *, #785, .T. ) ;
#1873 = ORIENTED_EDGE ( 'NONE', *, *, #3414, .T. ) ;
#1874 = AXIS2_PLACEMENT_3D ( 'NONE', #1259, #197, #3411 ) ;
#1875 = DIRECTION ( 'NONE',  ( 0.000000000000000000, -0.000000000000000000, -1.000000000000000000 ) ) ;
#1876 = VECTOR ( 'NONE', #1041, 1000.000000000000000 ) ;
#1877 = EDGE_LOOP ( 'NONE', ( #1559, #2788, #3200, #2249 ) ) ;
#1878 = AXIS2_PLACEMENT_3D ( 'NONE', #2368, #3423, #1025 ) ;
#1879 = CARTESIAN_POINT ( 'NONE',  ( 39.59797974643552010, -19.89949493661644198, 3.000000000000000000 ) ) ;
#1880 = ADVANCED_FACE ( 'NONE', ( #2056 ), #514, .F. ) ;
#1881 = CARTESIAN_POINT ( 'NONE',  ( 35.72665940288441533, -26.16295090390431710, 3.000000000000000000 ) ) ;
#1882 = CARTESIAN_POINT ( 'NONE',  ( 53.03300858898747805, 53.03300858898745673, -8.500000000000000000 ) ) ;
#1883 = AXIS2_PLACEMENT_3D ( 'NONE', #713, #909, #375 ) ;
#1884 = LINE ( 'NONE', #275, #2540 ) ;
#1885 = EDGE_LOOP ( 'NONE', ( #436, #3263, #2439, #1380 ) ) ;
#1886 = CARTESIAN_POINT ( 'NONE',  ( 24.25000000000056133, 22.49999999999778666, 3.000000000000000000 ) ) ;
#1887 = ORIENTED_EDGE ( 'NONE', *, *, #331, .F. ) ;
#1888 = ORIENTED_EDGE ( 'NONE', *, *, #2879, .T. ) ;
#1889 = ORIENTED_EDGE ( 'NONE', *, *, #1327, .F. ) ;
#1890 = EDGE_CURVE ( 'NONE', #2528, #338, #1613, .T. ) ;
#1891 = DIRECTION ( 'NONE',  ( -0.000000000000000000, 0.000000000000000000, 1.000000000000000000 ) ) ;
#1892 = DIRECTION ( 'NONE',  ( 0.7071067811865474617, 0.7071067811865474617, 0.000000000000000000 ) ) ;
#1893 = ORIENTED_EDGE ( 'NONE', *, *, #1288, .T. ) ;
#1894 = EDGE_CURVE ( 'NONE', #2958, #1076, #500, .T. ) ;
#1895 = DIRECTION ( 'NONE',  ( 1.000000000000000000, 0.000000000000000000, 0.000000000000000000 ) ) ;
#1896 = FACE_BOUND ( 'NONE', #3309, .T. ) ;
#1897 = DIRECTION ( 'NONE',  ( 0.000000000000000000, -0.000000000000000000, -1.000000000000000000 ) ) ;
#1898 = CARTESIAN_POINT ( 'NONE',  ( 60.81118318203986206, 45.25483399594347134, -6.000000000000000000 ) ) ;
#1899 = ORIENTED_EDGE ( 'NONE', *, *, #2245, .T. ) ;
#1900 = EDGE_CURVE ( 'NONE', #517, #3350, #958, .T. ) ;
#1901 = CARTESIAN_POINT ( 'NONE',  ( 17.99999999999981881, 4.696407624889198923E-16, 3.000000000000000000 ) ) ;
#1902 = CARTESIAN_POINT ( 'NONE',  ( 35.72665940288441533, 26.16295090390431710, 3.000000000000000000 ) ) ;
#1903 = VERTEX_POINT ( 'NONE', #2355 ) ;
#1904 = ORIENTED_EDGE ( 'NONE', *, *, #232, .F. ) ;
#1905 = EDGE_CURVE ( 'NONE', #548, #2453, #1294, .T. ) ;
#1906 = ORIENTED_EDGE ( 'NONE', *, *, #2879, .F. ) ;
#1907 = DIRECTION ( 'NONE',  ( 1.000000000000000000, 0.000000000000000000, 0.000000000000000000 ) ) ;
#1908 = CIRCLE ( 'NONE', #2684, 1.750000000000643485 ) ;
#1909 = ORIENTED_EDGE ( 'NONE', *, *, #1584, .T. ) ;
#1910 = CARTESIAN_POINT ( 'NONE',  ( -25.00000000000843414, 45.38603984149722237, 3.000000000000000000 ) ) ;
#1911 = CARTESIAN_POINT ( 'NONE',  ( 17.05324974626079637, 32.60959893234879559, -6.000000000000000000 ) ) ;
#1912 = DIRECTION ( 'NONE',  ( 0.7071067811865494601, 0.7071067811865456854, -0.000000000000000000 ) ) ;
#1913 = ORIENTED_EDGE ( 'NONE', *, *, #222, .T. ) ;
#1914 = FACE_BOUND ( 'NONE', #2049, .T. ) ;
#1915 = APPROVAL_PERSON_ORGANIZATION ( #630, #68, #672 ) ;
#1916 = EDGE_CURVE ( 'NONE', #1550, #2008, #1576, .T. ) ;
#1917 = ORIENTED_EDGE ( 'NONE', *, *, #3142, .T. ) ;
#1918 = VERTEX_POINT ( 'NONE', #2631 ) ;
#1919 = FACE_OUTER_BOUND ( 'NONE', #3282, .T. ) ;
#1920 = EDGE_CURVE ( 'NONE', #1728, #1683, #851, .T. ) ;
#1921 = AXIS2_PLACEMENT_3D ( 'NONE', #1546, #178, #975 ) ;
#1922 = VERTEX_POINT ( 'NONE', #1276 ) ;
#1923 = AXIS2_PLACEMENT_3D ( 'NONE', #1493, #164, #750 ) ;
#1924 = LINE ( 'NONE', #2490, #3326 ) ;
#1925 = VECTOR ( 'NONE', #2151, 1000.000000000000000 ) ;
#1926 = DIRECTION ( 'NONE',  ( -0.000000000000000000, -0.000000000000000000, -1.000000000000000000 ) ) ;
#1927 = LINE ( 'NONE', #1119, #3426 ) ;
#1928 = CARTESIAN_POINT ( 'NONE',  ( -25.00000000000843414, 50.38603984149722947, 3.000000000000000000 ) ) ;
#1929 = ORIENTED_EDGE ( 'NONE', *, *, #1109, .T. ) ;
#1930 = AXIS2_PLACEMENT_3D ( 'NONE', #464, #734, #1175 ) ;
#1931 = ORIENTED_EDGE ( 'NONE', *, *, #551, .T. ) ;
#1932 = EDGE_CURVE ( 'NONE', #1977, #1361, #1547, .T. ) ;
#1933 = DIRECTION ( 'NONE',  ( -0.7071067811865477948, 0.7071067811865473507, -0.000000000000000000 ) ) ;
#1934 = CIRCLE ( 'NONE', #2172, 1.749999999997198241 ) ;
#1935 = DIRECTION ( 'NONE',  ( 0.7071067811865454633, -0.7071067811865496822, 0.000000000000000000 ) ) ;
#1936 = ORIENTED_EDGE ( 'NONE', *, *, #1346, .T. ) ;
#1937 = ORIENTED_EDGE ( 'NONE', *, *, #3166, .F. ) ;
#1938 = APPLICATION_CONTEXT ( 'configuration controlled 3d designs of mechanical parts and assemblies' ) ;
#1939 = VECTOR ( 'NONE', #1935, 1000.000000000000114 ) ;
#1940 = LINE ( 'NONE', #2753, #3047 ) ;
#1941 = EDGE_LOOP ( 'NONE', ( #3406, #816 ) ) ;
#1942 = VECTOR ( 'NONE', #775, 1000.000000000000000 ) ;
#1943 = EDGE_CURVE ( 'NONE', #3376, #2856, #997, .T. ) ;
#1944 =( NAMED_UNIT ( * ) PLANE_ANGLE_UNIT ( ) SI_UNIT ( $, .RADIAN. ) );
#1945 = VECTOR ( 'NONE', #3119, 1000.000000000000000 ) ;
#1946 = CARTESIAN_POINT ( 'NONE',  ( -26.16295090390852351, -37.47665940288910491, 3.000000000000000000 ) ) ;
#1947 = EDGE_CURVE ( 'NONE', #2784, #798, #2697, .T. ) ;
#1948 = VECTOR ( 'NONE', #995, 1000.000000000000114 ) ;
#1949 = DIRECTION ( 'NONE',  ( 1.000000000000000000, 0.000000000000000000, 0.000000000000000000 ) ) ;
#1950 = DIRECTION ( 'NONE',  ( 1.000000000000000000, 0.000000000000000000, -0.000000000000000000 ) ) ;
#1951 = CARTESIAN_POINT ( 'NONE',  ( -56.88982074412706424, -49.17619643385630468, -6.000000000000000000 ) ) ;
#1952 = CIRCLE ( 'NONE', #3072, 1.750000000002530864 ) ;
#1953 = VERTEX_POINT ( 'NONE', #1795 ) ;
#1954 = ORIENTED_EDGE ( 'NONE', *, *, #159, .T. ) ;
#1955 = FACE_BOUND ( 'NONE', #3157, .T. ) ;
#1956 = CARTESIAN_POINT ( 'NONE',  ( 0.000000000000000000, 0.000000000000000000, -6.000000000000000000 ) ) ;
#1957 = CARTESIAN_POINT ( 'NONE',  ( -51.61879502662222308, -40.30508652763015220, -6.000000000000000000 ) ) ;
#1958 = ORIENTED_EDGE ( 'NONE', *, *, #2358, .T. ) ;
#1959 = ORIENTED_EDGE ( 'NONE', *, *, #2156, .F. ) ;
#1960 = DIRECTION ( 'NONE',  ( -0.000000000000000000, -0.000000000000000000, -1.000000000000000000 ) ) ;
#1961 = EDGE_CURVE ( 'NONE', #1977, #562, #3232, .T. ) ;
#1962 = CARTESIAN_POINT ( 'NONE',  ( 37.47665940288491271, -26.16295090390431710, -6.000000000000000000 ) ) ;
#1963 = ORIENTED_EDGE ( 'NONE', *, *, #701, .F. ) ;
#1964 = DATE_AND_TIME ( #884, #415 ) ;
#1965 = AXIS2_PLACEMENT_3D ( 'NONE', #1169, #2247, #1987 ) ;
#1966 = FACE_OUTER_BOUND ( 'NONE', #624, .T. ) ;
#1967 = CARTESIAN_POINT ( 'NONE',  ( -60.81118318203986206, -45.25483399594347134, -6.000000000000000000 ) ) ;
#1968 = EDGE_CURVE ( 'NONE', #1009, #2095, #2420, .T. ) ;
#1969 = FACE_OUTER_BOUND ( 'NONE', #167, .T. ) ;
#1970 = ORIENTED_EDGE ( 'NONE', *, *, #3124, .T. ) ;
#1971 = CARTESIAN_POINT ( 'NONE',  ( -28.66295090391114186, 0.000000000000000000, 0.000000000000000000 ) ) ;
#1972 = FACE_BOUND ( 'NONE', #89, .T. ) ;
#1973 = CARTESIAN_POINT ( 'NONE',  ( -25.00000000000842704, -55.38603984149722237, 0.000000000000000000 ) ) ;
#1974 = FACE_BOUND ( 'NONE', #2072, .T. ) ;
#1975 = DIRECTION ( 'NONE',  ( 1.000000000000000000, 0.000000000000000000, 0.000000000000000000 ) ) ;
#1976 = EDGE_CURVE ( 'NONE', #1953, #1922, #258, .T. ) ;
#1977 = VERTEX_POINT ( 'NONE', #825 ) ;
#1978 = AXIS2_PLACEMENT_3D ( 'NONE', #586, #1354, #323 ) ;
#1979 = CYLINDRICAL_SURFACE ( 'NONE', #1487, 1.750000000002700729 ) ;
#1980 = PLANE ( 'NONE',  #751 ) ;
#1981 = ORIENTED_EDGE ( 'NONE', *, *, #202, .T. ) ;
#1982 = ORIENTED_EDGE ( 'NONE', *, *, #335, .T. ) ;
#1983 = DIRECTION ( 'NONE',  ( -0.7071067811865470176, -0.7071067811865481278, 0.000000000000000000 ) ) ;
#1984 = COORDINATED_UNIVERSAL_TIME_OFFSET ( 5, 30, .AHEAD. ) ;
#1985 = VECTOR ( 'NONE', #1733, 1000.000000000000000 ) ;
#1986 = CARTESIAN_POINT ( 'NONE',  ( 0.000000000000000000, -60.81118318203566986, 0.000000000000000000 ) ) ;
#1987 = DIRECTION ( 'NONE',  ( 1.000000000000000000, 0.000000000000000000, 0.000000000000000000 ) ) ;
#1988 = AXIS2_PLACEMENT_3D ( 'NONE', #612, #2772, #1112 ) ;
#1989 = CARTESIAN_POINT ( 'NONE',  ( -22.50000000000196110, -22.50000000000197886, 3.000000000000000000 ) ) ;
#1990 = ORIENTED_EDGE ( 'NONE', *, *, #2337, .F. ) ;
#1991 = ORIENTED_EDGE ( 'NONE', *, *, #349, .F. ) ;
#1992 = EDGE_LOOP ( 'NONE', ( #2186, #1628, #3068, #1243 ) ) ;
#1993 = CIRCLE ( 'NONE', #2883, 1.750000000000501155 ) ;
#1994 = ADVANCED_FACE ( 'NONE', ( #541 ), #2126, .F. ) ;
#1995 = LINE ( 'NONE', #1661, #1599 ) ;
#1996 = DIRECTION ( 'NONE',  ( -1.000000000000000000, 0.000000000000000000, 0.000000000000000000 ) ) ;
#1997 = LINE ( 'NONE', #936, #2004 ) ;
#1998 = CARTESIAN_POINT ( 'NONE',  ( 45.25483399594766354, 60.81118318203566986, 0.000000000000000000 ) ) ;
#1999 = VECTOR ( 'NONE', #803, 1000.000000000000000 ) ;
#2000 = DIRECTION ( 'NONE',  ( -0.7071067811865474617, -0.7071067811865474617, 0.000000000000000000 ) ) ;
#2001 = DIRECTION ( 'NONE',  ( 0.000000000000000000, 1.000000000000000000, 0.000000000000000000 ) ) ;
#2002 = EDGE_CURVE ( 'NONE', #2243, #3032, #1884, .T. ) ;
#2003 = CARTESIAN_POINT ( 'NONE',  ( -51.61879502662222308, 40.30508652763015220, 3.000000000000000000 ) ) ;
#2004 = VECTOR ( 'NONE', #1749, 1000.000000000000000 ) ;
#2005 = CARTESIAN_POINT ( 'NONE',  ( -60.81118318203986206, -45.25483399594347134, -6.000000000000000000 ) ) ;
#2006 = VECTOR ( 'NONE', #1480, 1000.000000000000000 ) ;
#2007 = ORIENTED_EDGE ( 'NONE', *, *, #2274, .T. ) ;
#2008 = VERTEX_POINT ( 'NONE', #3212 ) ;
#2009 = FACE_BOUND ( 'NONE', #2398, .T. ) ;
#2010 = CARTESIAN_POINT ( 'NONE',  ( 53.36879502660890040, -40.30508652763011668, 3.000000000000000000 ) ) ;
#2011 = DIRECTION ( 'NONE',  ( -0.000000000000000000, -0.000000000000000000, -1.000000000000000000 ) ) ;
#2012 = CARTESIAN_POINT ( 'NONE',  ( 49.86879502661881958, 40.30508652763011668, -6.000000000000000000 ) ) ;
#2013 = ORIENTED_EDGE ( 'NONE', *, *, #1442, .F. ) ;
#2014 = VERTEX_POINT ( 'NONE', #1898 ) ;
#2015 = EDGE_LOOP ( 'NONE', ( #355, #1638 ) ) ;
#2016 = DIRECTION ( 'NONE',  ( 0.000000000000000000, -0.000000000000000000, -1.000000000000000000 ) ) ;
#2017 = CYLINDRICAL_SURFACE ( 'NONE', #57, 1.750000000000501155 ) ;
#2018 = CIRCLE ( 'NONE', #3008, 5.999999999999998224 ) ;
#2019 = FACE_BOUND ( 'NONE', #3002, .T. ) ;
#2020 = CYLINDRICAL_SURFACE ( 'NONE', #2272, 1.750000000006052270 ) ;
#2021 = EDGE_CURVE ( 'NONE', #33, #347, #2927, .T. ) ;
#2022 = FACE_OUTER_BOUND ( 'NONE', #2819, .T. ) ;
#2023 = ORIENTED_EDGE ( 'NONE', *, *, #1288, .F. ) ;
#2024 = ORIENTED_EDGE ( 'NONE', *, *, #2002, .T. ) ;
#2025 = PLANE ( 'NONE',  #2456 ) ;
#2026 = LINE ( 'NONE', #946, #1186 ) ;
#2027 = CYLINDRICAL_SURFACE ( 'NONE', #2344, 1.750000000006041834 ) ;
#2028 = ORIENTED_EDGE ( 'NONE', *, *, #939, .T. ) ;
#2029 = ORIENTED_EDGE ( 'NONE', *, *, #1905, .T. ) ;
#2030 = ORIENTED_EDGE ( 'NONE', *, *, #2983, .T. ) ;
#2031 = DIRECTION ( 'NONE',  ( -0.000000000000000000, -0.000000000000000000, -1.000000000000000000 ) ) ;
#2032 = EDGE_CURVE ( 'NONE', #121, #2260, #1481, .T. ) ;
#2033 = DIRECTION ( 'NONE',  ( -1.000000000000000000, 0.000000000000000000, 0.000000000000000000 ) ) ;
#2034 = DIRECTION ( 'NONE',  ( -0.000000000000000000, -0.000000000000000000, -1.000000000000000000 ) ) ;
#2035 = CARTESIAN_POINT ( 'NONE',  ( -42.05508652763334254, -51.61879502661891905, 3.000000000000000000 ) ) ;
#2036 = EDGE_LOOP ( 'NONE', ( #1280, #3321, #625, #2783 ) ) ;
#2037 = CARTESIAN_POINT ( 'NONE',  ( -27.91295090391456313, -37.47665940288910491, 3.000000000000000000 ) ) ;
#2038 = CYLINDRICAL_SURFACE ( 'NONE', #146, 1.750000000000501155 ) ;
#2039 = LINE ( 'NONE', #2774, #1644 ) ;
#2040 = ORIENTED_EDGE ( 'NONE', *, *, #296, .T. ) ;
#2041 = VERTEX_POINT ( 'NONE', #3104 ) ;
#2042 = CARTESIAN_POINT ( 'NONE',  ( -25.00000000000843414, 45.38603984149722237, 3.000000000000000000 ) ) ;
#2043 = EDGE_CURVE ( 'NONE', #1789, #989, #1736, .T. ) ;
#2044 = SECURITY_CLASSIFICATION_LEVEL ( 'unclassified' ) ;
#2045 = CYLINDRICAL_SURFACE ( 'NONE', #239, 2.500000000000002220 ) ;
#2046 = DIRECTION ( 'NONE',  ( -0.000000000000000000, -0.000000000000000000, -1.000000000000000000 ) ) ;
#2047 = AXIS2_PLACEMENT_3D ( 'NONE', #305, #3301, #403 ) ;
#2048 = EDGE_LOOP ( 'NONE', ( #634, #1931, #3284, #642 ) ) ;
#2049 = EDGE_LOOP ( 'NONE', ( #2508, #962 ) ) ;
#2050 = VERTEX_POINT ( 'NONE', #1494 ) ;
#2051 = DIRECTION ( 'NONE',  ( 0.000000000000000000, -0.000000000000000000, -1.000000000000000000 ) ) ;
#2052 = CARTESIAN_POINT ( 'NONE',  ( 49.59797974643552720, 19.89949493661654145, 3.000000000000000000 ) ) ;
#2053 = DIRECTION ( 'NONE',  ( 0.000000000000000000, 0.000000000000000000, 1.000000000000000000 ) ) ;
#2054 = CARTESIAN_POINT ( 'NONE',  ( -37.47665940289328290, 26.16295090390434197, 3.000000000000000000 ) ) ;
#2055 = FACE_OUTER_BOUND ( 'NONE', #3247, .T. ) ;
#2056 = FACE_OUTER_BOUND ( 'NONE', #874, .T. ) ;
#2057 = ADVANCED_FACE ( 'NONE', ( #426 ), #2258, .F. ) ;
#2058 = VECTOR ( 'NONE', #998, 1000.000000000000114 ) ;
#2059 = CARTESIAN_POINT ( 'NONE',  ( 20.97461218416941620, 28.68823649444016510, -6.000000000000000000 ) ) ;
#2060 = CC_DESIGN_APPROVAL ( #2148, ( #3254 ) ) ;
#2061 = VECTOR ( 'NONE', #334, 999.9999999999998863 ) ;
#2062 = CARTESIAN_POINT ( 'NONE',  ( 28.66295090390276812, -10.00000000000000355, 3.000000000000000000 ) ) ;
#2063 = EDGE_LOOP ( 'NONE', ( #2682, #3294, #715, #2425 ) ) ;
#2064 = EDGE_LOOP ( 'NONE', ( #290, #2756, #282, #360, #2465, #1021 ) ) ;
#2065 = AXIS2_PLACEMENT_3D ( 'NONE', #2231, #2693, #76 ) ;
#2066 = DIRECTION ( 'NONE',  ( 0.7071067811865474617, 0.7071067811865474617, -0.000000000000000000 ) ) ;
#2067 = VECTOR ( 'NONE', #1213, 1000.000000000000000 ) ;
#2068 = AXIS2_PLACEMENT_3D ( 'NONE', #3121, #2895, #2847 ) ;
#2069 = DIRECTION ( 'NONE',  ( 1.000000000000000000, 0.000000000000000000, 0.000000000000000000 ) ) ;
#2070 = CARTESIAN_POINT ( 'NONE',  ( -39.59797974644813223, 0.000000000000000000, 3.000000000000000000 ) ) ;
#2071 = ADVANCED_FACE ( 'NONE', ( #3287 ), #646, .F. ) ;
#2072 = EDGE_LOOP ( 'NONE', ( #2145, #547, #2668, #1767 ) ) ;
#2073 = VERTEX_POINT ( 'NONE', #1473 ) ;
#2074 = DIRECTION ( 'NONE',  ( 0.000000000000000000, 1.000000000000000000, 0.000000000000000000 ) ) ;
#2075 = CARTESIAN_POINT ( 'NONE',  ( -53.36879502662492314, 40.30508652763015220, -6.000000000000000000 ) ) ;
#2076 = DIRECTION ( 'NONE',  ( 0.000000000000000000, 0.000000000000000000, 1.000000000000000000 ) ) ;
#2077 = FACE_OUTER_BOUND ( 'NONE', #134, .T. ) ;
#2078 = CARTESIAN_POINT ( 'NONE',  ( -32.60959893235297358, 17.05324974625659351, 0.000000000000000000 ) ) ;
#2079 = CIRCLE ( 'NONE', #2510, 1.750000000002464917 ) ;
#2080 = DIRECTION ( 'NONE',  ( -0.000000000000000000, -0.000000000000000000, -1.000000000000000000 ) ) ;
#2081 = ORIENTED_EDGE ( 'NONE', *, *, #60, .T. ) ;
#2082 = EDGE_LOOP ( 'NONE', ( #22, #3278, #65, #3299 ) ) ;
#2083 = ADVANCED_FACE ( 'NONE', ( #3067 ), #1716, .F. ) ;
#2084 = DIRECTION ( 'NONE',  ( -1.000000000000000000, 0.000000000000000000, 0.000000000000000000 ) ) ;
#2085 = CARTESIAN_POINT ( 'NONE',  ( 28.66295090390276812, 9.999999999999996447, 3.000000000000000000 ) ) ;
#2086 = ORIENTED_EDGE ( 'NONE', *, *, #3421, .T. ) ;
#2087 = FACE_BOUND ( 'NONE', #3132, .T. ) ;
#2088 = EDGE_CURVE ( 'NONE', #3387, #509, #3108, .T. ) ;
#2089 = LINE ( 'NONE', #2878, #3185 ) ;
#2090 = DIRECTION ( 'NONE',  ( -1.000000000000000000, 0.000000000000000000, 0.000000000000000000 ) ) ;
#2091 = EDGE_CURVE ( 'NONE', #856, #126, #2039, .T. ) ;
#2092 = DIRECTION ( 'NONE',  ( 0.7071067811865470176, -0.7071067811865481278, -0.000000000000000000 ) ) ;
#2093 = AXIS2_PLACEMENT_3D ( 'NONE', #1589, #2642, #2433 ) ;
#2094 = EDGE_LOOP ( 'NONE', ( #1551, #2191 ) ) ;
#2095 = VERTEX_POINT ( 'NONE', #704 ) ;
#2096 = EDGE_CURVE ( 'NONE', #1066, #2821, #1417, .T. ) ;
#2097 = VECTOR ( 'NONE', #3346, 1000.000000000000000 ) ;
#2098 = DIRECTION ( 'NONE',  ( 1.000000000000000000, 0.000000000000000000, 0.000000000000000000 ) ) ;
#2099 = CARTESIAN_POINT ( 'NONE',  ( 17.99999999999981881, 4.696407624889198923E-16, 0.000000000000000000 ) ) ;
#2100 = EDGE_LOOP ( 'NONE', ( #427, #3348 ) ) ;
#2101 = CARTESIAN_POINT ( 'NONE',  ( 28.66295090390276812, 9.999999999999996447, 0.000000000000000000 ) ) ;
#2102 = FACE_OUTER_BOUND ( 'NONE', #1062, .T. ) ;
#2103 = CIRCLE ( 'NONE', #201, 1.750000000002700729 ) ;
#2104 = CARTESIAN_POINT ( 'NONE',  ( -24.25000000000442313, 22.49999999999779021, 3.000000000000000000 ) ) ;
#2105 = LINE ( 'NONE', #483, #142 ) ;
#2106 = CARTESIAN_POINT ( 'NONE',  ( 23.66295090390276812, 9.999999999999996447, 0.000000000000000000 ) ) ;
#2107 = EDGE_CURVE ( 'NONE', #369, #2633, #882, .T. ) ;
#2108 = CARTESIAN_POINT ( 'NONE',  ( -53.03300858899167025, -53.03300858899167025, 3.000000000000000000 ) ) ;
#2109 = AXIS2_PLACEMENT_3D ( 'NONE', #544, #3196, #2620 ) ;
#2110 = ORIENTED_EDGE ( 'NONE', *, *, #2695, .F. ) ;
#2111 = ORIENTED_EDGE ( 'NONE', *, *, #41, .F. ) ;
#2112 = ADVANCED_FACE ( 'NONE', ( #942 ), #1980, .T. ) ;
#2113 = LINE ( 'NONE', #1581, #169 ) ;
#2114 = DIRECTION ( 'NONE',  ( -0.000000000000000000, -0.000000000000000000, -1.000000000000000000 ) ) ;
#2115 = VECTOR ( 'NONE', #2229, 1000.000000000000000 ) ;
#2116 = CIRCLE ( 'NONE', #597, 18.00000000000400746 ) ;
#2117 = CARTESIAN_POINT ( 'NONE',  ( -37.47665940289328290, -26.16295090390434908, -6.000000000000000000 ) ) ;
#2118 = DIRECTION ( 'NONE',  ( -1.000000000000000000, 0.000000000000000000, 0.000000000000000000 ) ) ;
#2119 = ORIENTED_EDGE ( 'NONE', *, *, #1116, .T. ) ;
#2120 = VECTOR ( 'NONE', #3452, 1000.000000000000000 ) ;
#2121 = CARTESIAN_POINT ( 'NONE',  ( -25.00000000000842704, -45.38603984149722237, 0.000000000000000000 ) ) ;
#2122 = CYLINDRICAL_SURFACE ( 'NONE', #561, 5.000000000000000888 ) ;
#2123 = EDGE_CURVE ( 'NONE', #33, #3139, #1433, .T. ) ;
#2124 = LINE ( 'NONE', #2153, #1830 ) ;
#2125 = CARTESIAN_POINT ( 'NONE',  ( 45.25483399594766354, 60.81118318203566986, -6.000000000000000000 ) ) ;
#2126 = CYLINDRICAL_SURFACE ( 'NONE', #300, 1.750000000000643485 ) ;
#2127 = DIRECTION ( 'NONE',  ( -0.000000000000000000, -0.000000000000000000, -1.000000000000000000 ) ) ;
#2128 = VERTEX_POINT ( 'NONE', #1700 ) ;
#2129 = ORIENTED_EDGE ( 'NONE', *, *, #2954, .F. ) ;
#2130 = DIRECTION ( 'NONE',  ( 1.000000000000000000, 0.000000000000000000, 0.000000000000000000 ) ) ;
#2131 = EDGE_CURVE ( 'NONE', #2453, #2488, #584, .T. ) ;
#2132 = ORIENTED_EDGE ( 'NONE', *, *, #2123, .T. ) ;
#2133 = FACE_OUTER_BOUND ( 'NONE', #3082, .T. ) ;
#2134 = CARTESIAN_POINT ( 'NONE',  ( -0.000000000000000000, 60.81118318203566986, 0.000000000000000000 ) ) ;
#2135 = VERTEX_POINT ( 'NONE', #2241 ) ;
#2136 = DIRECTION ( 'NONE',  ( -1.000000000000000000, 0.000000000000000000, 0.000000000000000000 ) ) ;
#2137 = CARTESIAN_POINT ( 'NONE',  ( 0.000000000000000000, 45.38603984149722237, 3.000000000000000000 ) ) ;
#2138 = DIRECTION ( 'NONE',  ( 0.7071067811865470176, -0.7071067811865481278, -0.000000000000000000 ) ) ;
#2139 = ORIENTED_EDGE ( 'NONE', *, *, #3279, .F. ) ;
#2140 = EDGE_CURVE ( 'NONE', #2799, #2008, #902, .T. ) ;
#2141 = DIRECTION ( 'NONE',  ( 1.000000000000000000, 0.000000000000000000, 0.000000000000000000 ) ) ;
#2142 = DIRECTION ( 'NONE',  ( -0.7071067811865474617, 0.7071067811865474617, 0.000000000000000000 ) ) ;
#2143 = ORIENTED_EDGE ( 'NONE', *, *, #3421, .F. ) ;
#2144 = ORIENTED_EDGE ( 'NONE', *, *, #147, .F. ) ;
#2145 = ORIENTED_EDGE ( 'NONE', *, *, #960, .T. ) ;
#2146 = ORIENTED_EDGE ( 'NONE', *, *, #2374, .T. ) ;
#2147 = EDGE_CURVE ( 'NONE', #1303, #1668, #1030, .T. ) ;
#2148 = APPROVAL ( #3381, 'UNSPECIFIED' ) ;
#2149 = DIRECTION ( 'NONE',  ( 0.000000000000000000, 0.000000000000000000, 1.000000000000000000 ) ) ;
#2150 = ORIENTED_EDGE ( 'NONE', *, *, #2506, .T. ) ;
#2151 = DIRECTION ( 'NONE',  ( 1.743484929142389603E-16, -1.000000000000000000, 0.000000000000000000 ) ) ;
#2152 = CARTESIAN_POINT ( 'NONE',  ( 26.16295090390276812, 9.999999999999996447, 3.000000000000000000 ) ) ;
#2153 = CARTESIAN_POINT ( 'NONE',  ( -60.81118318203986206, 45.25483399594347134, -6.000000000000000000 ) ) ;
#2154 = ORIENTED_EDGE ( 'NONE', *, *, #2337, .T. ) ;
#2155 = CYLINDRICAL_SURFACE ( 'NONE', #1370, 2.500000000000002220 ) ;
#2156 = EDGE_CURVE ( 'NONE', #1015, #3056, #922, .T. ) ;
#2157 = ORIENTED_EDGE ( 'NONE', *, *, #2887, .T. ) ;
#2158 = VECTOR ( 'NONE', #3136, 1000.000000000000000 ) ;
#2159 = ORIENTED_EDGE ( 'NONE', *, *, #356, .F. ) ;
#2160 = ORIENTED_EDGE ( 'NONE', *, *, #2818, .T. ) ;
#2161 = CIRCLE ( 'NONE', #3163, 1.750000000000501155 ) ;
#2162 = ADVANCED_FACE ( 'NONE', ( #2022 ), #3085, .F. ) ;
#2163 = DIRECTION ( 'NONE',  ( 1.000000000000000000, 0.000000000000000000, 0.000000000000000000 ) ) ;
#2164 = AXIS2_PLACEMENT_3D ( 'NONE', #2660, #2365, #1353 ) ;
#2165 = EDGE_CURVE ( 'NONE', #2050, #2176, #217, .T. ) ;
#2166 = VERTEX_POINT ( 'NONE', #2062 ) ;
#2167 = AXIS2_PLACEMENT_3D ( 'NONE', #15, #3161, #1591 ) ;
#2168 = LINE ( 'NONE', #1387, #2604 ) ;
#2169 = LINE ( 'NONE', #2725, #1356 ) ;
#2170 = EDGE_CURVE ( 'NONE', #559, #2259, #3125, .T. ) ;
#2171 = DIRECTION ( 'NONE',  ( 0.7071067811865456854, -0.7071067811865492381, -2.602085213965209064E-15 ) ) ;
#2172 = AXIS2_PLACEMENT_3D ( 'NONE', #2581, #2292, #889 ) ;
#2173 = ORIENTED_EDGE ( 'NONE', *, *, #1777, .T. ) ;
#2174 = CARTESIAN_POINT ( 'NONE',  ( 51.61879502661385999, 40.30508652763011668, 3.000000000000000000 ) ) ;
#2175 = VERTEX_POINT ( 'NONE', #2849 ) ;
#2176 = VERTEX_POINT ( 'NONE', #470 ) ;
#2177 = VERTEX_POINT ( 'NONE', #1261 ) ;
#2178 = EDGE_CURVE ( 'NONE', #2633, #3405, #2340, .T. ) ;
#2179 = AXIS2_PLACEMENT_3D ( 'NONE', #2531, #1444, #954 ) ;
#2180 = CARTESIAN_POINT ( 'NONE',  ( -23.66295090391114186, -10.00000000000000355, 3.000000000000000000 ) ) ;
#2181 = CARTESIAN_POINT ( 'NONE',  ( -39.59797974644813223, -19.89949493662079050, 3.000000000000000000 ) ) ;
#2182 = EDGE_LOOP ( 'NONE', ( #2546, #1797, #2007, #1392 ) ) ;
#2183 = DIRECTION ( 'NONE',  ( 1.743484929142389603E-16, -1.000000000000000000, 0.000000000000000000 ) ) ;
#2184 = DIRECTION ( 'NONE',  ( -0.000000000000000000, -0.000000000000000000, -1.000000000000000000 ) ) ;
#2185 = CARTESIAN_POINT ( 'NONE',  ( 40.30508652762596711, 51.61879502661800956, 3.000000000000000000 ) ) ;
#2186 = ORIENTED_EDGE ( 'NONE', *, *, #516, .F. ) ;
#2187 = EDGE_CURVE ( 'NONE', #2971, #3055, #3317, .T. ) ;
#2188 = FACE_BOUND ( 'NONE', #707, .T. ) ;
#2189 = ORIENTED_EDGE ( 'NONE', *, *, #629, .F. ) ;
#2190 = DIRECTION ( 'NONE',  ( 0.7071067811865474617, -0.7071067811865474617, 0.000000000000000000 ) ) ;
#2191 = ORIENTED_EDGE ( 'NONE', *, *, #2737, .T. ) ;
#2192 = DIRECTION ( 'NONE',  ( 1.000000000000000000, 0.000000000000000000, 0.000000000000000000 ) ) ;
#2193 = VERTEX_POINT ( 'NONE', #1200 ) ;
#2194 = DIRECTION ( 'NONE',  ( 1.000000000000000000, 0.000000000000000000, -0.000000000000000000 ) ) ;
#2195 = CARTESIAN_POINT ( 'NONE',  ( -24.25000000000442668, -22.50000000000197886, 0.000000000000000000 ) ) ;
#2196 = DIRECTION ( 'NONE',  ( 0.7071067811865474617, 0.7071067811865474617, -0.000000000000000000 ) ) ;
#2197 = CYLINDRICAL_SURFACE ( 'NONE', #1497, 1.749999999997198241 ) ;
#2198 = EDGE_CURVE ( 'NONE', #1331, #284, #3260, .T. ) ;
#2199 = CARTESIAN_POINT ( 'NONE',  ( 51.61879502661385999, 40.30508652763011668, -6.000000000000000000 ) ) ;
#2200 = CC_DESIGN_APPROVAL ( #1409, ( #786 ) ) ;
#2201 = CARTESIAN_POINT ( 'NONE',  ( -42.52691193458264962, 26.97056274848627311, 3.000000000000000000 ) ) ;
#2202 = EDGE_CURVE ( 'NONE', #2645, #1331, #1469, .T. ) ;
#2203 = EDGE_LOOP ( 'NONE', ( #2763, #2023 ) ) ;
#2204 = ORIENTED_EDGE ( 'NONE', *, *, #3240, .T. ) ;
#2205 = LINE ( 'NONE', #2988, #755 ) ;
#2206 = AXIS2_PLACEMENT_3D ( 'NONE', #576, #1377, #2452 ) ;
#2207 = ADVANCED_FACE ( 'NONE', ( #163 ), #897, .T. ) ;
#2208 = ORIENTED_EDGE ( 'NONE', *, *, #2844, .F. ) ;
#2209 = VECTOR ( 'NONE', #2884, 1000.000000000000114 ) ;
#2210 = CARTESIAN_POINT ( 'NONE',  ( 25.00000000000001066, -45.38603984149722237, 3.000000000000000000 ) ) ;
#2211 = VECTOR ( 'NONE', #2877, 1000.000000000000000 ) ;
#2212 = DIRECTION ( 'NONE',  ( 1.000000000000000000, 0.000000000000000000, 0.000000000000000000 ) ) ;
#2213 = DIRECTION ( 'NONE',  ( -0.000000000000000000, 0.000000000000000000, 1.000000000000000000 ) ) ;
#2214 = ORIENTED_EDGE ( 'NONE', *, *, #424, .F. ) ;
#2215 = VECTOR ( 'NONE', #524, 1000.000000000000114 ) ;
#2216 = VERTEX_POINT ( 'NONE', #421 ) ;
#2217 = FACE_BOUND ( 'NONE', #2270, .T. ) ;
#2218 = PLANE ( 'NONE',  #1329 ) ;
#2219 = VERTEX_POINT ( 'NONE', #3064 ) ;
#2220 = ORIENTED_EDGE ( 'NONE', *, *, #554, .F. ) ;
#2221 = VECTOR ( 'NONE', #1840, 999.9999999999998863 ) ;
#2222 = DIRECTION ( 'NONE',  ( 1.000000000000000000, 0.000000000000000000, 0.000000000000000000 ) ) ;
#2223 = EDGE_CURVE ( 'NONE', #2219, #3167, #1258, .T. ) ;
#2224 = CARTESIAN_POINT ( 'NONE',  ( 32.60959893235297358, -17.05324974625659351, -6.000000000000000000 ) ) ;
#2225 = EDGE_LOOP ( 'NONE', ( #3302, #969 ) ) ;
#2226 = ADVANCED_FACE ( 'NONE', ( #3338 ), #2733, .F. ) ;
#2227 = DIRECTION ( 'NONE',  ( 1.000000000000000000, 0.000000000000000000, 0.000000000000000000 ) ) ;
#2228 = VECTOR ( 'NONE', #853, 999.9999999999998863 ) ;
#2229 = DIRECTION ( 'NONE',  ( 0.000000000000000000, 0.000000000000000000, 1.000000000000000000 ) ) ;
#2230 = DIRECTION ( 'NONE',  ( 1.000000000000000000, 0.000000000000000000, 0.000000000000000000 ) ) ;
#2231 = CARTESIAN_POINT ( 'NONE',  ( 7.778174593044197671, 7.778174593044151486, 3.000000000000000000 ) ) ;
#2232 = VERTEX_POINT ( 'NONE', #877 ) ;
#2233 = ORIENTED_EDGE ( 'NONE', *, *, #2223, .F. ) ;
#2234 = FACE_BOUND ( 'NONE', #3078, .T. ) ;
#2235 = FACE_OUTER_BOUND ( 'NONE', #873, .T. ) ;
#2236 = AXIS2_PLACEMENT_3D ( 'NONE', #2516, #119, #2803 ) ;
#2237 = ORIENTED_EDGE ( 'NONE', *, *, #1647, .F. ) ;
#2238 = EDGE_CURVE ( 'NONE', #3405, #59, #894, .T. ) ;
#2239 = ORIENTED_EDGE ( 'NONE', *, *, #1740, .T. ) ;
#2240 = DIRECTION ( 'NONE',  ( -0.000000000000000000, -0.000000000000000000, -1.000000000000000000 ) ) ;
#2241 = CARTESIAN_POINT ( 'NONE',  ( -24.41295090390248035, -37.47665940288910491, -6.000000000000000000 ) ) ;
#2242 = EDGE_LOOP ( 'NONE', ( #1171, #1429 ) ) ;
#2243 = VERTEX_POINT ( 'NONE', #641 ) ;
#2244 = LINE ( 'NONE', #3324, #3100 ) ;
#2245 = EDGE_CURVE ( 'NONE', #610, #3040, #2103, .T. ) ;
#2246 = CIRCLE ( 'NONE', #1965, 1.750000000006052270 ) ;
#2247 = DIRECTION ( 'NONE',  ( -0.000000000000000000, 0.000000000000000000, 1.000000000000000000 ) ) ;
#2248 = CARTESIAN_POINT ( 'NONE',  ( 60.81118318203145634, 45.25483399594343581, 3.000000000000000000 ) ) ;
#2249 = ORIENTED_EDGE ( 'NONE', *, *, #3404, .T. ) ;
#2250 = VERTEX_POINT ( 'NONE', #3235 ) ;
#2251 = EDGE_LOOP ( 'NONE', ( #2208, #1663, #2924, #3303, #1422 ) ) ;
#2252 = CARTESIAN_POINT ( 'NONE',  ( 20.74999999999556977, -22.50000000000197176, 3.000000000000000000 ) ) ;
#2253 = DIRECTION ( 'NONE',  ( -1.000000000000000000, 0.000000000000000000, 0.000000000000000000 ) ) ;
#2254 = LINE ( 'NONE', #3371, #1945 ) ;
#2255 = CARTESIAN_POINT ( 'NONE',  ( -49.86879502661952301, -40.30508652763015220, 3.000000000000000000 ) ) ;
#2256 = DIRECTION ( 'NONE',  ( 1.000000000000000000, 0.000000000000000000, 0.000000000000000000 ) ) ;
#2257 = EDGE_CURVE ( 'NONE', #844, #1679, #2264, .T. ) ;
#2258 = CYLINDRICAL_SURFACE ( 'NONE', #490, 5.000000000000000888 ) ;
#2259 = VERTEX_POINT ( 'NONE', #1973 ) ;
#2260 = VERTEX_POINT ( 'NONE', #1902 ) ;
#2261 = ADVANCED_FACE ( 'NONE', ( #2969 ), #2698, .T. ) ;
#2262 = VECTOR ( 'NONE', #161, 1000.000000000000114 ) ;
#2263 = DATE_TIME_ROLE ( 'creation_date' ) ;
#2264 = CIRCLE ( 'NONE', #3430, 1.750000000000643485 ) ;
#2265 = EDGE_CURVE ( 'NONE', #1032, #563, #54, .T. ) ;
#2266 = CARTESIAN_POINT ( 'NONE',  ( 40.30508652762596711, -51.61879502661800956, -6.000000000000000000 ) ) ;
#2267 = AXIS2_PLACEMENT_3D ( 'NONE', #2354, #815, #2130 ) ;
#2268 = FACE_OUTER_BOUND ( 'NONE', #2869, .T. ) ;
#2269 = EDGE_LOOP ( 'NONE', ( #1153, #2986, #2154, #769 ) ) ;
#2270 = EDGE_LOOP ( 'NONE', ( #1680, #607 ) ) ;
#2271 = EDGE_LOOP ( 'NONE', ( #2454, #1216, #28, #1718 ) ) ;
#2272 = AXIS2_PLACEMENT_3D ( 'NONE', #977, #3374, #423 ) ;
#2273 = DIRECTION ( 'NONE',  ( -0.7071067811865481278, -0.7071067811865470176, 0.000000000000000000 ) ) ;
#2274 = EDGE_CURVE ( 'NONE', #2981, #1031, #2298, .T. ) ;
#2275 = CARTESIAN_POINT ( 'NONE',  ( 49.59797974643552720, -19.89949493661654856, 3.000000000000000000 ) ) ;
#2276 = CARTESIAN_POINT ( 'NONE',  ( -42.05508652763334254, -51.61879502661891905, -6.000000000000000000 ) ) ;
#2277 = DIRECTION ( 'NONE',  ( -0.000000000000000000, 0.000000000000000000, 1.000000000000000000 ) ) ;
#2278 = AXIS2_PLACEMENT_3D ( 'NONE', #568, #869, #1949 ) ;
#2279 = ORIENTED_EDGE ( 'NONE', *, *, #147, .T. ) ;
#2280 = CARTESIAN_POINT ( 'NONE',  ( 26.16295090390276812, 9.999999999999996447, 3.000000000000000000 ) ) ;
#2281 = CARTESIAN_POINT ( 'NONE',  ( -4.187622471008011518E-12, -1.734723475976806306E-15, 3.000000000000000000 ) ) ;
#2282 = AXIS2_PLACEMENT_3D ( 'NONE', #1508, #994, #3118 ) ;
#2283 = CARTESIAN_POINT ( 'NONE',  ( -18.00000000000819256, -1.734723475976806306E-15, 3.000000000000000000 ) ) ;
#2284 = CIRCLE ( 'NONE', #600, 1.750000000000643485 ) ;
#2285 = ORIENTED_EDGE ( 'NONE', *, *, #2140, .T. ) ;
#2286 = ORIENTED_EDGE ( 'NONE', *, *, #2397, .F. ) ;
#2287 = CARTESIAN_POINT ( 'NONE',  ( 22.49999999999803180, 22.49999999999778666, 0.000000000000000000 ) ) ;
#2288 = DIRECTION ( 'NONE',  ( -0.000000000000000000, 0.000000000000000000, 1.000000000000000000 ) ) ;
#2289 = EDGE_CURVE ( 'NONE', #2166, #284, #120, .T. ) ;
#2290 = VECTOR ( 'NONE', #2317, 1000.000000000000114 ) ;
#2291 = LINE ( 'NONE', #1723, #1640 ) ;
#2292 = DIRECTION ( 'NONE',  ( -0.000000000000000000, -0.000000000000000000, -1.000000000000000000 ) ) ;
#2293 = VERTEX_POINT ( 'NONE', #681 ) ;
#2294 = EDGE_LOOP ( 'NONE', ( #1862, #413, #2606, #2378 ) ) ;
#2295 = ORIENTED_EDGE ( 'NONE', *, *, #503, .F. ) ;
#2296 = DIRECTION ( 'NONE',  ( -0.000000000000000000, -0.000000000000000000, -1.000000000000000000 ) ) ;
#2297 = CYLINDRICAL_SURFACE ( 'NONE', #510, 1.750000000000501155 ) ;
#2298 = LINE ( 'NONE', #2035, #702 ) ;
#2299 = CARTESIAN_POINT ( 'NONE',  ( 39.22665940288541719, 26.16295090390431710, 3.000000000000000000 ) ) ;
#2300 = DIRECTION ( 'NONE',  ( 0.000000000000000000, -0.000000000000000000, -1.000000000000000000 ) ) ;
#2301 = ADVANCED_FACE ( 'NONE', ( #195 ), #698, .F. ) ;
#2302 = LINE ( 'NONE', #447, #2058 ) ;
#2303 = DIRECTION ( 'NONE',  ( -0.000000000000000000, 0.000000000000000000, -1.000000000000000000 ) ) ;
#2304 = ORIENTED_EDGE ( 'NONE', *, *, #1028, .T. ) ;
#2305 = ORIENTED_EDGE ( 'NONE', *, *, #2873, .T. ) ;
#2306 = APPROVAL_DATE_TIME ( #2609, #2148 ) ;
#2307 = DIRECTION ( 'NONE',  ( -0.7071067811865476838, 0.7071067811865473507, -0.000000000000000000 ) ) ;
#2308 = ADVANCED_FACE ( 'NONE', ( #2334 ), #917, .F. ) ;
#2309 = CARTESIAN_POINT ( 'NONE',  ( 49.59797974643552720, -19.89949493661654856, 0.000000000000000000 ) ) ;
#2310 = ORIENTED_EDGE ( 'NONE', *, *, #3006, .F. ) ;
#2311 = ORIENTED_EDGE ( 'NONE', *, *, #278, .F. ) ;
#2312 = EDGE_LOOP ( 'NONE', ( #3349, #2626, #2776, #3267 ) ) ;
#2313 = LINE ( 'NONE', #2843, #3388 ) ;
#2314 = FACE_OUTER_BOUND ( 'NONE', #2595, .T. ) ;
#2315 = EDGE_CURVE ( 'NONE', #2175, #2014, #1771, .T. ) ;
#2316 = CARTESIAN_POINT ( 'NONE',  ( -32.60959893235297358, -17.05324974625659351, -6.000000000000000000 ) ) ;
#2317 = DIRECTION ( 'NONE',  ( 0.7071067811865474617, -0.7071067811865474617, -0.000000000000000000 ) ) ;
#2318 = CARTESIAN_POINT ( 'NONE',  ( -28.68823649444017221, 20.97461218416940198, -6.000000000000000000 ) ) ;
#2319 = CARTESIAN_POINT ( 'NONE',  ( -0.000000000000000000, 55.38603984149722237, 0.000000000000000000 ) ) ;
#2320 = DIRECTION ( 'NONE',  ( -0.7071067811865470176, -0.7071067811865481278, 0.000000000000000000 ) ) ;
#2321 = EDGE_CURVE ( 'NONE', #2568, #669, #819, .T. ) ;
#2322 = ORIENTED_EDGE ( 'NONE', *, *, #1498, .T. ) ;
#2323 = ORIENTED_EDGE ( 'NONE', *, *, #1406, .F. ) ;
#2324 = ADVANCED_FACE ( 'NONE', ( #2826 ), #3392, .F. ) ;
#2325 = PERSON_AND_ORGANIZATION_ROLE ( 'classification_officer' ) ;
#2326 = FACE_OUTER_BOUND ( 'NONE', #3239, .T. ) ;
#2327 = CARTESIAN_POINT ( 'NONE',  ( 38.55508652762876665, -51.61879502661800956, 3.000000000000000000 ) ) ;
#2328 = VECTOR ( 'NONE', #3444, 1000.000000000000000 ) ;
#2329 = VERTEX_POINT ( 'NONE', #444 ) ;
#2330 = ORIENTED_EDGE ( 'NONE', *, *, #1625, .T. ) ;
#2331 = DIRECTION ( 'NONE',  ( -0.7071067811865494601, 0.7071067811865456854, -0.000000000000000000 ) ) ;
#2332 = VECTOR ( 'NONE', #2000, 1000.000000000000114 ) ;
#2333 = DIRECTION ( 'NONE',  ( -0.000000000000000000, -0.000000000000000000, -1.000000000000000000 ) ) ;
#2334 = FACE_OUTER_BOUND ( 'NONE', #567, .T. ) ;
#2335 = LINE ( 'NONE', #3424, #2221 ) ;
#2336 = VECTOR ( 'NONE', #1624, 1000.000000000000000 ) ;
#2337 = EDGE_CURVE ( 'NONE', #2128, #199, #1509, .T. ) ;
#2338 = DIRECTION ( 'NONE',  ( 0.000000000000000000, 0.000000000000000000, 1.000000000000000000 ) ) ;
#2339 = AXIS2_PLACEMENT_3D ( 'NONE', #440, #2016, #953 ) ;
#2340 = LINE ( 'NONE', #1812, #2754 ) ;
#2341 = ORIENTED_EDGE ( 'NONE', *, *, #2198, .F. ) ;
#2342 = ORIENTED_EDGE ( 'NONE', *, *, #530, .T. ) ;
#2343 = AXIS2_PLACEMENT_3D ( 'NONE', #3244, #3014, #557 ) ;
#2344 = AXIS2_PLACEMENT_3D ( 'NONE', #3112, #2046, #1249 ) ;
#2345 = EDGE_CURVE ( 'NONE', #2798, #1099, #2254, .T. ) ;
#2346 = CYLINDRICAL_SURFACE ( 'NONE', #1362, 1.749999999997198241 ) ;
#2347 = CARTESIAN_POINT ( 'NONE',  ( 49.17619643385210537, 56.88982074412285073, -6.000000000000000000 ) ) ;
#2348 = EDGE_LOOP ( 'NONE', ( #2390, #3145, #821, #1626 ) ) ;
#2349 = ORIENTED_EDGE ( 'NONE', *, *, #3399, .F. ) ;
#2350 = VECTOR ( 'NONE', #1256, 1000.000000000000114 ) ;
#2351 = CARTESIAN_POINT ( 'NONE',  ( -53.36879502662492314, -40.30508652763015220, 3.000000000000000000 ) ) ;
#2352 = CARTESIAN_POINT ( 'NONE',  ( 25.00000000000001066, -50.38603984149722947, 3.000000000000000000 ) ) ;
#2353 = CARTESIAN_POINT ( 'NONE',  ( 0.000000000000000000, 60.81118318203566986, 3.000000000000000000 ) ) ;
#2354 = CARTESIAN_POINT ( 'NONE',  ( -25.00000000000843414, 50.38603984149722947, 0.000000000000000000 ) ) ;
#2355 = CARTESIAN_POINT ( 'NONE',  ( -35.72665940288722908, -26.16295090390434908, 3.000000000000000000 ) ) ;
#2356 = AXIS2_PLACEMENT_3D ( 'NONE', #1245, #1515, #2560 ) ;
#2357 = CYLINDRICAL_SURFACE ( 'NONE', #1874, 1.750000000000643485 ) ;
#2358 = EDGE_CURVE ( 'NONE', #1534, #1076, #465, .T. ) ;
#2359 = ORIENTED_EDGE ( 'NONE', *, *, #2043, .F. ) ;
#2360 = CARTESIAN_POINT ( 'NONE',  ( -49.86879502661952301, 40.30508652763015220, 3.000000000000000000 ) ) ;
#2361 = FACE_OUTER_BOUND ( 'NONE', #725, .T. ) ;
#2362 = ADVANCED_FACE ( 'NONE', ( #2077 ), #1710, .T. ) ;
#2363 = DIRECTION ( 'NONE',  ( 1.000000000000000000, 0.000000000000000000, 0.000000000000000000 ) ) ;
#2364 = ORIENTED_EDGE ( 'NONE', *, *, #1101, .T. ) ;
#2365 = DIRECTION ( 'NONE',  ( -0.000000000000000000, 0.000000000000000000, 1.000000000000000000 ) ) ;
#2366 = DIRECTION ( 'NONE',  ( 1.000000000000000000, 0.000000000000000000, 0.000000000000000000 ) ) ;
#2367 = EDGE_CURVE ( 'NONE', #2931, #548, #3457, .T. ) ;
#2368 = CARTESIAN_POINT ( 'NONE',  ( -26.16295090390852351, -37.47665940288910491, 3.000000000000000000 ) ) ;
#2369 = FACE_OUTER_BOUND ( 'NONE', #1135, .T. ) ;
#2370 = DIRECTION ( 'NONE',  ( -0.000000000000000000, -0.000000000000000000, -1.000000000000000000 ) ) ;
#2371 = VERTEX_POINT ( 'NONE', #2195 ) ;
#2372 = ORIENTED_EDGE ( 'NONE', *, *, #1671, .F. ) ;
#2373 = CIRCLE ( 'NONE', #1026, 1.750000000002464917 ) ;
#2374 = EDGE_CURVE ( 'NONE', #3032, #563, #2779, .T. ) ;
#2375 = LOCAL_TIME ( 18, 39, 56.00000000000000000, #2562 ) ;
#2376 = DIRECTION ( 'NONE',  ( -0.7071067811865475727, -0.7071067811865475727, 0.000000000000000000 ) ) ;
#2377 = DIRECTION ( 'NONE',  ( 0.000000000000000000, -0.000000000000000000, -1.000000000000000000 ) ) ;
#2378 = ORIENTED_EDGE ( 'NONE', *, *, #3290, .T. ) ;
#2379 = CARTESIAN_POINT ( 'NONE',  ( 20.74999999999556977, -22.50000000000197176, 3.000000000000000000 ) ) ;
#2380 = CARTESIAN_POINT ( 'NONE',  ( 25.00000000000001066, -50.38603984149722947, 3.000000000000000000 ) ) ;
#2381 = VECTOR ( 'NONE', #627, 1000.000000000000000 ) ;
#2382 = DIRECTION ( 'NONE',  ( -0.000000000000000000, -0.000000000000000000, -1.000000000000000000 ) ) ;
#2383 = CARTESIAN_POINT ( 'NONE',  ( 26.16295090390276812, 9.999999999999996447, 0.000000000000000000 ) ) ;
#2384 = DIRECTION ( 'NONE',  ( 0.000000000000000000, 1.000000000000000000, -0.000000000000000000 ) ) ;
#2385 = VECTOR ( 'NONE', #2502, 1000.000000000000000 ) ;
#2386 = ADVANCED_FACE ( 'NONE', ( #3052 ), #654, .F. ) ;
#2387 = DIRECTION ( 'NONE',  ( -1.000000000000000000, 0.000000000000000000, 0.000000000000000000 ) ) ;
#2388 = CIRCLE ( 'NONE', #1828, 18.00000000000400746 ) ;
#2389 = CARTESIAN_POINT ( 'NONE',  ( 60.81118318203986206, -45.25483399594347134, -6.000000000000000000 ) ) ;
#2390 = ORIENTED_EDGE ( 'NONE', *, *, #385, .F. ) ;
#2391 = EDGE_LOOP ( 'NONE', ( #3087, #3095, #1580, #1726 ) ) ;
#2392 = AXIS2_PLACEMENT_3D ( 'NONE', #1850, #761, #2675 ) ;
#2393 = AXIS2_PLACEMENT_3D ( 'NONE', #2403, #2644, #540 ) ;
#2394 = AXIS2_PLACEMENT_3D ( 'NONE', #1928, #1687, #2743 ) ;
#2395 = CARTESIAN_POINT ( 'NONE',  ( -26.16295090390852351, 37.47665940288910491, 3.000000000000000000 ) ) ;
#2396 = LINE ( 'NONE', #1802, #3170 ) ;
#2397 = EDGE_CURVE ( 'NONE', #3044, #3056, #1685, .T. ) ;
#2398 = EDGE_LOOP ( 'NONE', ( #2030, #2173 ) ) ;
#2399 = VECTOR ( 'NONE', #446, 1000.000000000000000 ) ;
#2400 = VECTOR ( 'NONE', #1792, 1000.000000000000114 ) ;
#2401 = CARTESIAN_POINT ( 'NONE',  ( 27.91295090390079636, -37.47665940288907649, 3.000000000000000000 ) ) ;
#2402 = FACE_OUTER_BOUND ( 'NONE', #1474, .T. ) ;
#2403 = CARTESIAN_POINT ( 'NONE',  ( 49.59797974643552720, 19.89949493661654145, 3.000000000000000000 ) ) ;
#2404 = DIRECTION ( 'NONE',  ( -0.000000000000000000, -0.000000000000000000, -1.000000000000000000 ) ) ;
#2405 = EDGE_CURVE ( 'NONE', #865, #1345, #2079, .T. ) ;
#2406 = LINE ( 'NONE', #1886, #2647 ) ;
#2407 = EDGE_CURVE ( 'NONE', #659, #166, #1456, .T. ) ;
#2408 = VERTEX_POINT ( 'NONE', #2579 ) ;
#2409 = EDGE_LOOP ( 'NONE', ( #47, #2305, #830, #932 ) ) ;
#2410 = ORIENTED_EDGE ( 'NONE', *, *, #3050, .F. ) ;
#2411 = AXIS2_PLACEMENT_3D ( 'NONE', #441, #876, #160 ) ;
#2412 = ORIENTED_EDGE ( 'NONE', *, *, #129, .F. ) ;
#2413 = CARTESIAN_POINT ( 'NONE',  ( 26.16295090390015332, 37.47665940288907649, 3.000000000000000000 ) ) ;
#2414 = CARTESIAN_POINT ( 'NONE',  ( -45.25483399594766354, -60.81118318203566986, 0.000000000000000000 ) ) ;
#2415 = ORIENTED_EDGE ( 'NONE', *, *, #1104, .T. ) ;
#2416 = DIRECTION ( 'NONE',  ( 0.000000000000000000, -0.000000000000000000, -1.000000000000000000 ) ) ;
#2417 = ADVANCED_FACE ( 'NONE', ( #1537, #2009, #3378 ), #1264, .F. ) ;
#2418 = DIRECTION ( 'NONE',  ( 0.000000000000000000, -0.000000000000000000, 1.000000000000000000 ) ) ;
#2419 = DIRECTION ( 'NONE',  ( 1.000000000000000000, 0.000000000000000000, 0.000000000000000000 ) ) ;
#2420 = LINE ( 'NONE', #1658, #1130 ) ;
#2421 = ORIENTED_EDGE ( 'NONE', *, *, #7, .F. ) ;
#2422 = CARTESIAN_POINT ( 'NONE',  ( 22.49999999999803535, -22.50000000000197176, 0.000000000000000000 ) ) ;
#2423 = EDGE_CURVE ( 'NONE', #1490, #2014, #3070, .T. ) ;
#2424 = ORIENTED_EDGE ( 'NONE', *, *, #599, .T. ) ;
#2425 = ORIENTED_EDGE ( 'NONE', *, *, #1038, .T. ) ;
#2426 = EDGE_LOOP ( 'NONE', ( #395, #1541, #3069, #2139, #1615, #609 ) ) ;
#2427 = AXIS2_PLACEMENT_3D ( 'NONE', #2413, #533, #10 ) ;
#2428 = EDGE_CURVE ( 'NONE', #225, #1032, #1228, .T. ) ;
#2429 = FACE_BOUND ( 'NONE', #77, .T. ) ;
#2430 = CARTESIAN_POINT ( 'NONE',  ( 42.52691193457005170, 26.97056274848202406, 3.000000000000000000 ) ) ;
#2431 = ORIENTED_EDGE ( 'NONE', *, *, #151, .F. ) ;
#2432 = CARTESIAN_POINT ( 'NONE',  ( -4.187622471008011518E-12, -1.734723475976806306E-15, 3.000000000000000000 ) ) ;
#2433 = DIRECTION ( 'NONE',  ( -1.000000000000000000, 0.000000000000000000, 0.000000000000000000 ) ) ;
#2434 = CARTESIAN_POINT ( 'NONE',  ( 28.68823649444016510, -20.97461218416940198, -6.000000000000000000 ) ) ;
#2435 = VERTEX_POINT ( 'NONE', #3107 ) ;
#2436 = DIRECTION ( 'NONE',  ( 1.000000000000000000, 0.000000000000000000, 0.000000000000000000 ) ) ;
#2437 = ORIENTED_EDGE ( 'NONE', *, *, #1671, .T. ) ;
#2438 = AXIS2_PLACEMENT_3D ( 'NONE', #2790, #3357, #961 ) ;
#2439 = ORIENTED_EDGE ( 'NONE', *, *, #1265, .F. ) ;
#2440 = VERTEX_POINT ( 'NONE', #3360 ) ;
#2441 = AXIS2_PLACEMENT_3D ( 'NONE', #1714, #1430, #644 ) ;
#2442 = DIRECTION ( 'NONE',  ( 1.000000000000000000, 0.000000000000000000, 0.000000000000000000 ) ) ;
#2443 = AXIS2_PLACEMENT_3D ( 'NONE', #2709, #2724, #1633 ) ;
#2444 = EDGE_CURVE ( 'NONE', #2821, #1066, #1952, .T. ) ;
#2445 = ORIENTED_EDGE ( 'NONE', *, *, #901, .F. ) ;
#2446 = CIRCLE ( 'NONE', #262, 1.749999999995040190 ) ;
#2447 = FACE_OUTER_BOUND ( 'NONE', #1496, .T. ) ;
#2448 = DIRECTION ( 'NONE',  ( -0.7071067811865476838, 0.7071067811865473507, -0.000000000000000000 ) ) ;
#2449 = VECTOR ( 'NONE', #2463, 1000.000000000000000 ) ;
#2450 = EDGE_LOOP ( 'NONE', ( #2129, #339, #1185, #2279 ) ) ;
#2451 = CARTESIAN_POINT ( 'NONE',  ( 68.88982074412285783, -61.17619643385206984, -6.000000000000000000 ) ) ;
#2452 = DIRECTION ( 'NONE',  ( -0.7071067811865474617, 0.7071067811865474617, 0.000000000000000000 ) ) ;
#2453 = VERTEX_POINT ( 'NONE', #3046 ) ;
#2454 = ORIENTED_EDGE ( 'NONE', *, *, #599, .F. ) ;
#2455 = ORIENTED_EDGE ( 'NONE', *, *, #1277, .T. ) ;
#2456 = AXIS2_PLACEMENT_3D ( 'NONE', #687, #3182, #281 ) ;
#2457 = CARTESIAN_POINT ( 'NONE',  ( 0.000000000000000000, 0.000000000000000000, -6.000000000000000000 ) ) ;
#2458 = ORIENTED_EDGE ( 'NONE', *, *, #1506, .F. ) ;
#2459 = FACE_OUTER_BOUND ( 'NONE', #1111, .T. ) ;
#2460 = DIRECTION ( 'NONE',  ( 1.000000000000000000, 0.000000000000000000, 0.000000000000000000 ) ) ;
#2461 = EDGE_CURVE ( 'NONE', #1159, #2250, #1337, .T. ) ;
#2462 = LINE ( 'NONE', #2979, #3094 ) ;
#2463 = DIRECTION ( 'NONE',  ( -0.000000000000000000, -0.000000000000000000, -1.000000000000000000 ) ) ;
#2464 = UNCERTAINTY_MEASURE_WITH_UNIT (LENGTH_MEASURE( 1.000000000000000082E-05 ), #1399, 'distance_accuracy_value', 'NONE');
#2465 = ORIENTED_EDGE ( 'NONE', *, *, #2187, .F. ) ;
#2466 = CARTESIAN_POINT ( 'NONE',  ( -35.72665940288722908, -26.16295090390434908, -6.000000000000000000 ) ) ;
#2467 = EDGE_CURVE ( 'NONE', #802, #2293, #1720, .T. ) ;
#2468 = CARTESIAN_POINT ( 'NONE',  ( -17.05324974626079637, -32.60959893234879559, -6.000000000000000000 ) ) ;
#2469 = ORIENTED_EDGE ( 'NONE', *, *, #1144, .F. ) ;
#2470 = EDGE_LOOP ( 'NONE', ( #2455, #1616 ) ) ;
#2471 = CARTESIAN_POINT ( 'NONE',  ( 24.25000000000050093, -22.50000000000197176, 0.000000000000000000 ) ) ;
#2472 = ORIENTED_EDGE ( 'NONE', *, *, #3307, .T. ) ;
#2473 = DIRECTION ( 'NONE',  ( -0.000000000000000000, -0.000000000000000000, -1.000000000000000000 ) ) ;
#2474 = CARTESIAN_POINT ( 'NONE',  ( -40.30508652763334254, -51.61879502661891905, 3.000000000000000000 ) ) ;
#2475 = FACE_OUTER_BOUND ( 'NONE', #3105, .T. ) ;
#2476 = CARTESIAN_POINT ( 'NONE',  ( 24.25000000000050093, -22.50000000000197176, 3.000000000000000000 ) ) ;
#2477 = ORIENTED_EDGE ( 'NONE', *, *, #2589, .F. ) ;
#2478 = AXIS2_PLACEMENT_3D ( 'NONE', #1435, #2509, #3304 ) ;
#2479 = VERTEX_POINT ( 'NONE', #2042 ) ;
#2480 = DIRECTION ( 'NONE',  ( 1.000000000000000000, 0.000000000000000000, 0.000000000000000000 ) ) ;
#2481 = AXIS2_PLACEMENT_3D ( 'NONE', #45, #297, #849 ) ;
#2482 = CARTESIAN_POINT ( 'NONE',  ( -24.41295090390248035, 37.47665940288910491, -6.000000000000000000 ) ) ;
#2483 = ORIENTED_EDGE ( 'NONE', *, *, #25, .F. ) ;
#2484 = ADVANCED_FACE ( 'NONE', ( #1453 ), #407, .F. ) ;
#2485 = CARTESIAN_POINT ( 'NONE',  ( 60.81118318203986206, 45.25483399594347134, -6.000000000000000000 ) ) ;
#2486 = AXIS2_PLACEMENT_3D ( 'NONE', #1962, #2507, #3043 ) ;
#2487 = DIRECTION ( 'NONE',  ( -0.000000000000000000, -0.000000000000000000, -1.000000000000000000 ) ) ;
#2488 = VERTEX_POINT ( 'NONE', #127 ) ;
#2489 = DIRECTION ( 'NONE',  ( -0.000000000000000000, 0.000000000000000000, 1.000000000000000000 ) ) ;
#2490 = CARTESIAN_POINT ( 'NONE',  ( 45.25483399593931466, -60.81118318203566986, 3.000000000000000000 ) ) ;
#2491 = AXIS2_PLACEMENT_3D ( 'NONE', #555, #1672, #2691 ) ;
#2492 = DIRECTION ( 'NONE',  ( -0.000000000000000000, -0.000000000000000000, -1.000000000000000000 ) ) ;
#2493 = EDGE_CURVE ( 'NONE', #1123, #3398, #2777, .T. ) ;
#2494 = DIRECTION ( 'NONE',  ( 1.000000000000000000, 0.000000000000000000, 0.000000000000000000 ) ) ;
#2495 = ORIENTED_EDGE ( 'NONE', *, *, #520, .F. ) ;
#2496 = VECTOR ( 'NONE', #1220, 1000.000000000000000 ) ;
#2497 = EDGE_LOOP ( 'NONE', ( #1270, #1657, #253, #1906 ) ) ;
#2498 = CARTESIAN_POINT ( 'NONE',  ( 45.25483399594766354, -60.81118318203566986, 0.000000000000000000 ) ) ;
#2499 = CARTESIAN_POINT ( 'NONE',  ( 51.61879502661385999, -40.30508652763011668, 3.000000000000000000 ) ) ;
#2500 = VECTOR ( 'NONE', #2565, 1000.000000000000000 ) ;
#2501 = LINE ( 'NONE', #2201, #3450 ) ;
#2502 = DIRECTION ( 'NONE',  ( 1.000000000000000000, 0.000000000000000000, 0.000000000000000000 ) ) ;
#2503 = EDGE_LOOP ( 'NONE', ( #458, #2935 ) ) ;
#2504 = VECTOR ( 'NONE', #2618, 1000.000000000000000 ) ;
#2505 = DIRECTION ( 'NONE',  ( -0.000000000000000000, 0.000000000000000000, 1.000000000000000000 ) ) ;
#2506 = EDGE_CURVE ( 'NONE', #1918, #3199, #389, .T. ) ;
#2507 = DIRECTION ( 'NONE',  ( 0.000000000000000000, 0.000000000000000000, 1.000000000000000000 ) ) ;
#2508 = ORIENTED_EDGE ( 'NONE', *, *, #1065, .F. ) ;
#2509 = DIRECTION ( 'NONE',  ( 0.000000000000000000, 0.000000000000000000, 1.000000000000000000 ) ) ;
#2510 = AXIS2_PLACEMENT_3D ( 'NONE', #2741, #390, #1388 ) ;
#2511 = DIRECTION ( 'NONE',  ( -0.7071067811865477948, 0.7071067811865473507, -0.000000000000000000 ) ) ;
#2512 = DIRECTION ( 'NONE',  ( 1.000000000000000000, 0.000000000000000000, 0.000000000000000000 ) ) ;
#2513 = EDGE_LOOP ( 'NONE', ( #773, #577, #1440, #2214 ) ) ;
#2514 = ADVANCED_FACE ( 'NONE', ( #2539 ), #2025, .F. ) ;
#2515 = FACE_BOUND ( 'NONE', #2517, .T. ) ;
#2516 = CARTESIAN_POINT ( 'NONE',  ( 51.61879502661385999, 40.30508652763011668, -6.000000000000000000 ) ) ;
#2517 = EDGE_LOOP ( 'NONE', ( #1610, #2472 ) ) ;
#2518 = EDGE_CURVE ( 'NONE', #2905, #1303, #2113, .T. ) ;
#2519 = DIRECTION ( 'NONE',  ( -1.000000000000000000, 0.000000000000000000, 0.000000000000000000 ) ) ;
#2520 = ORIENTED_EDGE ( 'NONE', *, *, #505, .F. ) ;
#2521 = EDGE_LOOP ( 'NONE', ( #1312, #2956 ) ) ;
#2522 = CARTESIAN_POINT ( 'NONE',  ( 60.81118318203986206, -45.25483399594347134, -6.000000000000000000 ) ) ;
#2523 = APPROVAL_DATE_TIME ( #2778, #68 ) ;
#2524 = EDGE_CURVE ( 'NONE', #2799, #3398, #1597, .T. ) ;
#2525 = LINE ( 'NONE', #2742, #481 ) ;
#2526 = CARTESIAN_POINT ( 'NONE',  ( 45.25483399594766354, 60.81118318203566986, -6.000000000000000000 ) ) ;
#2527 = ORIENTED_EDGE ( 'NONE', *, *, #7, .T. ) ;
#2528 = VERTEX_POINT ( 'NONE', #1283 ) ;
#2529 = ORIENTED_EDGE ( 'NONE', *, *, #516, .T. ) ;
#2530 = DIRECTION ( 'NONE',  ( 1.000000000000000000, 0.000000000000000000, 0.000000000000000000 ) ) ;
#2531 = CARTESIAN_POINT ( 'NONE',  ( -40.30508652763334254, -51.61879502661891905, 3.000000000000000000 ) ) ;
#2532 = CARTESIAN_POINT ( 'NONE',  ( -28.66295090391114186, -10.00000000000000355, 3.000000000000000000 ) ) ;
#2533 = FACE_OUTER_BOUND ( 'NONE', #1394, .T. ) ;
#2534 = DIRECTION ( 'NONE',  ( 0.000000000000000000, 0.000000000000000000, 1.000000000000000000 ) ) ;
#2535 = CARTESIAN_POINT ( 'NONE',  ( 39.22665940288541719, 26.16295090390431710, 3.000000000000000000 ) ) ;
#2536 = DIRECTION ( 'NONE',  ( -1.000000000000000000, 0.000000000000000000, 0.000000000000000000 ) ) ;
#2537 = VERTEX_POINT ( 'NONE', #2360 ) ;
#2538 = EDGE_LOOP ( 'NONE', ( #677, #332, #1193, #2591 ) ) ;
#2539 = FACE_OUTER_BOUND ( 'NONE', #3115, .T. ) ;
#2540 = VECTOR ( 'NONE', #2663, 1000.000000000000000 ) ;
#2541 = APPROVAL_DATE_TIME ( #1964, #1409 ) ;
#2542 = CARTESIAN_POINT ( 'NONE',  ( 53.36879502660890040, -40.30508652763011668, 3.000000000000000000 ) ) ;
#2543 = AXIS2_PLACEMENT_3D ( 'NONE', #2199, #101, #53 ) ;
#2544 = ADVANCED_FACE ( 'NONE', ( #2055 ), #466, .T. ) ;
#2545 = DIRECTION ( 'NONE',  ( -0.000000000000000000, -0.000000000000000000, -1.000000000000000000 ) ) ;
#2546 = ORIENTED_EDGE ( 'NONE', *, *, #3022, .F. ) ;
#2547 = ORIENTED_EDGE ( 'NONE', *, *, #1894, .T. ) ;
#2548 = ORIENTED_EDGE ( 'NONE', *, *, #1568, .F. ) ;
#2549 = CIRCLE ( 'NONE', #3219, 1.749999999997198241 ) ;
#2550 = CARTESIAN_POINT ( 'NONE',  ( 53.03300858898747805, -53.03300858898745673, -8.500000000000000000 ) ) ;
#2551 = DIRECTION ( 'NONE',  ( 1.000000000000000000, 0.000000000000000000, 0.000000000000000000 ) ) ;
#2552 = FACE_BOUND ( 'NONE', #2470, .T. ) ;
#2553 = DIRECTION ( 'NONE',  ( -0.000000000000000000, -0.000000000000000000, -1.000000000000000000 ) ) ;
#2554 = DIRECTION ( 'NONE',  ( -1.000000000000000000, 0.000000000000000000, 0.000000000000000000 ) ) ;
#2555 = CIRCLE ( 'NONE', #990, 10.00000000000000178 ) ;
#2556 = CARTESIAN_POINT ( 'NONE',  ( -25.00000000000843414, 50.38603984149722947, 3.000000000000000000 ) ) ;
#2557 = AXIS2_PLACEMENT_3D ( 'NONE', #1989, #2545, #2839 ) ;
#2558 = ORIENTED_EDGE ( 'NONE', *, *, #1920, .T. ) ;
#2559 = ORIENTED_EDGE ( 'NONE', *, *, #2315, .T. ) ;
#2560 = DIRECTION ( 'NONE',  ( 1.000000000000000000, 0.000000000000000000, -0.000000000000000000 ) ) ;
#2561 = ADVANCED_FACE ( 'NONE', ( #623 ), #3313, .F. ) ;
#2562 = COORDINATED_UNIVERSAL_TIME_OFFSET ( 5, 30, .AHEAD. ) ;
#2563 = ADVANCED_FACE ( 'NONE', ( #3352 ), #2017, .F. ) ;
#2564 = CARTESIAN_POINT ( 'NONE',  ( -40.30508652763334254, -51.61879502661891905, 3.000000000000000000 ) ) ;
#2565 = DIRECTION ( 'NONE',  ( -0.000000000000000000, -0.000000000000000000, -1.000000000000000000 ) ) ;
#2566 = ORIENTED_EDGE ( 'NONE', *, *, #331, .T. ) ;
#2567 = ORIENTED_EDGE ( 'NONE', *, *, #732, .F. ) ;
#2568 = VERTEX_POINT ( 'NONE', #1425 ) ;
#2569 = ADVANCED_FACE ( 'NONE', ( #2314 ), #2297, .F. ) ;
#2570 = CARTESIAN_POINT ( 'NONE',  ( 25.00000000000001066, -55.38603984149722237, 0.000000000000000000 ) ) ;
#2571 = CARTESIAN_POINT ( 'NONE',  ( 23.66295090390276812, -10.00000000000000355, 0.000000000000000000 ) ) ;
#2572 = CARTESIAN_POINT ( 'NONE',  ( 20.74999999999550226, 22.49999999999778666, 0.000000000000000000 ) ) ;
#2573 = DIRECTION ( 'NONE',  ( 1.000000000000000000, 0.000000000000000000, 0.000000000000000000 ) ) ;
#2574 = EDGE_CURVE ( 'NONE', #781, #2671, #2018, .T. ) ;
#2575 = DIRECTION ( 'NONE',  ( -0.000000000000000000, 0.000000000000000000, 1.000000000000000000 ) ) ;
#2576 = EDGE_LOOP ( 'NONE', ( #1738, #1064, #1533, #2547 ) ) ;
#2577 = ORIENTED_EDGE ( 'NONE', *, *, #2669, .T. ) ;
#2578 = CARTESIAN_POINT ( 'NONE',  ( 40.30508652762596711, -51.61879502661800956, -6.000000000000000000 ) ) ;
#2579 = CARTESIAN_POINT ( 'NONE',  ( 25.00000000000000355, 55.38603984149722237, 3.000000000000000000 ) ) ;
#2580 = DIRECTION ( 'NONE',  ( 1.000000000000000000, 0.000000000000000000, 0.000000000000000000 ) ) ;
#2581 = CARTESIAN_POINT ( 'NONE',  ( 40.30508652762596711, 51.61879502661800956, -6.000000000000000000 ) ) ;
#2582 = ORIENTED_EDGE ( 'NONE', *, *, #2873, .F. ) ;
#2583 = ORIENTED_EDGE ( 'NONE', *, *, #2961, .T. ) ;
#2584 = CARTESIAN_POINT ( 'NONE',  ( -49.86879502661952301, -40.30508652763015220, -6.000000000000000000 ) ) ;
#2585 = DIRECTION ( 'NONE',  ( -0.7071067811865470176, 0.7071067811865481278, -0.000000000000000000 ) ) ;
#2586 = AXIS2_PLACEMENT_3D ( 'NONE', #2564, #2838, #2069 ) ;
#2587 = DIRECTION ( 'NONE',  ( -1.000000000000000000, 0.000000000000000000, 0.000000000000000000 ) ) ;
#2588 = DIRECTION ( 'NONE',  ( 0.000000000000000000, -0.000000000000000000, -1.000000000000000000 ) ) ;
#2589 = EDGE_CURVE ( 'NONE', #2232, #3199, #2896, .T. ) ;
#2590 = ORIENTED_EDGE ( 'NONE', *, *, #538, .F. ) ;
#2591 = ORIENTED_EDGE ( 'NONE', *, *, #2695, .T. ) ;
#2592 = DATE_TIME_ROLE ( 'classification_date' ) ;
#2593 = CARTESIAN_POINT ( 'NONE',  ( -39.22665940289932962, 26.16295090390434197, 3.000000000000000000 ) ) ;
#2594 = CARTESIAN_POINT ( 'NONE',  ( -22.50000000000196110, -22.50000000000197886, 3.000000000000000000 ) ) ;
#2595 = EDGE_LOOP ( 'NONE', ( #1598, #1893, #1936, #3358 ) ) ;
#2596 = ORIENTED_EDGE ( 'NONE', *, *, #1518, .T. ) ;
#2597 = LINE ( 'NONE', #3116, #1266 ) ;
#2598 = DIRECTION ( 'NONE',  ( 0.000000000000000000, 0.000000000000000000, 1.000000000000000000 ) ) ;
#2599 = CARTESIAN_POINT ( 'NONE',  ( 23.66295090390276812, 0.000000000000000000, 0.000000000000000000 ) ) ;
#2600 = DIRECTION ( 'NONE',  ( 0.000000000000000000, 0.000000000000000000, 1.000000000000000000 ) ) ;
#2601 = DIRECTION ( 'NONE',  ( 0.7071067811865456854, -0.7071067811865493491, 0.000000000000000000 ) ) ;
#2602 = VECTOR ( 'NONE', #2092, 1000.000000000000000 ) ;
#2603 = LINE ( 'NONE', #215, #857 ) ;
#2604 = VECTOR ( 'NONE', #2183, 1000.000000000000000 ) ;
#2605 = EDGE_LOOP ( 'NONE', ( #951, #2424, #1060, #477, #1063, #489 ) ) ;
#2606 = ORIENTED_EDGE ( 'NONE', *, *, #982, .T. ) ;
#2607 = AXIS2_PLACEMENT_3D ( 'NONE', #1882, #1912, #2171 ) ;
#2608 = ADVANCED_FACE ( 'NONE', ( #2748 ), #696, .F. ) ;
#2609 = DATE_AND_TIME ( #3089, #2375 ) ;
#2610 = VECTOR ( 'NONE', #508, 1000.000000000000000 ) ;
#2611 = FACE_OUTER_BOUND ( 'NONE', #1100, .T. ) ;
#2612 = LINE ( 'NONE', #2070, #1044 ) ;
#2613 = EDGE_LOOP ( 'NONE', ( #2458, #2110, #155, #2330 ) ) ;
#2614 = CARTESIAN_POINT ( 'NONE',  ( -23.66295090391114186, 0.000000000000000000, 0.000000000000000000 ) ) ;
#2615 = CARTESIAN_POINT ( 'NONE',  ( 60.81118318203146345, -45.25483399594342870, 3.000000000000000000 ) ) ;
#2616 = CARTESIAN_POINT ( 'NONE',  ( 25.00000000000000355, 50.38603984149722947, 3.000000000000000000 ) ) ;
#2617 = DIRECTION ( 'NONE',  ( 0.000000000000000000, -0.000000000000000000, -1.000000000000000000 ) ) ;
#2618 = DIRECTION ( 'NONE',  ( 0.000000000000000000, 0.000000000000000000, 1.000000000000000000 ) ) ;
#2619 = ADVANCED_FACE ( 'NONE', ( #2235 ), #679, .F. ) ;
#2620 = DIRECTION ( 'NONE',  ( -0.7071067811865469066, 0.7071067811865481278, 0.000000000000000000 ) ) ;
#2621 = ORIENTED_EDGE ( 'NONE', *, *, #214, .F. ) ;
#2622 = ORIENTED_EDGE ( 'NONE', *, *, #1390, .F. ) ;
#2623 = CARTESIAN_POINT ( 'NONE',  ( 42.05508652762316757, 51.61879502661800956, 3.000000000000000000 ) ) ;
#2624 = CARTESIAN_POINT ( 'NONE',  ( 45.25483399594766354, 60.81118318203566986, 0.000000000000000000 ) ) ;
#2625 = ADVANCED_FACE ( 'NONE', ( #137 ), #398, .F. ) ;
#2626 = ORIENTED_EDGE ( 'NONE', *, *, #410, .F. ) ;
#2627 = CARTESIAN_POINT ( 'NONE',  ( -56.88982074412707846, 49.17619643385630468, -6.000000000000000000 ) ) ;
#2628 = CARTESIAN_POINT ( 'NONE',  ( 22.49999999999803535, -22.50000000000197176, 0.000000000000000000 ) ) ;
#2629 = DIRECTION ( 'NONE',  ( 0.000000000000000000, -0.000000000000000000, -1.000000000000000000 ) ) ;
#2630 = DIRECTION ( 'NONE',  ( -0.000000000000000000, 0.000000000000000000, 1.000000000000000000 ) ) ;
#2631 = CARTESIAN_POINT ( 'NONE',  ( -23.66295090391114186, -10.00000000000000355, 3.000000000000000000 ) ) ;
#2632 = CARTESIAN_POINT ( 'NONE',  ( 38.55508652762876665, -51.61879502661800956, -6.000000000000000000 ) ) ;
#2633 = VERTEX_POINT ( 'NONE', #916 ) ;
#2634 = DIRECTION ( 'NONE',  ( -0.000000000000000000, -0.000000000000000000, -1.000000000000000000 ) ) ;
#2635 = ADVANCED_FACE ( 'NONE', ( #893, #1972, #1709 ), #3060, .F. ) ;
#2636 = VECTOR ( 'NONE', #371, 1000.000000000000000 ) ;
#2637 = CARTESIAN_POINT ( 'NONE',  ( 40.30508652762596711, -51.61879502661800956, 3.000000000000000000 ) ) ;
#2638 = DIRECTION ( 'NONE',  ( -0.000000000000000000, -0.000000000000000000, -1.000000000000000000 ) ) ;
#2639 = VERTEX_POINT ( 'NONE', #2571 ) ;
#2640 = DIRECTION ( 'NONE',  ( 1.000000000000000000, 0.000000000000000000, 0.000000000000000000 ) ) ;
#2641 = ADVANCED_FACE ( 'NONE', ( #380 ), #1197, .F. ) ;
#2642 = DIRECTION ( 'NONE',  ( -0.000000000000000000, -0.000000000000000000, -1.000000000000000000 ) ) ;
#2643 = VECTOR ( 'NONE', #368, 1000.000000000000000 ) ;
#2644 = DIRECTION ( 'NONE',  ( 0.000000000000000000, -0.000000000000000000, -1.000000000000000000 ) ) ;
#2645 = VERTEX_POINT ( 'NONE', #3335 ) ;
#2646 = CARTESIAN_POINT ( 'NONE',  ( -53.03300858899169157, -53.03300858899168446, -8.500000000000000000 ) ) ;
#2647 = VECTOR ( 'NONE', #2370, 1000.000000000000000 ) ;
#2648 = ORIENTED_EDGE ( 'NONE', *, *, #2493, .T. ) ;
#2649 = VERTEX_POINT ( 'NONE', #1748 ) ;
#2650 = CARTESIAN_POINT ( 'NONE',  ( 60.81118318203146345, -45.25483399594342870, 3.000000000000000000 ) ) ;
#2651 = AXIS2_PLACEMENT_3D ( 'NONE', #2785, #1252, #1791 ) ;
#2652 = AXIS2_PLACEMENT_3D ( 'NONE', #32, #1134, #1106 ) ;
#2653 = EDGE_LOOP ( 'NONE', ( #1855, #2809, #543, #2898 ) ) ;
#2654 = ADVANCED_FACE ( 'NONE', ( #358 ), #935, .F. ) ;
#2655 = VECTOR ( 'NONE', #224, 1000.000000000000000 ) ;
#2656 = CYLINDRICAL_SURFACE ( 'NONE', #1073, 1.750000000006052270 ) ;
#2657 = DIRECTION ( 'NONE',  ( 1.000000000000000000, 0.000000000000000000, 0.000000000000000000 ) ) ;
#2658 = ORIENTED_EDGE ( 'NONE', *, *, #2574, .T. ) ;
#2659 = AXIS2_PLACEMENT_3D ( 'NONE', #2731, #2699, #2985 ) ;
#2660 = CARTESIAN_POINT ( 'NONE',  ( 40.30508652762596711, -51.61879502661800956, 3.000000000000000000 ) ) ;
#2661 = DIRECTION ( 'NONE',  ( 1.000000000000000000, 0.000000000000000000, 0.000000000000000000 ) ) ;
#2662 = DIRECTION ( 'NONE',  ( 1.000000000000000000, 0.000000000000000000, 0.000000000000000000 ) ) ;
#2663 = DIRECTION ( 'NONE',  ( 0.000000000000000000, 0.000000000000000000, 1.000000000000000000 ) ) ;
#2664 = ORIENTED_EDGE ( 'NONE', *, *, #1894, .F. ) ;
#2665 = CARTESIAN_POINT ( 'NONE',  ( -60.81118318203986206, 45.25483399594347134, 3.000000000000000000 ) ) ;
#2666 = DIRECTION ( 'NONE',  ( 0.000000000000000000, 0.000000000000000000, 1.000000000000000000 ) ) ;
#2667 = ORIENTED_EDGE ( 'NONE', *, *, #2407, .T. ) ;
#2668 = ORIENTED_EDGE ( 'NONE', *, *, #60, .F. ) ;
#2669 = EDGE_CURVE ( 'NONE', #989, #1379, #457, .T. ) ;
#2670 = AXIS2_PLACEMENT_3D ( 'NONE', #2275, #176, #3018 ) ;
#2671 = VERTEX_POINT ( 'NONE', #418 ) ;
#2672 = CARTESIAN_POINT ( 'NONE',  ( -25.00000000000843414, 55.38603984149722237, 0.000000000000000000 ) ) ;
#2673 = CARTESIAN_POINT ( 'NONE',  ( 0.000000000000000000, -60.81118318203566986, 3.000000000000000000 ) ) ;
#2674 = ORIENTED_EDGE ( 'NONE', *, *, #2720, .F. ) ;
#2675 = DIRECTION ( 'NONE',  ( 0.000000000000000000, 0.000000000000000000, 1.000000000000000000 ) ) ;
#2676 = DIRECTION ( 'NONE',  ( -0.000000000000000000, -0.000000000000000000, -1.000000000000000000 ) ) ;
#2677 = EDGE_CURVE ( 'NONE', #2260, #1451, #1488, .T. ) ;
#2678 = DIRECTION ( 'NONE',  ( -0.000000000000000000, -0.000000000000000000, -1.000000000000000000 ) ) ;
#2679 = ORIENTED_EDGE ( 'NONE', *, *, #278, .T. ) ;
#2680 = CARTESIAN_POINT ( 'NONE',  ( -20.74999999999949907, -22.50000000000197886, 3.000000000000000000 ) ) ;
#2681 = DIRECTION ( 'NONE',  ( -0.000000000000000000, 0.000000000000000000, 1.000000000000000000 ) ) ;
#2682 = ORIENTED_EDGE ( 'NONE', *, *, #1189, .T. ) ;
#2683 = ORIENTED_EDGE ( 'NONE', *, *, #2107, .F. ) ;
#2684 = AXIS2_PLACEMENT_3D ( 'NONE', #186, #3143, #3416 ) ;
#2685 = CARTESIAN_POINT ( 'NONE',  ( -45.25483399594766354, 60.81118318203566986, 3.000000000000000000 ) ) ;
#2686 = EDGE_CURVE ( 'NONE', #1803, #1814, #3436, .T. ) ;
#2687 = ORIENTED_EDGE ( 'NONE', *, *, #885, .T. ) ;
#2688 = FACE_BOUND ( 'NONE', #2242, .T. ) ;
#2689 = ORIENTED_EDGE ( 'NONE', *, *, #3240, .F. ) ;
#2690 = VECTOR ( 'NONE', #632, 1000.000000000000000 ) ;
#2691 = DIRECTION ( 'NONE',  ( 0.7071067811865474617, -0.7071067811865474617, 0.000000000000000000 ) ) ;
#2692 = CARTESIAN_POINT ( 'NONE',  ( 42.05508652762316757, -51.61879502661800956, 3.000000000000000000 ) ) ;
#2693 = DIRECTION ( 'NONE',  ( 0.7071067811865496822, 0.7071067811865454633, -0.000000000000000000 ) ) ;
#2694 = ORIENTED_EDGE ( 'NONE', *, *, #385, .T. ) ;
#2695 = EDGE_CURVE ( 'NONE', #2166, #694, #2089, .T. ) ;
#2696 = CARTESIAN_POINT ( 'NONE',  ( 26.16295090390015332, -37.47665940288907649, 3.000000000000000000 ) ) ;
#2697 = CIRCLE ( 'NONE', #1921, 1.750000000002700729 ) ;
#2698 = PLANE ( 'NONE',  #2206 ) ;
#2699 = DIRECTION ( 'NONE',  ( 0.000000000000000000, 0.000000000000000000, 1.000000000000000000 ) ) ;
#2700 = ORIENTED_EDGE ( 'NONE', *, *, #2737, .F. ) ;
#2701 = ORIENTED_EDGE ( 'NONE', *, *, #2989, .T. ) ;
#2702 = ORIENTED_EDGE ( 'NONE', *, *, #1932, .F. ) ;
#2703 = ADVANCED_FACE ( 'NONE', ( #1012 ), #2122, .F. ) ;
#2704 = FACE_OUTER_BOUND ( 'NONE', #826, .T. ) ;
#2705 = CIRCLE ( 'NONE', #760, 1.750000000006041834 ) ;
#2706 = ORIENTED_EDGE ( 'NONE', *, *, #2397, .T. ) ;
#2707 = ADVANCED_FACE ( 'NONE', ( #1324 ), #1837, .F. ) ;
#2708 = AXIS2_PLACEMENT_3D ( 'NONE', #1307, #792, #499 ) ;
#2709 = CARTESIAN_POINT ( 'NONE',  ( -25.00000000000843414, 50.38603984149722947, 3.000000000000000000 ) ) ;
#2710 = DIRECTION ( 'NONE',  ( -0.000000000000000000, -0.000000000000000000, -1.000000000000000000 ) ) ;
#2711 = CARTESIAN_POINT ( 'NONE',  ( -39.22665940289933673, -26.16295090390434908, -6.000000000000000000 ) ) ;
#2712 = CARTESIAN_POINT ( 'NONE',  ( 0.000000000000000000, 45.38603984149722237, 3.000000000000000000 ) ) ;
#2713 = CIRCLE ( 'NONE', #216, 9.999999999999960920 ) ;
#2714 = ORIENTED_EDGE ( 'NONE', *, *, #1947, .T. ) ;
#2715 = CARTESIAN_POINT ( 'NONE',  ( -23.66295090391114186, 9.999999999999996447, 0.000000000000000000 ) ) ;
#2716 = DIRECTION ( 'NONE',  ( -0.000000000000000000, -0.000000000000000000, -1.000000000000000000 ) ) ;
#2717 = EDGE_LOOP ( 'NONE', ( #3140, #2679, #345, #693 ) ) ;
#2718 = ORIENTED_EDGE ( 'NONE', *, *, #2913, .F. ) ;
#2719 = PLANE ( 'NONE',  #1034 ) ;
#2720 = EDGE_CURVE ( 'NONE', #562, #1922, #1449, .T. ) ;
#2721 = ORIENTED_EDGE ( 'NONE', *, *, #1343, .F. ) ;
#2722 = VECTOR ( 'NONE', #1983, 1000.000000000000000 ) ;
#2723 = CARTESIAN_POINT ( 'NONE',  ( -40.30508652763334254, -51.61879502661891905, -6.000000000000000000 ) ) ;
#2724 = DIRECTION ( 'NONE',  ( -0.000000000000000000, 0.000000000000000000, 1.000000000000000000 ) ) ;
#2725 = CARTESIAN_POINT ( 'NONE',  ( -42.52691193458264962, -26.97056274848627311, 3.000000000000000000 ) ) ;
#2726 = EDGE_CURVE ( 'NONE', #2568, #1977, #463, .T. ) ;
#2727 = LINE ( 'NONE', #2712, #1666 ) ;
#2728 = EDGE_LOOP ( 'NONE', ( #218, #2144, #1603, #1888 ) ) ;
#2729 = ORIENTED_EDGE ( 'NONE', *, *, #1943, .F. ) ;
#2730 = LINE ( 'NONE', #2451, #1659 ) ;
#2731 = CARTESIAN_POINT ( 'NONE',  ( 0.000000000000000000, 0.000000000000000000, -6.000000000000000000 ) ) ;
#2732 = EDGE_LOOP ( 'NONE', ( #1566, #2694, #848, #157 ) ) ;
#2733 = CYLINDRICAL_SURFACE ( 'NONE', #303, 1.750000000002530864 ) ;
#2734 = ORIENTED_EDGE ( 'NONE', *, *, #99, .T. ) ;
#2735 = LINE ( 'NONE', #2485, #37 ) ;
#2736 = ORIENTED_EDGE ( 'NONE', *, *, #3184, .F. ) ;
#2737 = EDGE_CURVE ( 'NONE', #2537, #2841, #660, .T. ) ;
#2738 = FACE_OUTER_BOUND ( 'NONE', #1885, .T. ) ;
#2739 = CIRCLE ( 'NONE', #900, 1.750000000006045386 ) ;
#2740 = LINE ( 'NONE', #351, #1143 ) ;
#2741 = CARTESIAN_POINT ( 'NONE',  ( 22.49999999999803535, -22.50000000000197176, 3.000000000000000000 ) ) ;
#2742 = CARTESIAN_POINT ( 'NONE',  ( -32.60959893235297358, 17.05324974625659351, 0.000000000000000000 ) ) ;
#2743 = DIRECTION ( 'NONE',  ( -1.000000000000000000, 0.000000000000000000, 0.000000000000000000 ) ) ;
#2744 = ORIENTED_EDGE ( 'NONE', *, *, #782, .T. ) ;
#2745 = ORIENTED_EDGE ( 'NONE', *, *, #1761, .F. ) ;
#2746 = EDGE_CURVE ( 'NONE', #1331, #1869, #3390, .T. ) ;
#2747 = CARTESIAN_POINT ( 'NONE',  ( -39.59797974644813223, -19.89949493662079050, 0.000000000000000000 ) ) ;
#2748 = FACE_OUTER_BOUND ( 'NONE', #1297, .T. ) ;
#2749 = DIRECTION ( 'NONE',  ( -0.000000000000000000, 0.000000000000000000, 1.000000000000000000 ) ) ;
#2750 = DIRECTION ( 'NONE',  ( -0.7071067811865473507, -0.7071067811865477948, 0.000000000000000000 ) ) ;
#2751 = DIRECTION ( 'NONE',  ( -0.000000000000000000, -0.000000000000000000, -1.000000000000000000 ) ) ;
#2752 = ORIENTED_EDGE ( 'NONE', *, *, #785, .F. ) ;
#2753 = CARTESIAN_POINT ( 'NONE',  ( 25.00000000000001066, -45.38603984149722237, 3.000000000000000000 ) ) ;
#2754 = VECTOR ( 'NONE', #2190, 1000.000000000000114 ) ;
#2755 = DIRECTION ( 'NONE',  ( -0.7071067811865470176, -0.7071067811865481278, 0.000000000000000000 ) ) ;
#2756 = ORIENTED_EDGE ( 'NONE', *, *, #1761, .T. ) ;
#2757 = DIRECTION ( 'NONE',  ( 1.000000000000000000, 0.000000000000000000, 0.000000000000000000 ) ) ;
#2758 = EDGE_CURVE ( 'NONE', #316, #729, #1254, .T. ) ;
#2759 = CIRCLE ( 'NONE', #645, 2.500000000000002220 ) ;
#2760 = VECTOR ( 'NONE', #158, 1000.000000000000114 ) ;
#2761 = PLANE ( 'NONE',  #1630 ) ;
#2762 = DIRECTION ( 'NONE',  ( -1.000000000000000000, 0.000000000000000000, 0.000000000000000000 ) ) ;
#2763 = ORIENTED_EDGE ( 'NONE', *, *, #2367, .F. ) ;
#2764 = ORIENTED_EDGE ( 'NONE', *, *, #335, .F. ) ;
#2765 = CIRCLE ( 'NONE', #2393, 10.00000000000000178 ) ;
#2766 = ORIENTED_EDGE ( 'NONE', *, *, #2922, .T. ) ;
#2767 = DIRECTION ( 'NONE',  ( 0.000000000000000000, -0.000000000000000000, 1.000000000000000000 ) ) ;
#2768 = DIRECTION ( 'NONE',  ( -0.000000000000000000, 0.000000000000000000, 1.000000000000000000 ) ) ;
#2769 = AXIS2_PLACEMENT_3D ( 'NONE', #2673, #602, #3225 ) ;
#2770 = DIRECTION ( 'NONE',  ( 1.000000000000000000, 1.743484929142389603E-16, -0.000000000000000000 ) ) ;
#2771 = ORIENTED_EDGE ( 'NONE', *, *, #1125, .T. ) ;
#2772 = DIRECTION ( 'NONE',  ( -0.000000000000000000, 0.000000000000000000, 1.000000000000000000 ) ) ;
#2773 = EDGE_CURVE ( 'NONE', #531, #729, #1306, .T. ) ;
#2774 = CARTESIAN_POINT ( 'NONE',  ( 39.59797974643552010, -19.89949493661644198, 3.000000000000000000 ) ) ;
#2775 = ORIENTED_EDGE ( 'NONE', *, *, #915, .F. ) ;
#2776 = ORIENTED_EDGE ( 'NONE', *, *, #768, .F. ) ;
#2777 = LINE ( 'NONE', #2522, #1284 ) ;
#2778 = DATE_AND_TIME ( #1721, #248 ) ;
#2779 = LINE ( 'NONE', #1986, #454 ) ;
#2780 = DIRECTION ( 'NONE',  ( 0.000000000000000000, -0.000000000000000000, -1.000000000000000000 ) ) ;
#2781 = DIRECTION ( 'NONE',  ( -0.000000000000000000, 0.000000000000000000, 1.000000000000000000 ) ) ;
#2782 = ORIENTED_EDGE ( 'NONE', *, *, #2952, .F. ) ;
#2783 = ORIENTED_EDGE ( 'NONE', *, *, #2758, .T. ) ;
#2784 = VERTEX_POINT ( 'NONE', #2075 ) ;
#2785 = CARTESIAN_POINT ( 'NONE',  ( -32.60959893235297358, -17.05324974625659351, -6.000000000000000000 ) ) ;
#2786 = DIRECTION ( 'NONE',  ( -0.000000000000000000, -0.000000000000000000, -1.000000000000000000 ) ) ;
#2787 = CARTESIAN_POINT ( 'NONE',  ( -4.187622471008011518E-12, -1.734723475976806306E-15, 0.000000000000000000 ) ) ;
#2788 = ORIENTED_EDGE ( 'NONE', *, *, #1968, .F. ) ;
#2789 = CARTESIAN_POINT ( 'NONE',  ( -17.05324974626079637, -32.60959893234879559, -6.000000000000000000 ) ) ;
#2790 = CARTESIAN_POINT ( 'NONE',  ( 22.49999999999803180, 22.49999999999778666, 3.000000000000000000 ) ) ;
#2791 = EDGE_LOOP ( 'NONE', ( #573, #2648, #174, #2285, #1344, #2445, #1333 ) ) ;
#2792 = VERTEX_POINT ( 'NONE', #3134 ) ;
#2793 = CARTESIAN_POINT ( 'NONE',  ( -22.50000000000196110, 22.49999999999779021, 3.000000000000000000 ) ) ;
#2794 = EDGE_CURVE ( 'NONE', #1352, #135, #868, .T. ) ;
#2795 = APPROVAL_ROLE ( '' ) ;
#2796 = CARTESIAN_POINT ( 'NONE',  ( -53.36879502662492314, -40.30508652763015220, -6.000000000000000000 ) ) ;
#2797 = CARTESIAN_POINT ( 'NONE',  ( 28.66295090390276812, 0.000000000000000000, 0.000000000000000000 ) ) ;
#2798 = VERTEX_POINT ( 'NONE', #1562 ) ;
#2799 = VERTEX_POINT ( 'NONE', #2615 ) ;
#2800 = CIRCLE ( 'NONE', #2911, 2.500000000000002220 ) ;
#2801 = EDGE_LOOP ( 'NONE', ( #3016, #1827 ) ) ;
#2802 = DIRECTION ( 'NONE',  ( -0.000000000000000000, 0.000000000000000000, 1.000000000000000000 ) ) ;
#2803 = DIRECTION ( 'NONE',  ( 1.000000000000000000, 0.000000000000000000, 0.000000000000000000 ) ) ;
#2804 = CARTESIAN_POINT ( 'NONE',  ( -28.68823649444017221, -20.97461218416940198, -6.000000000000000000 ) ) ;
#2805 = DIRECTION ( 'NONE',  ( 0.000000000000000000, -0.000000000000000000, 1.000000000000000000 ) ) ;
#2806 = CARTESIAN_POINT ( 'NONE',  ( -0.000000000000000000, 45.38603984149722237, 0.000000000000000000 ) ) ;
#2807 = CARTESIAN_POINT ( 'NONE',  ( 25.00000000000000355, 45.38603984149722237, 0.000000000000000000 ) ) ;
#2808 = CC_DESIGN_APPROVAL ( #68, ( #1760 ) ) ;
#2809 = ORIENTED_EDGE ( 'NONE', *, *, #1155, .T. ) ;
#2810 = ORIENTED_EDGE ( 'NONE', *, *, #1836, .F. ) ;
#2811 = VECTOR ( 'NONE', #386, 1000.000000000000114 ) ;
#2812 = EDGE_CURVE ( 'NONE', #3342, #3376, #1851, .T. ) ;
#2813 = VECTOR ( 'NONE', #2114, 1000.000000000000000 ) ;
#2814 = ADVANCED_FACE ( 'NONE', ( #1806 ), #210, .F. ) ;
#2815 = CARTESIAN_POINT ( 'NONE',  ( 27.91295090390079636, 37.47665940288907649, 3.000000000000000000 ) ) ;
#2816 = CIRCLE ( 'NONE', #3265, 1.750000000002464917 ) ;
#2817 = FACE_OUTER_BOUND ( 'NONE', #1992, .T. ) ;
#2818 = EDGE_CURVE ( 'NONE', #3213, #528, #817, .T. ) ;
#2819 = EDGE_LOOP ( 'NONE', ( #2937, #2775, #730, #1341 ) ) ;
#2820 = EDGE_LOOP ( 'NONE', ( #471, #606, #3377, #97 ) ) ;
#2821 = VERTEX_POINT ( 'NONE', #480 ) ;
#2822 = CIRCLE ( 'NONE', #1653, 5.000000000000000888 ) ;
#2823 = DIRECTION ( 'NONE',  ( -0.000000000000000000, -0.000000000000000000, -1.000000000000000000 ) ) ;
#2824 = DIRECTION ( 'NONE',  ( -1.000000000000000000, 0.000000000000000000, 0.000000000000000000 ) ) ;
#2825 = LINE ( 'NONE', #443, #3120 ) ;
#2826 = FACE_OUTER_BOUND ( 'NONE', #1579, .T. ) ;
#2827 = CIRCLE ( 'NONE', #2652, 1.750000000002700729 ) ;
#2828 = ORIENTED_EDGE ( 'NONE', *, *, #2589, .T. ) ;
#2829 = CARTESIAN_POINT ( 'NONE',  ( -24.41295090390248035, 37.47665940288910491, 3.000000000000000000 ) ) ;
#2830 = CARTESIAN_POINT ( 'NONE',  ( 32.60959893235297358, 17.05324974625659351, -6.000000000000000000 ) ) ;
#2831 = AXIS2_PLACEMENT_3D ( 'NONE', #456, #2781, #153 ) ;
#2832 = CARTESIAN_POINT ( 'NONE',  ( 22.49999999999803180, 22.49999999999778666, 0.000000000000000000 ) ) ;
#2833 = CIRCLE ( 'NONE', #721, 1.749999999997198241 ) ;
#2834 = ORIENTED_EDGE ( 'NONE', *, *, #1217, .T. ) ;
#2835 = EDGE_LOOP ( 'NONE', ( #233, #613, #2477, #839 ) ) ;
#2836 = CARTESIAN_POINT ( 'NONE',  ( 0.000000000000000000, -45.38603984149722237, 0.000000000000000000 ) ) ;
#2837 = VECTOR ( 'NONE', #733, 1000.000000000000000 ) ;
#2838 = DIRECTION ( 'NONE',  ( -0.000000000000000000, 0.000000000000000000, 1.000000000000000000 ) ) ;
#2839 = DIRECTION ( 'NONE',  ( -1.000000000000000000, 0.000000000000000000, 0.000000000000000000 ) ) ;
#2840 = ORIENTED_EDGE ( 'NONE', *, *, #1844, .T. ) ;
#2841 = VERTEX_POINT ( 'NONE', #3422 ) ;
#2842 = VERTEX_POINT ( 'NONE', #1544 ) ;
#2843 = CARTESIAN_POINT ( 'NONE',  ( -49.86879502661952301, 40.30508652763015220, 3.000000000000000000 ) ) ;
#2844 = EDGE_CURVE ( 'NONE', #3251, #913, #3365, .T. ) ;
#2845 = CARTESIAN_POINT ( 'NONE',  ( -25.00000000000843414, 55.38603984149722237, 3.000000000000000000 ) ) ;
#2846 = CYLINDRICAL_SURFACE ( 'NONE', #1930, 2.500000000000002220 ) ;
#2847 = DIRECTION ( 'NONE',  ( 1.000000000000000000, 0.000000000000000000, 0.000000000000000000 ) ) ;
#2848 = LINE ( 'NONE', #940, #430 ) ;
#2849 = CARTESIAN_POINT ( 'NONE',  ( 32.60959893235297358, 17.05324974625659351, -6.000000000000000000 ) ) ;
#2850 = ORIENTED_EDGE ( 'NONE', *, *, #366, .F. ) ;
#2851 = ORIENTED_EDGE ( 'NONE', *, *, #313, .F. ) ;
#2852 = CARTESIAN_POINT ( 'NONE',  ( 32.60959893235297358, -17.05324974625659351, 0.000000000000000000 ) ) ;
#2853 = ADVANCED_FACE ( 'NONE', ( #2102 ), #523, .F. ) ;
#2854 = CARTESIAN_POINT ( 'NONE',  ( 53.36879502660890040, -40.30508652763011668, -6.000000000000000000 ) ) ;
#2855 = CYLINDRICAL_SURFACE ( 'NONE', #1146, 5.000000000000000888 ) ;
#2856 = VERTEX_POINT ( 'NONE', #14 ) ;
#2857 = ORIENTED_EDGE ( 'NONE', *, *, #1735, .F. ) ;
#2858 = CIRCLE ( 'NONE', #1350, 1.750000000006041834 ) ;
#2859 = VECTOR ( 'NONE', #2676, 1000.000000000000000 ) ;
#2860 = DIRECTION ( 'NONE',  ( 1.000000000000000000, 0.000000000000000000, 0.000000000000000000 ) ) ;
#2861 = CARTESIAN_POINT ( 'NONE',  ( -37.47665940289328290, 26.16295090390434197, 3.000000000000000000 ) ) ;
#2862 = DIRECTION ( 'NONE',  ( -1.000000000000000000, 0.000000000000000000, 0.000000000000000000 ) ) ;
#2863 = DIRECTION ( 'NONE',  ( -0.000000000000000000, 0.000000000000000000, 1.000000000000000000 ) ) ;
#2864 = ADVANCED_FACE ( 'NONE', ( #3243 ), #1057, .F. ) ;
#2865 = DIRECTION ( 'NONE',  ( -1.000000000000000000, 0.000000000000000000, 0.000000000000000000 ) ) ;
#2866 = CIRCLE ( 'NONE', #903, 5.000000000000000888 ) ;
#2867 = AXIS2_PLACEMENT_3D ( 'NONE', #3030, #3306, #1419 ) ;
#2868 = ORIENTED_EDGE ( 'NONE', *, *, #564, .F. ) ;
#2869 = EDGE_LOOP ( 'NONE', ( #675, #144, #1415, #2295 ) ) ;
#2870 = CIRCLE ( 'NONE', #3153, 1.750000000000001554 ) ;
#2871 = CIRCLE ( 'NONE', #1080, 1.750000000006041834 ) ;
#2872 = DIRECTION ( 'NONE',  ( -0.000000000000000000, 0.000000000000000000, 1.000000000000000000 ) ) ;
#2873 = EDGE_CURVE ( 'NONE', #347, #1690, #1655, .T. ) ;
#2874 = CARTESIAN_POINT ( 'NONE',  ( 49.59797974643552720, 19.89949493661654145, 0.000000000000000000 ) ) ;
#2875 = AXIS2_PLACEMENT_3D ( 'NONE', #361, #2001, #1222 ) ;
#2876 = VERTEX_POINT ( 'NONE', #1371 ) ;
#2877 = DIRECTION ( 'NONE',  ( 1.000000000000000000, 0.000000000000000000, 0.000000000000000000 ) ) ;
#2878 = CARTESIAN_POINT ( 'NONE',  ( 28.66295090390276812, -10.00000000000000355, 3.000000000000000000 ) ) ;
#2879 = EDGE_CURVE ( 'NONE', #2649, #802, #3192, .T. ) ;
#2880 = DIRECTION ( 'NONE',  ( 1.000000000000000000, 0.000000000000000000, 0.000000000000000000 ) ) ;
#2881 = DIRECTION ( 'NONE',  ( 0.000000000000000000, -0.000000000000000000, -1.000000000000000000 ) ) ;
#2882 = CC_DESIGN_SECURITY_CLASSIFICATION ( #3254, ( #1760 ) ) ;
#2883 = AXIS2_PLACEMENT_3D ( 'NONE', #485, #2588, #1548 ) ;
#2884 = DIRECTION ( 'NONE',  ( -0.7071067811865456854, 0.7071067811865493491, 0.000000000000000000 ) ) ;
#2885 = CIRCLE ( 'NONE', #1318, 1.750000000000643485 ) ;
#2886 = VERTEX_POINT ( 'NONE', #2692 ) ;
#2887 = EDGE_CURVE ( 'NONE', #517, #1206, #1532, .T. ) ;
#2888 = AXIS2_PLACEMENT_3D ( 'NONE', #1372, #2448, #824 ) ;
#2889 = LINE ( 'NONE', #2623, #1018 ) ;
#2890 = DIRECTION ( 'NONE',  ( -1.000000000000000000, 0.000000000000000000, 0.000000000000000000 ) ) ;
#2891 = VERTEX_POINT ( 'NONE', #2711 ) ;
#2892 = CARTESIAN_POINT ( 'NONE',  ( 0.000000000000000000, -45.38603984149722237, 3.000000000000000000 ) ) ;
#2893 = CARTESIAN_POINT ( 'NONE',  ( -49.59797974644812513, -19.89949493662079050, 0.000000000000000000 ) ) ;
#2894 = LINE ( 'NONE', #2599, #1040 ) ;
#2895 = DIRECTION ( 'NONE',  ( -0.000000000000000000, 0.000000000000000000, 1.000000000000000000 ) ) ;
#2896 = CIRCLE ( 'NONE', #1, 2.500000000000002220 ) ;
#2897 = DIRECTION ( 'NONE',  ( -0.000000000000000000, -0.000000000000000000, -1.000000000000000000 ) ) ;
#2898 = ORIENTED_EDGE ( 'NONE', *, *, #3223, .F. ) ;
#2899 = ORIENTED_EDGE ( 'NONE', *, *, #2257, .F. ) ;
#2900 = ADVANCED_FACE ( 'NONE', ( #791, #1896, #302 ), #569, .F. ) ;
#2901 = VECTOR ( 'NONE', #2585, 1000.000000000000000 ) ;
#2902 = ADVANCED_FACE ( 'NONE', ( #2447 ), #539, .T. ) ;
#2903 = DIRECTION ( 'NONE',  ( 1.000000000000000000, 0.000000000000000000, 0.000000000000000000 ) ) ;
#2904 = DIRECTION ( 'NONE',  ( 1.000000000000000000, 0.000000000000000000, 0.000000000000000000 ) ) ;
#2905 = VERTEX_POINT ( 'NONE', #49 ) ;
#2906 = DIRECTION ( 'NONE',  ( 1.000000000000000000, 0.000000000000000000, 0.000000000000000000 ) ) ;
#2907 = DIRECTION ( 'NONE',  ( -0.000000000000000000, -0.000000000000000000, -1.000000000000000000 ) ) ;
#2908 = CARTESIAN_POINT ( 'NONE',  ( 49.86879502661881958, 40.30508652763011668, 3.000000000000000000 ) ) ;
#2909 = CARTESIAN_POINT ( 'NONE',  ( -4.187622471008011518E-12, -1.734723475976806306E-15, 3.000000000000000000 ) ) ;
#2910 = LINE ( 'NONE', #574, #2336 ) ;
#2911 = AXIS2_PLACEMENT_3D ( 'NONE', #1816, #1500, #455 ) ;
#2912 = AXIS2_PLACEMENT_3D ( 'NONE', #2152, #273, #1074 ) ;
#2913 = EDGE_CURVE ( 'NONE', #199, #166, #823, .T. ) ;
#2914 = ORIENTED_EDGE ( 'NONE', *, *, #2720, .T. ) ;
#2915 = ORIENTED_EDGE ( 'NONE', *, *, #2686, .T. ) ;
#2916 = VECTOR ( 'NONE', #1317, 1000.000000000000000 ) ;
#2917 = EDGE_CURVE ( 'NONE', #1206, #2135, #2462, .T. ) ;
#2918 = ORGANIZATION ( 'UNSPECIFIED', 'UNSPECIFIED', '' ) ;
#2919 = ORIENTED_EDGE ( 'NONE', *, *, #2758, .F. ) ;
#2920 = VECTOR ( 'NONE', #552, 1000.000000000000114 ) ;
#2921 = CARTESIAN_POINT ( 'NONE',  ( 25.00000000000001066, -55.38603984149722237, 3.000000000000000000 ) ) ;
#2922 = EDGE_CURVE ( 'NONE', #1049, #1015, #805, .T. ) ;
#2923 = CYLINDRICAL_SURFACE ( 'NONE', #502, 1.749999999995040190 ) ;
#2924 = ORIENTED_EDGE ( 'NONE', *, *, #1305, .T. ) ;
#2925 = PLANE ( 'NONE',  #2491 ) ;
#2926 = DIRECTION ( 'NONE',  ( 1.000000000000000000, 0.000000000000000000, 0.000000000000000000 ) ) ;
#2927 = CIRCLE ( 'NONE', #1191, 18.00000000000400746 ) ;
#2928 = EDGE_CURVE ( 'NONE', #2193, #2649, #2866, .T. ) ;
#2929 = CARTESIAN_POINT ( 'NONE',  ( 51.61879502661385999, 40.30508652763011668, 3.000000000000000000 ) ) ;
#2930 = CARTESIAN_POINT ( 'NONE',  ( 26.16295090390015332, -37.47665940288907649, 3.000000000000000000 ) ) ;
#2931 = VERTEX_POINT ( 'NONE', #1881 ) ;
#2932 = CARTESIAN_POINT ( 'NONE',  ( -53.03300858899167025, -53.03300858899167025, 3.000000000000000000 ) ) ;
#2933 = CIRCLE ( 'NONE', #708, 1.749999999995040190 ) ;
#2934 = DIRECTION ( 'NONE',  ( -0.7071067811865474617, 0.7071067811865474617, -0.000000000000000000 ) ) ;
#2935 = ORIENTED_EDGE ( 'NONE', *, *, #179, .F. ) ;
#2936 = ORIENTED_EDGE ( 'NONE', *, *, #2506, .F. ) ;
#2937 = ORIENTED_EDGE ( 'NONE', *, *, #434, .T. ) ;
#2938 = AXIS2_PLACEMENT_3D ( 'NONE', #991, #2074, #1543 ) ;
#2939 = CIRCLE ( 'NONE', #1878, 1.750000000006041834 ) ;
#2940 = ORIENTED_EDGE ( 'NONE', *, *, #3204, .F. ) ;
#2941 = EDGE_CURVE ( 'NONE', #1683, #1922, #2169, .T. ) ;
#2942 = AXIS2_PLACEMENT_3D ( 'NONE', #728, #251, #2118 ) ;
#2943 = CARTESIAN_POINT ( 'NONE',  ( 7.778174593044016483, -7.778174593044016483, 3.000000000000000000 ) ) ;
#2944 = EDGE_LOOP ( 'NONE', ( #2359, #1071, #550, #2342 ) ) ;
#2945 = AXIS2_PLACEMENT_3D ( 'NONE', #3270, #1400, #820 ) ;
#2946 = VECTOR ( 'NONE', #2598, 1000.000000000000000 ) ;
#2947 = DIRECTION ( 'NONE',  ( 1.000000000000000000, 0.000000000000000000, 0.000000000000000000 ) ) ;
#2948 = DIRECTION ( 'NONE',  ( -0.000000000000000000, -0.000000000000000000, -1.000000000000000000 ) ) ;
#2949 = FACE_OUTER_BOUND ( 'NONE', #1504, .T. ) ;
#2950 = AXIS2_PLACEMENT_3D ( 'NONE', #3315, #1238, #382 ) ;
#2951 = DIRECTION ( 'NONE',  ( -0.7071067811865474617, -0.7071067811865474617, -0.000000000000000000 ) ) ;
#2952 = EDGE_CURVE ( 'NONE', #528, #898, #1927, .T. ) ;
#2953 = FACE_OUTER_BOUND ( 'NONE', #280, .T. ) ;
#2954 = EDGE_CURVE ( 'NONE', #716, #2293, #72, .T. ) ;
#2955 = CC_DESIGN_PERSON_AND_ORGANIZATION_ASSIGNMENT ( #1455, #3071, ( #952 ) ) ;
#2956 = ORIENTED_EDGE ( 'NONE', *, *, #3141, .F. ) ;
#2957 = ORIENTED_EDGE ( 'NONE', *, *, #1427, .T. ) ;
#2958 = VERTEX_POINT ( 'NONE', #1911 ) ;
#2959 = CARTESIAN_POINT ( 'NONE',  ( 60.81118318203986206, -45.25483399594347134, -6.000000000000000000 ) ) ;
#2960 = CARTESIAN_POINT ( 'NONE',  ( -28.66295090391114186, 9.999999999999996447, 0.000000000000000000 ) ) ;
#2961 = EDGE_CURVE ( 'NONE', #1627, #59, #746, .T. ) ;
#2962 = ORIENTED_EDGE ( 'NONE', *, *, #19, .F. ) ;
#2963 = DIRECTION ( 'NONE',  ( -0.000000000000000000, -0.000000000000000000, -1.000000000000000000 ) ) ;
#2964 = CARTESIAN_POINT ( 'NONE',  ( 60.81118318203986206, -45.25483399594347134, -6.000000000000000000 ) ) ;
#2965 = DIRECTION ( 'NONE',  ( -0.000000000000000000, 0.000000000000000000, 1.000000000000000000 ) ) ;
#2966 = DIRECTION ( 'NONE',  ( -0.000000000000000000, 0.000000000000000000, 1.000000000000000000 ) ) ;
#2967 = ORIENTED_EDGE ( 'NONE', *, *, #2223, .T. ) ;
#2968 = DIRECTION ( 'NONE',  ( -0.7071067811865469066, -0.7071067811865481278, 0.000000000000000000 ) ) ;
#2969 = FACE_OUTER_BOUND ( 'NONE', #2036, .T. ) ;
#2970 = EDGE_CURVE ( 'NONE', #98, #1953, #3256, .T. ) ;
#2971 = VERTEX_POINT ( 'NONE', #2996 ) ;
#2972 = ORIENTED_EDGE ( 'NONE', *, *, #2812, .F. ) ;
#2973 = ADVANCED_FACE ( 'NONE', ( #2402 ), #3455, .F. ) ;
#2974 = ORIENTED_EDGE ( 'NONE', *, *, #1086, .T. ) ;
#2975 = DIRECTION ( 'NONE',  ( 0.000000000000000000, -0.000000000000000000, -1.000000000000000000 ) ) ;
#2976 = EDGE_LOOP ( 'NONE', ( #1434, #504 ) ) ;
#2977 = AXIS2_PLACEMENT_3D ( 'NONE', #1187, #1129, #1166 ) ;
#2978 = LINE ( 'NONE', #585, #2115 ) ;
#2979 = CARTESIAN_POINT ( 'NONE',  ( -24.41295090390248035, -37.47665940288910491, 3.000000000000000000 ) ) ;
#2980 = CARTESIAN_POINT ( 'NONE',  ( 45.25483399594766354, 60.81118318203566986, -6.000000000000000000 ) ) ;
#2981 = VERTEX_POINT ( 'NONE', #3274 ) ;
#2982 = CARTESIAN_POINT ( 'NONE',  ( -35.72665940288723618, 26.16295090390434197, 3.000000000000000000 ) ) ;
#2983 = EDGE_CURVE ( 'NONE', #363, #3262, #1811, .T. ) ;
#2984 = AXIS2_PLACEMENT_3D ( 'NONE', #684, #1757, #1296 ) ;
#2985 = DIRECTION ( 'NONE',  ( 1.000000000000000000, 0.000000000000000000, -0.000000000000000000 ) ) ;
#2986 = ORIENTED_EDGE ( 'NONE', *, *, #1578, .F. ) ;
#2987 = ORIENTED_EDGE ( 'NONE', *, *, #2983, .F. ) ;
#2988 = CARTESIAN_POINT ( 'NONE',  ( -30.00000000000843769, 50.38603984149722947, 3.000000000000000000 ) ) ;
#2989 = EDGE_CURVE ( 'NONE', #1833, #531, #2525, .T. ) ;
#2990 = AXIS2_PLACEMENT_3D ( 'NONE', #2422, #1359, #2436 ) ;
#2991 = ORIENTED_EDGE ( 'NONE', *, *, #879, .F. ) ;
#2992 = CIRCLE ( 'NONE', #3439, 1.750000000000001554 ) ;
#2993 = EDGE_CURVE ( 'NONE', #18, #2528, #352, .T. ) ;
#2994 = CIRCLE ( 'NONE', #3442, 1.749999999995040190 ) ;
#2995 = AXIS2_PLACEMENT_3D ( 'NONE', #1501, #691, #2762 ) ;
#2996 = CARTESIAN_POINT ( 'NONE',  ( 42.52691193457003749, -26.97056274848189972, 3.000000000000000000 ) ) ;
#2997 = CARTESIAN_POINT ( 'NONE',  ( -51.61879502662222308, -40.30508652763015220, 3.000000000000000000 ) ) ;
#2998 = AXIS2_PLACEMENT_3D ( 'NONE', #46, #850, #11 ) ;
#2999 = ORIENTED_EDGE ( 'NONE', *, *, #551, .F. ) ;
#3000 = EDGE_LOOP ( 'NONE', ( #264, #1963, #2119, #1141 ) ) ;
#3001 = FACE_BOUND ( 'NONE', #2225, .T. ) ;
#3002 = EDGE_LOOP ( 'NONE', ( #100, #78 ) ) ;
#3003 = EDGE_CURVE ( 'NONE', #1780, #1668, #1762, .T. ) ;
#3004 = EDGE_LOOP ( 'NONE', ( #658, #84 ) ) ;
#3005 = DIRECTION ( 'NONE',  ( -1.000000000000000000, 0.000000000000000000, 0.000000000000000000 ) ) ;
#3006 = EDGE_CURVE ( 'NONE', #2232, #1706, #2026, .T. ) ;
#3007 = ORIENTED_EDGE ( 'NONE', *, *, #3356, .F. ) ;
#3008 = AXIS2_PLACEMENT_3D ( 'NONE', #3097, #640, #103 ) ;
#3009 = CARTESIAN_POINT ( 'NONE',  ( -38.55508652763334254, -51.61879502661891905, -6.000000000000000000 ) ) ;
#3010 = CARTESIAN_POINT ( 'NONE',  ( -24.25000000000442668, -22.50000000000197886, 3.000000000000000000 ) ) ;
#3011 = EDGE_CURVE ( 'NONE', #9, #610, #1151, .T. ) ;
#3012 = CARTESIAN_POINT ( 'NONE',  ( 7.778174593048193586, 7.778174593048193586, 0.000000000000000000 ) ) ;
#3013 = CARTESIAN_POINT ( 'NONE',  ( -22.50000000000196110, -22.50000000000197886, 0.000000000000000000 ) ) ;
#3014 = DIRECTION ( 'NONE',  ( 0.7071067811865481278, -0.7071067811865470176, 0.000000000000000000 ) ) ;
#3015 = ORIENTED_EDGE ( 'NONE', *, *, #313, .T. ) ;
#3016 = ORIENTED_EDGE ( 'NONE', *, *, #778, .F. ) ;
#3017 = FACE_BOUND ( 'NONE', #2203, .T. ) ;
#3018 = DIRECTION ( 'NONE',  ( -1.000000000000000000, 0.000000000000000000, 0.000000000000000000 ) ) ;
#3019 = ORIENTED_EDGE ( 'NONE', *, *, #1343, .T. ) ;
#3020 = ORIENTED_EDGE ( 'NONE', *, *, #3026, .T. ) ;
#3021 = CARTESIAN_POINT ( 'NONE',  ( 39.59797974643552010, -19.89949493661644198, 0.000000000000000000 ) ) ;
#3022 = EDGE_CURVE ( 'NONE', #1282, #3453, #673, .T. ) ;
#3023 = DIRECTION ( 'NONE',  ( -1.000000000000000000, 0.000000000000000000, 0.000000000000000000 ) ) ;
#3024 = ORIENTED_EDGE ( 'NONE', *, *, #2315, .F. ) ;
#3025 = AXIS2_PLACEMENT_3D ( 'NONE', #411, #1131, #2212 ) ;
#3026 = EDGE_CURVE ( 'NONE', #2259, #716, #2291, .T. ) ;
#3027 = COORDINATED_UNIVERSAL_TIME_OFFSET ( 5, 30, .AHEAD. ) ;
#3028 = AXIS2_PLACEMENT_3D ( 'NONE', #2457, #818, #2194 ) ;
#3029 = CYLINDRICAL_SURFACE ( 'NONE', #3220, 18.00000000000400746 ) ;
#3030 = CARTESIAN_POINT ( 'NONE',  ( -7.778174593048178487, 7.778174593048182039, 3.000000000000000000 ) ) ;
#3031 = CYLINDRICAL_SURFACE ( 'NONE', #1834, 1.749999999997198241 ) ;
#3032 = VERTEX_POINT ( 'NONE', #3090 ) ;
#3033 = ORIENTED_EDGE ( 'NONE', *, *, #3129, .F. ) ;
#3034 = ORIENTED_EDGE ( 'NONE', *, *, #2518, .F. ) ;
#3035 = CARTESIAN_POINT ( 'NONE',  ( -17.05324974626079637, 32.60959893234879559, 0.000000000000000000 ) ) ;
#3036 = EDGE_CURVE ( 'NONE', #439, #1081, #391, .T. ) ;
#3037 = DIRECTION ( 'NONE',  ( -0.000000000000000000, -0.000000000000000000, -1.000000000000000000 ) ) ;
#3038 = AXIS2_PLACEMENT_3D ( 'NONE', #474, #2307, #2376 ) ;
#3039 = FACE_BOUND ( 'NONE', #1941, .T. ) ;
#3040 = VERTEX_POINT ( 'NONE', #2796 ) ;
#3041 = CARTESIAN_POINT ( 'NONE',  ( -26.16295090391114542, -10.00000000000000355, 0.000000000000000000 ) ) ;
#3042 = AXIS2_PLACEMENT_3D ( 'NONE', #1511, #2863, #2573 ) ;
#3043 = DIRECTION ( 'NONE',  ( 1.000000000000000000, 0.000000000000000000, 0.000000000000000000 ) ) ;
#3044 = VERTEX_POINT ( 'NONE', #3291 ) ;
#3045 = ORIENTED_EDGE ( 'NONE', *, *, #1369, .F. ) ;
#3046 = CARTESIAN_POINT ( 'NONE',  ( 39.22665940288541719, -26.16295090390431710, -6.000000000000000000 ) ) ;
#3047 = VECTOR ( 'NONE', #2240, 1000.000000000000000 ) ;
#3048 = CARTESIAN_POINT ( 'NONE',  ( -22.50000000000196110, -22.50000000000197886, 3.000000000000000000 ) ) ;
#3049 = AXIS2_PLACEMENT_3D ( 'NONE', #1796, #1278, #2338 ) ;
#3050 = EDGE_CURVE ( 'NONE', #1123, #1298, #3073, .T. ) ;
#3051 = CIRCLE ( 'NONE', #983, 1.750000000006045386 ) ;
#3052 = FACE_OUTER_BOUND ( 'NONE', #2497, .T. ) ;
#3053 = DIRECTION ( 'NONE',  ( -0.000000000000000000, -0.000000000000000000, -1.000000000000000000 ) ) ;
#3054 = LINE ( 'NONE', #2526, #1782 ) ;
#3055 = VERTEX_POINT ( 'NONE', #888 ) ;
#3056 = VERTEX_POINT ( 'NONE', #1967 ) ;
#3057 = AXIS2_PLACEMENT_3D ( 'NONE', #2929, #243, #1340 ) ;
#3058 = ORIENTED_EDGE ( 'NONE', *, *, #530, .F. ) ;
#3059 = LINE ( 'NONE', #1639, #1776 ) ;
#3060 = PLANE ( 'NONE',  #3286 ) ;
#3061 = AXIS2_PLACEMENT_3D ( 'NONE', #1946, #298, #1351 ) ;
#3062 = CARTESIAN_POINT ( 'NONE',  ( 39.59797974643552010, 6.903848091239591479E-15, 3.000000000000000000 ) ) ;
#3063 = LINE ( 'NONE', #918, #252 ) ;
#3064 = CARTESIAN_POINT ( 'NONE',  ( 49.86879502661881958, -40.30508652763011668, -6.000000000000000000 ) ) ;
#3065 = ADVANCED_FACE ( 'NONE', ( #2475 ), #3327, .F. ) ;
#3066 = CYLINDRICAL_SURFACE ( 'NONE', #34, 1.750000000000001554 ) ;
#3067 = FACE_OUTER_BOUND ( 'NONE', #2820, .T. ) ;
#3068 = ORIENTED_EDGE ( 'NONE', *, *, #1390, .T. ) ;
#3069 = ORIENTED_EDGE ( 'NONE', *, *, #468, .T. ) ;
#3070 = LINE ( 'NONE', #671, #1675 ) ;
#3071 = PERSON_AND_ORGANIZATION_ROLE ( 'design_owner' ) ;
#3072 = AXIS2_PLACEMENT_3D ( 'NONE', #2287, #1739, #964 ) ;
#3073 = LINE ( 'NONE', #908, #580 ) ;
#3074 = EDGE_CURVE ( 'NONE', #3076, #1765, #1465, .T. ) ;
#3075 = LINE ( 'NONE', #435, #2500 ) ;
#3076 = VERTEX_POINT ( 'NONE', #2542 ) ;
#3077 = ORIENTED_EDGE ( 'NONE', *, *, #87, .F. ) ;
#3078 = EDGE_LOOP ( 'NONE', ( #1727, #1313, #1759, #3195 ) ) ;
#3079 = AXIS2_PLACEMENT_3D ( 'NONE', #2499, #3037, #2253 ) ;
#3080 = PLANE ( 'NONE',  #1207 ) ;
#3081 = CARTESIAN_POINT ( 'NONE',  ( 37.47665940288491271, -26.16295090390431710, 3.000000000000000000 ) ) ;
#3082 = EDGE_LOOP ( 'NONE', ( #1459, #1154, #3198, #2559, #1205, #3434 ) ) ;
#3083 = DIRECTION ( 'NONE',  ( 0.7071067811865477948, -0.7071067811865473507, 0.000000000000000000 ) ) ;
#3084 = ADVANCED_FACE ( 'NONE', ( #870, #152, #690 ), #2761, .F. ) ;
#3085 = CYLINDRICAL_SURFACE ( 'NONE', #2984, 5.999999999999998224 ) ;
#3086 = ORIENTED_EDGE ( 'NONE', *, *, #1132, .F. ) ;
#3087 = ORIENTED_EDGE ( 'NONE', *, *, #3011, .F. ) ;
#3088 = EDGE_CURVE ( 'NONE', #2371, #1081, #1531, .T. ) ;
#3089 = CALENDAR_DATE ( 2026, 2, 5 ) ;
#3090 = CARTESIAN_POINT ( 'NONE',  ( -45.25483399594766354, -60.81118318203566986, 0.000000000000000000 ) ) ;
#3091 = FACE_OUTER_BOUND ( 'NONE', #2732, .T. ) ;
#3092 = ORIENTED_EDGE ( 'NONE', *, *, #3379, .T. ) ;
#3093 = VERTEX_POINT ( 'NONE', #114 ) ;
#3094 = VECTOR ( 'NONE', #1606, 1000.000000000000000 ) ;
#3095 = ORIENTED_EDGE ( 'NONE', *, *, #1321, .T. ) ;
#3096 = CARTESIAN_POINT ( 'NONE',  ( 28.66295090390276812, -10.00000000000000355, 0.000000000000000000 ) ) ;
#3097 = CARTESIAN_POINT ( 'NONE',  ( -53.03300858899169157, 53.03300858899168446, -8.500000000000000000 ) ) ;
#3098 = DIRECTION ( 'NONE',  ( 0.000000000000000000, 0.000000000000000000, 1.000000000000000000 ) ) ;
#3099 = CARTESIAN_POINT ( 'NONE',  ( -49.59797974644812513, 19.89949493662079050, 3.000000000000000000 ) ) ;
#3100 = VECTOR ( 'NONE', #333, 1000.000000000000000 ) ;
#3101 = DIRECTION ( 'NONE',  ( -0.000000000000000000, -0.000000000000000000, -1.000000000000000000 ) ) ;
#3102 = CARTESIAN_POINT ( 'NONE',  ( 0.000000000000000000, -60.81118318203566986, 3.000000000000000000 ) ) ;
#3103 = CARTESIAN_POINT ( 'NONE',  ( 37.47665940288491271, 26.16295090390431710, 3.000000000000000000 ) ) ;
#3104 = CARTESIAN_POINT ( 'NONE',  ( -38.55508652763334254, 51.61879502661891905, 3.000000000000000000 ) ) ;
#3105 = EDGE_LOOP ( 'NONE', ( #718, #878, #943, #3127 ) ) ;
#3106 = ORIENTED_EDGE ( 'NONE', *, *, #871, .T. ) ;
#3107 = CARTESIAN_POINT ( 'NONE',  ( -20.74999999999950262, 22.49999999999779021, 0.000000000000000000 ) ) ;
#3108 = CIRCLE ( 'NONE', #2438, 1.750000000002530864 ) ;
#3109 = EDGE_CURVE ( 'NONE', #1903, #2842, #2246, .T. ) ;
#3110 = FACE_OUTER_BOUND ( 'NONE', #647, .T. ) ;
#3111 = CIRCLE ( 'NONE', #2990, 1.750000000002464917 ) ;
#3112 = CARTESIAN_POINT ( 'NONE',  ( -26.16295090390852351, -37.47665940288910491, 3.000000000000000000 ) ) ;
#3113 = EDGE_LOOP ( 'NONE', ( #1263, #376, #3248, #3258 ) ) ;
#3114 = ORIENTED_EDGE ( 'NONE', *, *, #782, .F. ) ;
#3115 = EDGE_LOOP ( 'NONE', ( #1677, #1411, #1676, #2683, #2483, #2734, #2919 ) ) ;
#3116 = CARTESIAN_POINT ( 'NONE',  ( 60.81118318203986206, 45.25483399594347134, -6.000000000000000000 ) ) ;
#3117 = DIRECTION ( 'NONE',  ( 0.000000000000000000, -0.000000000000000000, -1.000000000000000000 ) ) ;
#3118 = DIRECTION ( 'NONE',  ( 1.000000000000000000, 0.000000000000000000, 0.000000000000000000 ) ) ;
#3119 = DIRECTION ( 'NONE',  ( -0.000000000000000000, -0.000000000000000000, -1.000000000000000000 ) ) ;
#3120 = VECTOR ( 'NONE', #3391, 1000.000000000000000 ) ;
#3121 = CARTESIAN_POINT ( 'NONE',  ( -25.00000000000843414, 50.38603984149722947, 0.000000000000000000 ) ) ;
#3122 = CYLINDRICAL_SURFACE ( 'NONE', #757, 1.750000000002461364 ) ;
#3123 = AXIS2_PLACEMENT_3D ( 'NONE', #3432, #1602, #2657 ) ;
#3124 = EDGE_CURVE ( 'NONE', #16, #3363, #2858, .T. ) ;
#3125 = LINE ( 'NONE', #1842, #2328 ) ;
#3126 = ORIENTED_EDGE ( 'NONE', *, *, #827, .T. ) ;
#3127 = ORIENTED_EDGE ( 'NONE', *, *, #1518, .F. ) ;
#3128 = DIRECTION ( 'NONE',  ( 0.000000000000000000, 0.000000000000000000, 1.000000000000000000 ) ) ;
#3129 = EDGE_CURVE ( 'NONE', #1690, #3139, #739, .T. ) ;
#3130 = FACE_OUTER_BOUND ( 'NONE', #116, .T. ) ;
#3131 = EDGE_LOOP ( 'NONE', ( #933, #521, #635, #1772, #3020 ) ) ;
#3132 = EDGE_LOOP ( 'NONE', ( #2160, #2028 ) ) ;
#3133 = LINE ( 'NONE', #678, #2760 ) ;
#3134 = CARTESIAN_POINT ( 'NONE',  ( -30.00000000000843769, 50.38603984149722947, 0.000000000000000000 ) ) ;
#3135 = DIRECTION ( 'NONE',  ( 1.000000000000000000, 0.000000000000000000, 0.000000000000000000 ) ) ;
#3136 = DIRECTION ( 'NONE',  ( 0.000000000000000000, 1.000000000000000000, -0.000000000000000000 ) ) ;
#3137 = VECTOR ( 'NONE', #3147, 1000.000000000000000 ) ;
#3138 = DIRECTION ( 'NONE',  ( -0.000000000000000000, -0.000000000000000000, -1.000000000000000000 ) ) ;
#3139 = VERTEX_POINT ( 'NONE', #986 ) ;
#3140 = ORIENTED_EDGE ( 'NONE', *, *, #159, .F. ) ;
#3141 = EDGE_CURVE ( 'NONE', #1668, #1303, #1908, .T. ) ;
#3142 = EDGE_CURVE ( 'NONE', #1049, #1227, #1019, .T. ) ;
#3143 = DIRECTION ( 'NONE',  ( -0.000000000000000000, -0.000000000000000000, -1.000000000000000000 ) ) ;
#3144 = CARTESIAN_POINT ( 'NONE',  ( -53.36879502662492314, 40.30508652763015220, 3.000000000000000000 ) ) ;
#3145 = ORIENTED_EDGE ( 'NONE', *, *, #497, .T. ) ;
#3146 = CARTESIAN_POINT ( 'NONE',  ( 0.000000000000000000, 0.000000000000000000, -6.000000000000000000 ) ) ;
#3147 = DIRECTION ( 'NONE',  ( -0.000000000000000000, -0.000000000000000000, -1.000000000000000000 ) ) ;
#3148 = CARTESIAN_POINT ( 'NONE',  ( -26.16295090390852351, 37.47665940288910491, -6.000000000000000000 ) ) ;
#3149 = EDGE_CURVE ( 'NONE', #1345, #135, #771, .T. ) ;
#3150 = LINE ( 'NONE', #1825, #2209 ) ;
#3151 = VECTOR ( 'NONE', #3053, 1000.000000000000000 ) ;
#3152 = EDGE_LOOP ( 'NONE', ( #105, #2899 ) ) ;
#3153 = AXIS2_PLACEMENT_3D ( 'NONE', #2723, #2288, #2227 ) ;
#3154 = VECTOR ( 'NONE', #325, 1000.000000000000000 ) ;
#3155 = CARTESIAN_POINT ( 'NONE',  ( 26.16295090390015332, 37.47665940288907649, 3.000000000000000000 ) ) ;
#3156 = FACE_OUTER_BOUND ( 'NONE', #1048, .T. ) ;
#3157 = EDGE_LOOP ( 'NONE', ( #529, #1110 ) ) ;
#3158 = FACE_OUTER_BOUND ( 'NONE', #2613, .T. ) ;
#3159 = VECTOR ( 'NONE', #3312, 1000.000000000000000 ) ;
#3160 = DIRECTION ( 'NONE',  ( 1.000000000000000000, 0.000000000000000000, 0.000000000000000000 ) ) ;
#3161 = DIRECTION ( 'NONE',  ( -0.7071067811865475727, 0.7071067811865475727, 0.000000000000000000 ) ) ;
#3162 = CARTESIAN_POINT ( 'NONE',  ( 39.22665940288541719, -26.16295090390431710, 3.000000000000000000 ) ) ;
#3163 = AXIS2_PLACEMENT_3D ( 'NONE', #1061, #3425, #794 ) ;
#3164 = LINE ( 'NONE', #2252, #3159 ) ;
#3165 = AXIS2_PLACEMENT_3D ( 'NONE', #29, #3435, #1338 ) ;
#3166 = EDGE_CURVE ( 'NONE', #1009, #1918, #2800, .T. ) ;
#3167 = VERTEX_POINT ( 'NONE', #2854 ) ;
#3168 = EDGE_LOOP ( 'NONE', ( #1234, #52, #2150, #2322 ) ) ;
#3169 = CIRCLE ( 'NONE', #3269, 1.750000000000501155 ) ;
#3170 = VECTOR ( 'NONE', #1302, 999.9999999999998863 ) ;
#3171 = DIRECTION ( 'NONE',  ( -0.000000000000000000, -0.000000000000000000, -1.000000000000000000 ) ) ;
#3172 = LINE ( 'NONE', #1287, #2610 ) ;
#3173 = EDGE_LOOP ( 'NONE', ( #1572, #3343, #3007, #2590 ) ) ;
#3174 = DIRECTION ( 'NONE',  ( -0.000000000000000000, -0.000000000000000000, -1.000000000000000000 ) ) ;
#3175 = DIRECTION ( 'NONE',  ( 0.000000000000000000, -0.000000000000000000, -1.000000000000000000 ) ) ;
#3176 = LINE ( 'NONE', #257, #372 ) ;
#3177 = CARTESIAN_POINT ( 'NONE',  ( -22.50000000000196110, -22.50000000000197886, 0.000000000000000000 ) ) ;
#3178 = EDGE_CURVE ( 'NONE', #2891, #594, #1179, .T. ) ;
#3179 = EDGE_CURVE ( 'NONE', #565, #531, #203, .T. ) ;
#3180 = ORIENTED_EDGE ( 'NONE', *, *, #2407, .F. ) ;
#3181 = EDGE_LOOP ( 'NONE', ( #800, #2349 ) ) ;
#3182 = DIRECTION ( 'NONE',  ( 0.7071067811865475727, -0.7071067811865475727, 0.000000000000000000 ) ) ;
#3183 = PLANE ( 'NONE',  #643 ) ;
#3184 = EDGE_CURVE ( 'NONE', #2905, #1780, #1300, .T. ) ;
#3185 = VECTOR ( 'NONE', #3369, 1000.000000000000000 ) ;
#3186 = ORIENTED_EDGE ( 'NONE', *, *, #1016, .T. ) ;
#3187 = EDGE_CURVE ( 'NONE', #2981, #1282, #185, .T. ) ;
#3188 = DIRECTION ( 'NONE',  ( 1.000000000000000000, 0.000000000000000000, 0.000000000000000000 ) ) ;
#3189 = DIRECTION ( 'NONE',  ( 0.000000000000000000, 0.000000000000000000, 1.000000000000000000 ) ) ;
#3190 = ORIENTED_EDGE ( 'NONE', *, *, #74, .T. ) ;
#3191 = FACE_OUTER_BOUND ( 'NONE', #2269, .T. ) ;
#3192 = LINE ( 'NONE', #1673, #2859 ) ;
#3193 = CARTESIAN_POINT ( 'NONE',  ( -40.30508652763334254, -51.61879502661891905, -6.000000000000000000 ) ) ;
#3194 = CARTESIAN_POINT ( 'NONE',  ( -39.59797974644813223, 0.000000000000000000, 0.000000000000000000 ) ) ;
#3195 = ORIENTED_EDGE ( 'NONE', *, *, #2289, .F. ) ;
#3196 = DIRECTION ( 'NONE',  ( 0.7071067811865481278, 0.7071067811865470176, -0.000000000000000000 ) ) ;
#3197 = AXIS2_PLACEMENT_3D ( 'NONE', #61, #2975, #2903 ) ;
#3198 = ORIENTED_EDGE ( 'NONE', *, *, #461, .F. ) ;
#3199 = VERTEX_POINT ( 'NONE', #507 ) ;
#3200 = ORIENTED_EDGE ( 'NONE', *, *, #3166, .T. ) ;
#3201 = ADVANCED_FACE ( 'NONE', ( #1570 ), #2045, .F. ) ;
#3202 = ORIENTED_EDGE ( 'NONE', *, *, #1799, .T. ) ;
#3203 = CARTESIAN_POINT ( 'NONE',  ( -27.91295090391456313, -37.47665940288910491, -6.000000000000000000 ) ) ;
#3204 = EDGE_CURVE ( 'NONE', #2329, #38, #2889, .T. ) ;
#3205 = ORIENTED_EDGE ( 'NONE', *, *, #763, .T. ) ;
#3206 = ADVANCED_FACE ( 'NONE', ( #2326 ), #235, .F. ) ;
#3207 = LINE ( 'NONE', #1561, #809 ) ;
#3208 = CARTESIAN_POINT ( 'NONE',  ( 17.99999999999981881, 4.696407624889198923E-16, 3.000000000000000000 ) ) ;
#3209 = AXIS2_PLACEMENT_3D ( 'NONE', #665, #2534, #1975 ) ;
#3210 = LINE ( 'NONE', #2353, #1662 ) ;
#3211 = FACE_OUTER_BOUND ( 'NONE', #1877, .T. ) ;
#3212 = CARTESIAN_POINT ( 'NONE',  ( 45.25483399593931466, -60.81118318203566986, 3.000000000000000000 ) ) ;
#3213 = VERTEX_POINT ( 'NONE', #2593 ) ;
#3214 = CIRCLE ( 'NONE', #2267, 5.000000000000000888 ) ;
#3215 = DIRECTION ( 'NONE',  ( -0.7071067811865475727, -0.7071067811865475727, 0.000000000000000000 ) ) ;
#3216 = CIRCLE ( 'NONE', #1201, 5.999999999999998224 ) ;
#3217 = ORIENTED_EDGE ( 'NONE', *, *, #2726, .F. ) ;
#3218 = ORIENTED_EDGE ( 'NONE', *, *, #214, .T. ) ;
#3219 = AXIS2_PLACEMENT_3D ( 'NONE', #192, #2031, #2530 ) ;
#3220 = AXIS2_PLACEMENT_3D ( 'NONE', #631, #2404, #1592 ) ;
#3221 = ORIENTED_EDGE ( 'NONE', *, *, #3074, .T. ) ;
#3222 = VECTOR ( 'NONE', #412, 1000.000000000000000 ) ;
#3223 = EDGE_CURVE ( 'NONE', #2135, #3350, #2871, .T. ) ;
#3224 = PLANE ( 'NONE',  #3028 ) ;
#3225 = DIRECTION ( 'NONE',  ( 0.000000000000000000, -0.000000000000000000, 1.000000000000000000 ) ) ;
#3226 = ORIENTED_EDGE ( 'NONE', *, *, #1846, .F. ) ;
#3227 = CARTESIAN_POINT ( 'NONE',  ( -53.36879502662492314, -40.30508652763015220, 3.000000000000000000 ) ) ;
#3228 = ADVANCED_FACE ( 'NONE', ( #2611 ), #1301, .F. ) ;
#3229 = CARTESIAN_POINT ( 'NONE',  ( -25.00000000000842704, -50.38603984149722947, 3.000000000000000000 ) ) ;
#3230 = CARTESIAN_POINT ( 'NONE',  ( 45.25483399593931466, 60.81118318203566986, 3.000000000000000000 ) ) ;
#3231 = AXIS2_PLACEMENT_3D ( 'NONE', #3099, #2277, #1466 ) ;
#3232 = LINE ( 'NONE', #3194, #3154 ) ;
#3233 = ORIENTED_EDGE ( 'NONE', *, *, #885, .F. ) ;
#3234 = DIRECTION ( 'NONE',  ( -0.000000000000000000, 0.000000000000000000, 1.000000000000000000 ) ) ;
#3235 = CARTESIAN_POINT ( 'NONE',  ( -20.74999999999950262, 22.49999999999779021, 3.000000000000000000 ) ) ;
#3236 = ORIENTED_EDGE ( 'NONE', *, *, #3003, .F. ) ;
#3237 = ORIENTED_EDGE ( 'NONE', *, *, #2405, .F. ) ;
#3238 = VECTOR ( 'NONE', #1535, 1000.000000000000000 ) ;
#3239 = EDGE_LOOP ( 'NONE', ( #2999, #3359, #738, #378 ) ) ;
#3240 = EDGE_CURVE ( 'NONE', #2856, #328, #26, .T. ) ;
#3241 = CARTESIAN_POINT ( 'NONE',  ( -32.60959893235297358, 17.05324974625659351, -6.000000000000000000 ) ) ;
#3242 = ORIENTED_EDGE ( 'NONE', *, *, #1625, .F. ) ;
#3243 = FACE_OUTER_BOUND ( 'NONE', #1078, .T. ) ;
#3244 = CARTESIAN_POINT ( 'NONE',  ( -32.60959893235297358, 17.05324974625659351, -6.000000000000000000 ) ) ;
#3245 = ORIENTED_EDGE ( 'NONE', *, *, #2405, .T. ) ;
#3246 = FACE_BOUND ( 'NONE', #1732, .T. ) ;
#3247 = EDGE_LOOP ( 'NONE', ( #1374, #1386, #1271, #862 ) ) ;
#3248 = ORIENTED_EDGE ( 'NONE', *, *, #2686, .F. ) ;
#3249 = ADVANCED_FACE ( 'NONE', ( #3110 ), #2346, .F. ) ;
#3250 = DIRECTION ( 'NONE',  ( 1.000000000000000000, 0.000000000000000000, 0.000000000000000000 ) ) ;
#3251 = VERTEX_POINT ( 'NONE', #1557 ) ;
#3252 = PLANE ( 'NONE',  #350 ) ;
#3253 = PLANE ( 'NONE',  #2998 ) ;
#3254 = SECURITY_CLASSIFICATION ( '', '', #2044 ) ;
#3255 = CARTESIAN_POINT ( 'NONE',  ( 37.47665940288491271, -26.16295090390431710, 3.000000000000000000 ) ) ;
#3256 = LINE ( 'NONE', #336, #1176 ) ;
#3257 = CARTESIAN_POINT ( 'NONE',  ( 51.61879502661385999, 40.30508652763011668, 3.000000000000000000 ) ) ;
#3258 = ORIENTED_EDGE ( 'NONE', *, *, #653, .F. ) ;
#3259 = DIRECTION ( 'NONE',  ( -0.000000000000000000, -0.000000000000000000, -1.000000000000000000 ) ) ;
#3260 = CIRCLE ( 'NONE', #1764, 2.500000000000002220 ) ;
#3261 = CARTESIAN_POINT ( 'NONE',  ( 7.778174593044197671, 7.778174593044151486, 3.000000000000000000 ) ) ;
#3262 = VERTEX_POINT ( 'NONE', #223 ) ;
#3263 = ORIENTED_EDGE ( 'NONE', *, *, #3011, .T. ) ;
#3264 = DIRECTION ( 'NONE',  ( -0.000000000000000000, 0.000000000000000000, 1.000000000000000000 ) ) ;
#3265 = AXIS2_PLACEMENT_3D ( 'NONE', #3177, #3234, #779 ) ;
#3266 = ADVANCED_FACE ( 'NONE', ( #2361 ), #1600, .F. ) ;
#3267 = ORIENTED_EDGE ( 'NONE', *, *, #2812, .T. ) ;
#3268 = AXIS2_PLACEMENT_3D ( 'NONE', #340, #1173, #2767 ) ;
#3269 = AXIS2_PLACEMENT_3D ( 'NONE', #1770, #381, #399 ) ;
#3270 = CARTESIAN_POINT ( 'NONE',  ( -51.61879502662222308, -40.30508652763015220, 3.000000000000000000 ) ) ;
#3271 = CIRCLE ( 'NONE', #3123, 1.750000000002461364 ) ;
#3272 = DIRECTION ( 'NONE',  ( -0.000000000000000000, -0.000000000000000000, -1.000000000000000000 ) ) ;
#3273 = DIRECTION ( 'NONE',  ( 1.000000000000000000, 0.000000000000000000, 0.000000000000000000 ) ) ;
#3274 = CARTESIAN_POINT ( 'NONE',  ( -42.05508652763334254, -51.61879502661891905, 3.000000000000000000 ) ) ;
#3275 = DIRECTION ( 'NONE',  ( 1.000000000000000000, 0.000000000000000000, 0.000000000000000000 ) ) ;
#3276 = AXIS2_PLACEMENT_3D ( 'NONE', #230, #1564, #2601 ) ;
#3277 = ORIENTED_EDGE ( 'NONE', *, *, #1007, .T. ) ;
#3278 = ORIENTED_EDGE ( 'NONE', *, *, #2091, .F. ) ;
#3279 = EDGE_CURVE ( 'NONE', #1361, #1833, #1365, .T. ) ;
#3280 = FACE_BOUND ( 'NONE', #320, .T. ) ;
#3281 = LINE ( 'NONE', #1378, #1784 ) ;
#3282 = EDGE_LOOP ( 'NONE', ( #2702, #3217, #1779, #3202 ) ) ;
#3283 = DIRECTION ( 'NONE',  ( -0.000000000000000000, -0.000000000000000000, -1.000000000000000000 ) ) ;
#3284 = ORIENTED_EDGE ( 'NONE', *, *, #1277, .F. ) ;
#3285 = DIRECTION ( 'NONE',  ( 1.000000000000000000, 0.000000000000000000, 0.000000000000000000 ) ) ;
#3286 = AXIS2_PLACEMENT_3D ( 'NONE', #1956, #2768, #2551 ) ;
#3287 = FACE_OUTER_BOUND ( 'NONE', #726, .T. ) ;
#3288 = EDGE_LOOP ( 'NONE', ( #831, #1194 ) ) ;
#3289 = ADVANCED_FACE ( 'NONE', ( #2704 ), #2656, .F. ) ;
#3290 = EDGE_CURVE ( 'NONE', #3251, #716, #1858, .T. ) ;
#3291 = CARTESIAN_POINT ( 'NONE',  ( -60.81118318203986206, -45.25483399594347134, 3.000000000000000000 ) ) ;
#3292 = PLANE ( 'NONE',  #2343 ) ;
#3293 = ORIENTED_EDGE ( 'NONE', *, *, #1844, .F. ) ;
#3294 = ORIENTED_EDGE ( 'NONE', *, *, #2746, .F. ) ;
#3295 = DIRECTION ( 'NONE',  ( -0.000000000000000000, -0.000000000000000000, -1.000000000000000000 ) ) ;
#3296 = CARTESIAN_POINT ( 'NONE',  ( 65.03300858898747094, 65.03300858898744252, -8.500000000000000000 ) ) ;
#3297 = CARTESIAN_POINT ( 'NONE',  ( -30.00000000000843059, -50.38603984149722947, 0.000000000000000000 ) ) ;
#3298 = ORIENTED_EDGE ( 'NONE', *, *, #1961, .F. ) ;
#3299 = ORIENTED_EDGE ( 'NONE', *, *, #2187, .T. ) ;
#3300 = FACE_OUTER_BOUND ( 'NONE', #400, .T. ) ;
#3301 = DIRECTION ( 'NONE',  ( 0.000000000000000000, -0.000000000000000000, -1.000000000000000000 ) ) ;
#3302 = ORIENTED_EDGE ( 'NONE', *, *, #3379, .F. ) ;
#3303 = ORIENTED_EDGE ( 'NONE', *, *, #2928, .T. ) ;
#3304 = DIRECTION ( 'NONE',  ( 1.000000000000000000, 0.000000000000000000, 0.000000000000000000 ) ) ;
#3305 = AXIS2_PLACEMENT_3D ( 'NONE', #1114, #1875, #2163 ) ;
#3306 = DIRECTION ( 'NONE',  ( 0.7071067811865473507, -0.7071067811865477948, 0.000000000000000000 ) ) ;
#3307 = EDGE_CURVE ( 'NONE', #1780, #2905, #1414, .T. ) ;
#3308 = CARTESIAN_POINT ( 'NONE',  ( -42.52691193458264962, 26.97056274848626245, 0.000000000000000000 ) ) ;
#3309 = EDGE_LOOP ( 'NONE', ( #117, #1483 ) ) ;
#3310 = ORIENTED_EDGE ( 'NONE', *, *, #947, .T. ) ;
#3311 = ORIENTED_EDGE ( 'NONE', *, *, #202, .F. ) ;
#3312 = DIRECTION ( 'NONE',  ( -0.000000000000000000, -0.000000000000000000, -1.000000000000000000 ) ) ;
#3313 = CYLINDRICAL_SURFACE ( 'NONE', #2179, 1.750000000000001554 ) ;
#3314 = DIRECTION ( 'NONE',  ( 1.000000000000000000, 0.000000000000000000, 0.000000000000000000 ) ) ;
#3315 = CARTESIAN_POINT ( 'NONE',  ( 22.49999999999803535, -22.50000000000197176, 3.000000000000000000 ) ) ;
#3316 = LINE ( 'NONE', #2806, #2385 ) ;
#3317 = LINE ( 'NONE', #1491, #31 ) ;
#3318 = LINE ( 'NONE', #2789, #1552 ) ;
#3319 = AXIS2_PLACEMENT_3D ( 'NONE', #1778, #165, #2536 ) ;
#3320 = DIRECTION ( 'NONE',  ( 1.000000000000000000, 0.000000000000000000, 0.000000000000000000 ) ) ;
#3321 = ORIENTED_EDGE ( 'NONE', *, *, #3179, .F. ) ;
#3322 = ORIENTED_EDGE ( 'NONE', *, *, #129, .T. ) ;
#3323 = EDGE_CURVE ( 'NONE', #898, #238, #2739, .T. ) ;
#3324 = CARTESIAN_POINT ( 'NONE',  ( 49.86879502661881958, -40.30508652763011668, 3.000000000000000000 ) ) ;
#3325 = CIRCLE ( 'NONE', #804, 5.000000000000000888 ) ;
#3326 = VECTOR ( 'NONE', #1418, 1000.000000000000000 ) ;
#3327 = CYLINDRICAL_SURFACE ( 'NONE', #1069, 1.750000000006045386 ) ;
#3328 = CARTESIAN_POINT ( 'NONE',  ( 22.49999999999803535, -22.50000000000197176, 3.000000000000000000 ) ) ;
#3329 = ORIENTED_EDGE ( 'NONE', *, *, #2428, .F. ) ;
#3330 = ORIENTED_EDGE ( 'NONE', *, *, #66, .T. ) ;
#3331 = CIRCLE ( 'NONE', #2282, 1.750000000002700729 ) ;
#3332 = ORIENTED_EDGE ( 'NONE', *, *, #1406, .T. ) ;
#3333 = ADVANCED_FACE ( 'NONE', ( #27 ), #1349, .T. ) ;
#3334 = FACE_BOUND ( 'NONE', #1405, .T. ) ;
#3335 = CARTESIAN_POINT ( 'NONE',  ( 23.66295090390276812, -10.00000000000000355, 3.000000000000000000 ) ) ;
#3336 = CARTESIAN_POINT ( 'NONE',  ( 17.05324974626079637, -32.60959893234879559, 0.000000000000000000 ) ) ;
#3337 = FACE_BOUND ( 'NONE', #1542, .T. ) ;
#3338 = FACE_OUTER_BOUND ( 'NONE', #2348, .T. ) ;
#3339 = EDGE_CURVE ( 'NONE', #798, #2784, #1246, .T. ) ;
#3340 = FACE_OUTER_BOUND ( 'NONE', #2048, .T. ) ;
#3341 = DIRECTION ( 'NONE',  ( -0.7071067811865474617, -0.7071067811865474617, -0.000000000000000000 ) ) ;
#3342 = VERTEX_POINT ( 'NONE', #1629 ) ;
#3343 = ORIENTED_EDGE ( 'NONE', *, *, #795, .T. ) ;
#3344 = DIRECTION ( 'NONE',  ( 1.000000000000000000, 0.000000000000000000, 0.000000000000000000 ) ) ;
#3345 = AXIS2_PLACEMENT_3D ( 'NONE', #1219, #1769, #2824 ) ;
#3346 = DIRECTION ( 'NONE',  ( -0.000000000000000000, -0.000000000000000000, -1.000000000000000000 ) ) ;
#3347 = DIRECTION ( 'NONE',  ( 1.000000000000000000, 0.000000000000000000, 0.000000000000000000 ) ) ;
#3348 = ORIENTED_EDGE ( 'NONE', *, *, #3124, .F. ) ;
#3349 = ORIENTED_EDGE ( 'NONE', *, *, #1943, .T. ) ;
#3350 = VERTEX_POINT ( 'NONE', #3203 ) ;
#3351 = DIRECTION ( 'NONE',  ( 0.7071067811865470176, -0.7071067811865481278, 0.000000000000000000 ) ) ;
#3352 = FACE_OUTER_BOUND ( 'NONE', #1251, .T. ) ;
#3353 = DIRECTION ( 'NONE',  ( 1.000000000000000000, 0.000000000000000000, 0.000000000000000000 ) ) ;
#3354 = FACE_BOUND ( 'NONE', #394, .T. ) ;
#3355 = CARTESIAN_POINT ( 'NONE',  ( 27.91295090390079636, -37.47665940288907649, 3.000000000000000000 ) ) ;
#3356 = EDGE_CURVE ( 'NONE', #1706, #583, #1866, .T. ) ;
#3357 = DIRECTION ( 'NONE',  ( -0.000000000000000000, 0.000000000000000000, 1.000000000000000000 ) ) ;
#3358 = ORIENTED_EDGE ( 'NONE', *, *, #2131, .F. ) ;
#3359 = ORIENTED_EDGE ( 'NONE', *, *, #1618, .T. ) ;
#3360 = CARTESIAN_POINT ( 'NONE',  ( 56.88982074412285073, 49.17619643385206274, -6.000000000000000000 ) ) ;
#3361 = CARTESIAN_POINT ( 'NONE',  ( 25.00000000000000355, 50.38603984149722947, 0.000000000000000000 ) ) ;
#3362 = FACE_OUTER_BOUND ( 'NONE', #1849, .T. ) ;
#3363 = VERTEX_POINT ( 'NONE', #582 ) ;
#3364 = ORIENTED_EDGE ( 'NONE', *, *, #1022, .T. ) ;
#3365 = CIRCLE ( 'NONE', #1695, 5.000000000000000888 ) ;
#3366 = ORIENTED_EDGE ( 'NONE', *, *, #689, .F. ) ;
#3367 = CARTESIAN_POINT ( 'NONE',  ( 68.88982074412285783, 61.17619643385206984, -6.000000000000000000 ) ) ;
#3368 = ADVANCED_FACE ( 'NONE', ( #2133 ), #3252, .F. ) ;
#3369 = DIRECTION ( 'NONE',  ( -0.000000000000000000, -0.000000000000000000, -1.000000000000000000 ) ) ;
#3370 = LINE ( 'NONE', #956, #864 ) ;
#3371 = CARTESIAN_POINT ( 'NONE',  ( 38.55508652762876665, 51.61879502661800956, 3.000000000000000000 ) ) ;
#3372 = DIRECTION ( 'NONE',  ( -0.000000000000000000, -0.000000000000000000, -1.000000000000000000 ) ) ;
#3373 = CARTESIAN_POINT ( 'NONE',  ( 17.05324974626079637, 32.60959893234879559, -6.000000000000000000 ) ) ;
#3374 = DIRECTION ( 'NONE',  ( -0.000000000000000000, -0.000000000000000000, -1.000000000000000000 ) ) ;
#3375 = AXIS2_PLACEMENT_3D ( 'NONE', #1068, #318, #2149 ) ;
#3376 = VERTEX_POINT ( 'NONE', #2672 ) ;
#3377 = ORIENTED_EDGE ( 'NONE', *, *, #1634, .F. ) ;
#3378 = FACE_OUTER_BOUND ( 'NONE', #1485, .T. ) ;
#3379 = EDGE_CURVE ( 'NONE', #1765, #3076, #1181, .T. ) ;
#3380 = VECTOR ( 'NONE', #1145, 1000.000000000000000 ) ;
#3381 = APPROVAL_STATUS ( 'not_yet_approved' ) ;
#3382 = LINE ( 'NONE', #246, #266 ) ;
#3383 = CARTESIAN_POINT ( 'NONE',  ( -26.16295090390852351, -37.47665940288910491, -6.000000000000000000 ) ) ;
#3384 = VECTOR ( 'NONE', #327, 1000.000000000000000 ) ;
#3385 = LINE ( 'NONE', #2085, #1608 ) ;
#3386 = ORIENTED_EDGE ( 'NONE', *, *, #3178, .T. ) ;
#3387 = VERTEX_POINT ( 'NONE', #1384 ) ;
#3388 = VECTOR ( 'NONE', #2823, 1000.000000000000000 ) ;
#3389 = FACE_OUTER_BOUND ( 'NONE', #1461, .T. ) ;
#3390 = LINE ( 'NONE', #1821, #445 ) ;
#3391 = DIRECTION ( 'NONE',  ( 0.7071067811865470176, -0.7071067811865481278, -0.000000000000000000 ) ) ;
#3392 = CYLINDRICAL_SURFACE ( 'NONE', #450, 1.750000000006045386 ) ;
#3393 = CIRCLE ( 'NONE', #985, 1.750000000006041834 ) ;
#3394 = CARTESIAN_POINT ( 'NONE',  ( -49.59797974644812513, -19.89949493662079050, 3.000000000000000000 ) ) ;
#3395 = ADVANCED_FACE ( 'NONE', ( #2688, #2429, #566 ), #3224, .F. ) ;
#3396 = FACE_OUTER_BOUND ( 'NONE', #1766, .T. ) ;
#3397 = CIRCLE ( 'NONE', #1211, 1.750000000002700729 ) ;
#3398 = VERTEX_POINT ( 'NONE', #2959 ) ;
#3399 = EDGE_CURVE ( 'NONE', #2886, #944, #187, .T. ) ;
#3400 = VERTEX_POINT ( 'NONE', #1102 ) ;
#3401 = VECTOR ( 'NONE', #2710, 1000.000000000000000 ) ;
#3402 = CARTESIAN_POINT ( 'NONE',  ( 40.30508652762596711, -51.61879502661800956, 3.000000000000000000 ) ) ;
#3403 = LINE ( 'NONE', #1008, #2120 ) ;
#3404 = EDGE_CURVE ( 'NONE', #1918, #1136, #250, .T. ) ;
#3405 = VERTEX_POINT ( 'NONE', #3241 ) ;
#3406 = ORIENTED_EDGE ( 'NONE', *, *, #3088, .T. ) ;
#3407 = CARTESIAN_POINT ( 'NONE',  ( -42.52691193458264962, 26.97056274848627311, 3.000000000000000000 ) ) ;
#3408 = DIRECTION ( 'NONE',  ( -0.000000000000000000, 0.000000000000000000, 1.000000000000000000 ) ) ;
#3409 = LINE ( 'NONE', #1852, #2215 ) ;
#3410 = DIRECTION ( 'NONE',  ( -0.000000000000000000, -0.000000000000000000, -1.000000000000000000 ) ) ;
#3411 = DIRECTION ( 'NONE',  ( -1.000000000000000000, 0.000000000000000000, 0.000000000000000000 ) ) ;
#3412 = EDGE_LOOP ( 'NONE', ( #2204, #312, #3114, #43 ) ) ;
#3413 = EDGE_CURVE ( 'NONE', #1867, #648, #1859, .T. ) ;
#3414 = EDGE_CURVE ( 'NONE', #3453, #1031, #2870, .T. ) ;
#3415 = EDGE_CURVE ( 'NONE', #3076, #3167, #614, .T. ) ;
#3416 = DIRECTION ( 'NONE',  ( 1.000000000000000000, 0.000000000000000000, 0.000000000000000000 ) ) ;
#3417 = DIRECTION ( 'NONE',  ( -0.000000000000000000, -0.000000000000000000, -1.000000000000000000 ) ) ;
#3418 = ORIENTED_EDGE ( 'NONE', *, *, #3413, .F. ) ;
#3419 = AXIS2_PLACEMENT_3D ( 'NONE', #1785, #2872, #2580 ) ;
#3420 = CARTESIAN_POINT ( 'NONE',  ( -26.16295090390852351, -37.47665940288910491, -6.000000000000000000 ) ) ;
#3421 = EDGE_CURVE ( 'NONE', #1745, #439, #2373, .T. ) ;
#3422 = CARTESIAN_POINT ( 'NONE',  ( -53.36879502662492314, 40.30508652763015220, 3.000000000000000000 ) ) ;
#3423 = DIRECTION ( 'NONE',  ( -0.000000000000000000, 0.000000000000000000, 1.000000000000000000 ) ) ;
#3424 = CARTESIAN_POINT ( 'NONE',  ( -7.778174593048178487, 7.778174593048182039, 3.000000000000000000 ) ) ;
#3425 = DIRECTION ( 'NONE',  ( -0.000000000000000000, -0.000000000000000000, -1.000000000000000000 ) ) ;
#3426 = VECTOR ( 'NONE', #2184, 1000.000000000000000 ) ;
#3427 = ORIENTED_EDGE ( 'NONE', *, *, #1116, .F. ) ;
#3428 = ORIENTED_EDGE ( 'NONE', *, *, #1369, .T. ) ;
#3429 = APPROVAL_PERSON_ORGANIZATION ( #184, #2148, #1516 ) ;
#3430 = AXIS2_PLACEMENT_3D ( 'NONE', #309, #2681, #1158 ) ;
#3431 = DIRECTION ( 'NONE',  ( -0.000000000000000000, 0.000000000000000000, 1.000000000000000000 ) ) ;
#3432 = CARTESIAN_POINT ( 'NONE',  ( -22.50000000000196110, 22.49999999999779021, 3.000000000000000000 ) ) ;
#3433 = VECTOR ( 'NONE', #3101, 1000.000000000000000 ) ;
#3434 = ORIENTED_EDGE ( 'NONE', *, *, #107, .F. ) ;
#3435 = DIRECTION ( 'NONE',  ( -0.000000000000000000, -0.000000000000000000, -1.000000000000000000 ) ) ;
#3436 = LINE ( 'NONE', #512, #2901 ) ;
#3437 = DIRECTION ( 'NONE',  ( 0.000000000000000000, 1.000000000000000000, -0.000000000000000000 ) ) ;
#3438 = DIRECTION ( 'NONE',  ( -0.000000000000000000, -0.000000000000000000, -1.000000000000000000 ) ) ;
#3439 = AXIS2_PLACEMENT_3D ( 'NONE', #227, #2416, #2640 ) ;
#3440 = EDGE_CURVE ( 'NONE', #338, #2528, #1127, .T. ) ;
#3441 = PLANE ( 'NONE',  #537 ) ;
#3442 = AXIS2_PLACEMENT_3D ( 'NONE', #3257, #1897, #95 ) ;
#3443 = FACE_BOUND ( 'NONE', #206, .T. ) ;
#3444 = DIRECTION ( 'NONE',  ( -0.000000000000000000, -0.000000000000000000, -1.000000000000000000 ) ) ;
#3445 = EDGE_LOOP ( 'NONE', ( #2700, #306, #581, #737 ) ) ;
#3446 = ORIENTED_EDGE ( 'NONE', *, *, #1432, .F. ) ;
#3447 = EDGE_CURVE ( 'NONE', #1765, #2219, #2244, .T. ) ;
#3448 = VECTOR ( 'NONE', #2904, 1000.000000000000000 ) ;
#3449 = FACE_OUTER_BOUND ( 'NONE', #2063, .T. ) ;
#3450 = VECTOR ( 'NONE', #895, 1000.000000000000000 ) ;
#3451 = DIRECTION ( 'NONE',  ( -1.000000000000000000, 0.000000000000000000, 0.000000000000000000 ) ) ;
#3452 = DIRECTION ( 'NONE',  ( -0.000000000000000000, -0.000000000000000000, -1.000000000000000000 ) ) ;
#3453 = VERTEX_POINT ( 'NONE', #3009 ) ;
#3454 = PLANE ( 'NONE',  #90 ) ;
#3455 = PLANE ( 'NONE',  #2867 ) ;
#3456 = DIRECTION ( 'NONE',  ( -0.000000000000000000, -0.000000000000000000, -1.000000000000000000 ) ) ;
#3457 = CIRCLE ( 'NONE', #1002, 1.750000000000501155 ) ;
ENDSEC;
END-ISO-10303-21;
